"";"IDCNTRY";"SGENDER";"dvar";"groupvar";"refpctile";"comppctile";"val";"val_se";"cval";"cval_se";"gap";"gap_se";"gap_t";"weight";"method";"jk2type";"shortcut";"date";"time";"reps";"npv";"selcrit"
"1";"Austria";"BOY";"PVCIV";"Percentile";10;50;362,306844454078;10,6197173219189;496,269053004856;5,83184585590861;133,962208550778;11,5263772785385;11,6222300653136;"TOTWGTS";"JRR";"HALF";"N";"04-MAR-26";"13h21m";75;5;"NONE"
"2";"Austria";"BOY";"PVCIV";"Percentile";10;90;362,306844454078;10,6197173219189;625,814925010004;7,63774692988467;263,508080555925;12,4220522385678;21,212926454921;"TOTWGTS";"JRR";"HALF";"N";"04-MAR-26";"13h21m";75;5;"NONE"
"3";"Austria";"BOY";"PVCIV";"Percentile";50;90;496,269053004856;5,83184585590861;625,814925010004;7,63774692988467;129,545872005148;7,67241161750856;16,8846352963548;"TOTWGTS";"JRR";"HALF";"N";"04-MAR-26";"13h21m";75;5;"NONE"
"4";"Austria";"GIRL";"PVCIV";"Percentile";10;50;390,066674169467;9,23653287551311;515,196209628985;6,40989216763004;125,129535459518;8,41206961072385;14,875;"TOTWGTS";"JRR";"HALF";"N";"04-MAR-26";"13h21m";75;5;"NONE"
"5";"Austria";"GIRL";"PVCIV";"Percentile";10;90;390,066674169467;9,23653287551311;629,810658075098;8,43569537937399;239,74398390563;10,9275989719482;21,9393102291792;"TOTWGTS";"JRR";"HALF";"N";"04-MAR-26";"13h21m";75;5;"NONE"
"6";"Austria";"GIRL";"PVCIV";"Percentile";50;90;515,196209628985;6,40989216763004;629,810658075098;8,43569537937399;114,614448446113;8,30625320210997;13,798573876486;"TOTWGTS";"JRR";"HALF";"N";"04-MAR-26";"13h21m";75;5;"NONE"
"7";"Bulgaria";"BOY";"PVCIV";"Percentile";10;50;318,564082478314;6,59690782199578;448,951161444534;10,0175176080086;130,38707896622;9,59123504444106;13,5943992991591;"TOTWGTS";"JRR";"HALF";"N";"04-MAR-26";"13h21m";75;5;"NONE"
"8";"Bulgaria";"BOY";"PVCIV";"Percentile";10;90;318,564082478314;6,59690782199578;594,269663969789;8,79503903389134;275,705581491475;9,4542269478427;29,162149693729;"TOTWGTS";"JRR";"HALF";"N";"04-MAR-26";"13h21m";75;5;"NONE"
"9";"Bulgaria";"BOY";"PVCIV";"Percentile";50;90;448,951161444534;10,0175176080086;594,269663969789;8,79503903389134;145,318502525255;9,86626753810666;14,7288224208383;"TOTWGTS";"JRR";"HALF";"N";"04-MAR-26";"13h21m";75;5;"NONE"
"10";"Bulgaria";"GIRL";"PVCIV";"Percentile";10;50;337,280937362175;9,60505859472616;486,595172952524;8,38837730064793;149,314235590349;11,8964629311123;12,5511453660612;"TOTWGTS";"JRR";"HALF";"N";"04-MAR-26";"13h21m";75;5;"NONE"
"11";"Bulgaria";"GIRL";"PVCIV";"Percentile";10;90;337,280937362175;9,60505859472616;609,62169100936;8,16122502271831;272,340753647185;13,4986853609652;20,1753538485108;"TOTWGTS";"JRR";"HALF";"N";"04-MAR-26";"13h21m";75;5;"NONE"
"12";"Bulgaria";"GIRL";"PVCIV";"Percentile";50;90;486,595172952524;8,38837730064793;609,62169100936;8,16122502271831;123,026518056837;9,8864187920164;12,4439921719869;"TOTWGTS";"JRR";"HALF";"N";"04-MAR-26";"13h21m";75;5;"NONE"
"13";"Chile";"BOY";"PVCIV";"Percentile";10;50;364,620163597027;6,11685306166358;473,556465055902;6,41678823431172;108,936301458874;6,69671542379004;16,2671241892523;"TOTWGTS";"JRR";"HALF";"N";"04-MAR-26";"13h21m";75;5;"NONE"
"14";"Chile";"BOY";"PVCIV";"Percentile";10;90;364,620163597027;6,11685306166358;595,110870930862;6,82752300220354;230,490707333834;8,62237135099197;26,7317073170732;"TOTWGTS";"JRR";"HALF";"N";"04-MAR-26";"13h21m";75;5;"NONE"
"15";"Chile";"BOY";"PVCIV";"Percentile";50;90;473,556465055902;6,41678823431172;595,110870930862;6,82752300220354;121,55440587496;7,43231462111329;16,3548520308405;"TOTWGTS";"JRR";"HALF";"N";"04-MAR-26";"13h21m";75;5;"NONE"
"16";"Chile";"GIRL";"PVCIV";"Percentile";10;50;380,603095857403;5,18981064910002;487,436379913596;5,87340796545209;106,833284056193;5,54016375571103;19,2834162972286;"TOTWGTS";"JRR";"HALF";"N";"04-MAR-26";"13h21m";75;5;"NONE"
"17";"Chile";"GIRL";"PVCIV";"Percentile";10;90;380,603095857403;5,18981064910002;603,312638801317;8,1612250227183;222,709542943915;8,66075574322492;25,7147932059087;"TOTWGTS";"JRR";"HALF";"N";"04-MAR-26";"13h21m";75;5;"NONE"
"18";"Chile";"GIRL";"PVCIV";"Percentile";50;90;487,436379913596;5,87340796545209;603,312638801317;8,1612250227183;115,876258887721;7,94150162844913;14,591227743707;"TOTWGTS";"JRR";"HALF";"N";"04-MAR-26";"13h21m";75;5;"NONE"
"19";"Chinese Taipei";"BOY";"PVCIV";"Percentile";10;50;417,40590040432;6,63034396000892;550,526901994025;5,77851629569748;133,121001589705;8,88260380610664;14,986709358599;"TOTWGTS";"JRR";"HALF";"N";"04-MAR-26";"13h21m";75;5;"NONE"
"20";"Chinese Taipei";"BOY";"PVCIV";"Percentile";10;90;417,40590040432;6,63034396000892;668,295876544159;3,64253299064496;250,88997613984;7,6377469298844;32,8486893377124;"TOTWGTS";"JRR";"HALF";"N";"04-MAR-26";"13h21m";75;5;"NONE"
"21";"Chinese Taipei";"BOY";"PVCIV";"Percentile";50;90;550,526901994025;5,77851629569748;668,295876544159;3,64253299064496;117,768974550134;6,09512349720852;19,321835661586;"TOTWGTS";"JRR";"HALF";"N";"04-MAR-26";"13h21m";75;5;"NONE"
"22";"Chinese Taipei";"GIRL";"PVCIV";"Percentile";10;50;454,629308431773;5,06910086293791;577,445524748341;4,48095717115714;122,816216316569;5,54814095747519;22,136462872504;"TOTWGTS";"JRR";"HALF";"N";"04-MAR-26";"13h21m";75;5;"NONE"
"23";"Chinese Taipei";"GIRL";"PVCIV";"Percentile";10;90;454,629308431773;5,06910086293791;683,64790358373;5,21107174037293;229,018595151958;7,24244508742134;31,6217233803701;"TOTWGTS";"JRR";"HALF";"N";"04-MAR-26";"13h21m";75;5;"NONE"
"24";"Chinese Taipei";"GIRL";"PVCIV";"Percentile";50;90;577,445524748341;4,48095717115714;683,64790358373;5,21107174037293;106,202378835389;6,48193496278717;16,3843635342066;"TOTWGTS";"JRR";"HALF";"N";"04-MAR-26";"13h21m";75;5;"NONE"
"25";"Colombia";"BOY";"PVCIV";"Percentile";10;50;353,894774843355;6,44772926247702;460,097153678743;5,06473659104591;106,202378835389;6,23855779203943;17,0235465271967;"TOTWGTS";"JRR";"HALF";"N";"04-MAR-26";"13h21m";75;5;"NONE"
"26";"Colombia";"BOY";"PVCIV";"Percentile";10;90;353,894774843355;6,44772926247702;566,720135994669;6,32305678067578;212,825361151314;8,20985241442985;25,9231652906752;"TOTWGTS";"JRR";"HALF";"N";"04-MAR-26";"13h21m";75;5;"NONE"
"27";"Colombia";"BOY";"PVCIV";"Percentile";50;90;460,097153678743;5,06473659104591;566,720135994669;6,32305678067578;106,622982315925;6,64699895726118;16,0407701282171;"TOTWGTS";"JRR";"HALF";"N";"04-MAR-26";"13h21m";75;5;"NONE"
"28";"Colombia";"GIRL";"PVCIV";"Percentile";10;50;358,942016609789;6,99391629114386;465,144395445178;4,63618760108538;106,202378835389;7,00655210323642;15,1575806859886;"TOTWGTS";"JRR";"HALF";"N";"04-MAR-26";"13h21m";75;5;"NONE"
"29";"Colombia";"GIRL";"PVCIV";"Percentile";10;90;358,942016609789;6,99391629114386;566,720135994669;5,79380340255695;207,77811938488;8,08773575721469;25,6905177941219;"TOTWGTS";"JRR";"HALF";"N";"04-MAR-26";"13h21m";75;5;"NONE"
"30";"Colombia";"GIRL";"PVCIV";"Percentile";50;90;465,144395445178;4,63618760108538;566,720135994669;5,79380340255695;101,575740549491;6,51256648790923;15,5968834618532;"TOTWGTS";"JRR";"HALF";"N";"04-MAR-26";"13h21m";75;5;"NONE"
"31";"Cyprus";"BOY";"PVCIV";"Percentile";10;50;318,143478997595;5,38224566359398;429,182797859333;5,81285575059974;111,039318861739;6,71320576004336;16,5404313275542;"TOTWGTS";"JRR";"HALF";"N";"04-MAR-26";"13h21m";75;5;"NONE"
"32";"Cyprus";"BOY";"PVCIV";"Percentile";10;90;318,143478997595;5,38224566359398;559,569876825408;7,52104416280975;241,426397827813;8,182872873161;29,5038675988317;"TOTWGTS";"JRR";"HALF";"N";"04-MAR-26";"13h21m";75;5;"NONE"
"33";"Cyprus";"BOY";"PVCIV";"Percentile";50;90;429,182797859333;5,81285575059974;559,569876825408;7,52104416280975;130,387078966075;8,83517632942525;14,7577223254532;"TOTWGTS";"JRR";"HALF";"N";"04-MAR-26";"13h21m";75;5;"NONE"
"34";"Cyprus";"GIRL";"PVCIV";"Percentile";10;50;362,306844454078;6,09512349720859;475,238878978008;4,33037787140444;112,93203452393;6,44429870652535;17,5243326957482;"TOTWGTS";"JRR";"HALF";"N";"04-MAR-26";"13h21m";75;5;"NONE"
"35";"Cyprus";"GIRL";"PVCIV";"Percentile";10;90;362,306844454078;6,09512349720859;589,012120463087;7,25159922432218;226,705276009008;9,26044317406209;24,4810395947351;"TOTWGTS";"JRR";"HALF";"N";"04-MAR-26";"13h21m";75;5;"NONE"
"36";"Cyprus";"GIRL";"PVCIV";"Percentile";50;90;475,238878978008;4,33037787140444;589,012120463087;7,25159922432218;113,773241485079;7,39353446887461;15,3882073538769;"TOTWGTS";"JRR";"HALF";"N";"04-MAR-26";"13h21m";75;5;"NONE"
"37";"Czech Republic";"BOY";"PVCIV";"Percentile";10;50;391,118182870808;5,69758609575017;501,105993031022;5,12981082166546;109,987810160215;6,74606550491649;16,3039937990606;"TOTWGTS";"JRR";"HALF";"N";"04-MAR-26";"13h21m";75;5;"NONE"
"38";"Czech Republic";"BOY";"PVCIV";"Percentile";10;90;391,118182870808;5,69758609575017;617,192553659012;6,09149436708783;226,074370788204;8,35932884246499;27,0445600416815;"TOTWGTS";"JRR";"HALF";"N";"04-MAR-26";"13h21m";75;5;"NONE"
"39";"Czech Republic";"BOY";"PVCIV";"Percentile";50;90;501,105993031022;5,12981082166546;617,192553659012;6,09149436708783;116,086560627989;7,03489969885888;16,5015232053443;"TOTWGTS";"JRR";"HALF";"N";"04-MAR-26";"13h21m";75;5;"NONE"
"40";"Czech Republic";"GIRL";"PVCIV";"Percentile";10;50;406,680511650647;6,2243631029027;521,29496009676;6,17084222026289;114,614448446113;8,51657137667831;13,4578157543506;"TOTWGTS";"JRR";"HALF";"N";"04-MAR-26";"13h21m";75;5;"NONE"
"41";"Czech Republic";"GIRL";"PVCIV";"Percentile";10;90;406,680511650647;6,2243631029027;633,385787659655;6,81779949004961;226,705276009008;7,93593059937439;28,5669428645054;"TOTWGTS";"JRR";"HALF";"N";"04-MAR-26";"13h21m";75;5;"NONE"
"42";"Czech Republic";"GIRL";"PVCIV";"Percentile";50;90;521,29496009676;6,17084222026289;633,385787659655;6,81779949004961;112,090827562896;8,66841222586511;12,9309525945749;"TOTWGTS";"JRR";"HALF";"N";"04-MAR-26";"13h21m";75;5;"NONE"
"43";"Denmark";"BOY";"PVCIV";"Percentile";10;50;438,015470950593;8,18557482826231;575,34250734566;5,43946172806642;137,327036395067;7,83779661015441;17,5211278405911;"TOTWGTS";"JRR";"HALF";"N";"04-MAR-26";"13h21m";75;5;"NONE"
"44";"Denmark";"BOY";"PVCIV";"Percentile";10;90;438,015470950593;8,18557482826231;703,836870649468;7,5415975124828;265,821399698874;10,0769431485781;26,3791703276984;"TOTWGTS";"JRR";"HALF";"N";"04-MAR-26";"13h21m";75;5;"NONE"
"45";"Denmark";"BOY";"PVCIV";"Percentile";50;90;575,34250734566;5,43946172806642;703,836870649468;7,5415975124828;128,494363303807;8,7370186392496;14,7068889983327;"TOTWGTS";"JRR";"HALF";"N";"04-MAR-26";"13h21m";75;5;"NONE"
"46";"Denmark";"GIRL";"PVCIV";"Percentile";10;50;455,891118873382;6,09512349720852;583,12367173558;6,16725764707628;127,232552862199;8,33283328027579;15,2688225700332;"TOTWGTS";"JRR";"HALF";"N";"04-MAR-26";"13h21m";75;5;"NONE"
"47";"Denmark";"GIRL";"PVCIV";"Percentile";10;90;455,891118873382;6,09512349720852;702,785361948127;8,38837730064787;246,894243074746;9,18130288441453;26,890981180226;"TOTWGTS";"JRR";"HALF";"N";"04-MAR-26";"13h21m";75;5;"NONE"
"48";"Denmark";"GIRL";"PVCIV";"Percentile";50;90;583,12367173558;6,16725764707628;702,785361948127;8,38837730064787;119,661690212547;8,96191434231427;13,3522465894989;"TOTWGTS";"JRR";"HALF";"N";"04-MAR-26";"13h21m";75;5;"NONE"
"49";"Dominican Republic";"BOY";"PVCIV";"Percentile";10;50;292,696968425338;6,00741930609048;362,727447934615;5,92588361648066;70,0304795092762;7,14407114617418;9,80260107666751;"TOTWGTS";"JRR";"HALF";"N";"04-MAR-26";"13h21m";75;5;"NONE"
"50";"Dominican Republic";"BOY";"PVCIV";"Percentile";10;90;292,696968425338;6,00741930609048;447,689351002926;6,13490223946408;154,992382577587;7,66664505403509;20,2164547184837;"TOTWGTS";"JRR";"HALF";"N";"04-MAR-26";"13h21m";75;5;"NONE"
"51";"Dominican Republic";"BOY";"PVCIV";"Percentile";50;90;362,727447934615;5,92588361648066;447,689351002926;6,13490223946408;84,9619030683112;6,88236342537472;12,3448730933132;"TOTWGTS";"JRR";"HALF";"N";"04-MAR-26";"13h21m";75;5;"NONE"
"52";"Dominican Republic";"GIRL";"PVCIV";"Percentile";10;50;308,469598945446;4,98108894915982;388,384260247322;4,80022647809981;79,9146613018768;5,2364711032402;15,2611672491475;"TOTWGTS";"JRR";"HALF";"N";"04-MAR-26";"13h21m";75;5;"NONE"
"53";"Dominican Republic";"GIRL";"PVCIV";"Percentile";10;90;308,469598945446;4,98108894915982;482,809741627698;5,92588361648062;174,340142682252;7,81519296796118;22,3078487501165;"TOTWGTS";"JRR";"HALF";"N";"04-MAR-26";"13h21m";75;5;"NONE"
"54";"Dominican Republic";"GIRL";"PVCIV";"Percentile";50;90;388,384260247322;4,80022647809981;482,809741627698;5,92588361648062;94,4254813803755;6,29501647940431;15,0000372023348;"TOTWGTS";"JRR";"HALF";"N";"04-MAR-26";"13h21m";75;5;"NONE"
"55";"Estonia";"BOY";"PVCIV";"Percentile";10;50;384,809130662765;9,18852562282103;508,887157420942;7,75269314776178;124,078026758177;10,0857171538525;12,3023504293675;"TOTWGTS";"JRR";"HALF";"N";"04-MAR-26";"13h21m";75;5;"NONE"
"56";"Estonia";"BOY";"PVCIV";"Percentile";10;90;384,809130662765;9,18852562282103;634,016692879954;10,1817322030062;249,207562217189;11,8778601626536;20,980846617537;"TOTWGTS";"JRR";"HALF";"N";"04-MAR-26";"13h21m";75;5;"NONE"
"57";"Estonia";"BOY";"PVCIV";"Percentile";50;90;508,887157420942;7,75269314776178;634,016692879954;10,1817322030062;125,129535459012;11,1974568635887;11,174817369996;"TOTWGTS";"JRR";"HALF";"N";"04-MAR-26";"13h21m";75;5;"NONE"
"58";"Estonia";"GIRL";"PVCIV";"Percentile";10;50;430,024004820406;8,30359051466988;546,110565448395;6,46827438919851;116,08656062799;8,00528981484978;14,5012314747993;"TOTWGTS";"JRR";"HALF";"N";"04-MAR-26";"13h21m";75;5;"NONE"
"59";"Estonia";"GIRL";"PVCIV";"Percentile";10;90;430,024004820406;8,30359051466988;646,424495556277;9,58200826503408;216,400490735872;11,443584221085;18,9102021320514;"TOTWGTS";"JRR";"HALF";"N";"04-MAR-26";"13h21m";75;5;"NONE"
"60";"Estonia";"GIRL";"PVCIV";"Percentile";50;90;546,110565448395;6,46827438919851;646,424495556277;9,58200826503408;100,313930107882;9,39086167449054;10,6820794070874;"TOTWGTS";"JRR";"HALF";"N";"04-MAR-26";"13h21m";75;5;"NONE"
"61";"Finland";"BOY";"PVCIV";"Percentile";10;50;445,796635340513;6,54643341668093;566,299532514132;5,83563646135005;120,502897173619;7,60873905094433;15,8374332943727;"TOTWGTS";"JRR";"HALF";"N";"04-MAR-26";"13h21m";75;5;"NONE"
"62";"Finland";"BOY";"PVCIV";"Percentile";10;90;445,796635340513;6,54643341668093;676,707946154883;6,43055818202479;230,91131081437;7,06626365150671;32,6779925293524;"TOTWGTS";"JRR";"HALF";"N";"04-MAR-26";"13h21m";75;5;"NONE"
"63";"Finland";"BOY";"PVCIV";"Percentile";50;90;566,299532514132;5,83563646135005;676,707946154883;6,43055818202479;110,408413640751;7,96652305038402;13,8590465303968;"TOTWGTS";"JRR";"HALF";"N";"04-MAR-26";"13h21m";75;5;"NONE"
"64";"Finland";"GIRL";"PVCIV";"Percentile";10;50;493,955733861907;7,78684614634653;591,746043086572;4,73062066875517;97,7903092246651;7,61164481352911;12,8474609128963;"TOTWGTS";"JRR";"HALF";"N";"04-MAR-26";"13h21m";75;5;"NONE"
"65";"Finland";"GIRL";"PVCIV";"Percentile";10;90;493,955733861907;7,78684614634653;689,115748830701;5,42725192203363;195,160014968794;8,19637374434079;23,8105314686928;"TOTWGTS";"JRR";"HALF";"N";"04-MAR-26";"13h21m";75;5;"NONE"
"66";"Finland";"GIRL";"PVCIV";"Percentile";50;90;591,746043086572;4,73062066875517;689,115748830701;5,42725192203363;97,3697057441289;5,63906774113306;17,2669863555433;"TOTWGTS";"JRR";"HALF";"N";"04-MAR-26";"13h21m";75;5;"NONE"
"67";"Greece";"BOY";"PVCIV";"Percentile";10;50;332,443997336009;6,54643341668085;457,783834535794;7,84343734252195;125,339837199786;8,44093656990863;14,8490438426719;"TOTWGTS";"JRR";"HALF";"N";"04-MAR-26";"13h21m";75;5;"NONE"
"68";"Greece";"BOY";"PVCIV";"Percentile";10;90;332,443997336009;6,54643341668085;595,32117267113;6,82752300220354;262,877175335121;8,97177886301356;29,3004519336561;"TOTWGTS";"JRR";"HALF";"N";"04-MAR-26";"13h21m";75;5;"NONE"
"69";"Greece";"BOY";"PVCIV";"Percentile";50;90;457,783834535794;7,84343734252195;595,32117267113;6,82752300220354;137,537338135335;7,92756671399626;17,3492501668275;"TOTWGTS";"JRR";"HALF";"N";"04-MAR-26";"13h21m";75;5;"NONE"
"70";"Greece";"GIRL";"PVCIV";"Percentile";10;50;364,409861856759;9,17889404195302;496,89995822566;8,69642832151461;132,490096368901;9,84158219454276;13,4622760598766;"TOTWGTS";"JRR";"HALF";"N";"04-MAR-26";"13h21m";75;5;"NONE"
"71";"Greece";"GIRL";"PVCIV";"Percentile";10;90;364,409861856759;9,17889404195302;612,355613632845;6,60360859321269;247,945751776086;10,7459867921477;23,0733348711414;"TOTWGTS";"JRR";"HALF";"N";"04-MAR-26";"13h21m";75;5;"NONE"
"72";"Greece";"GIRL";"PVCIV";"Percentile";50;90;496,89995822566;8,69642832151461;612,355613632845;6,60360859321269;115,455655407185;7,99699847154269;14,4373736993991;"TOTWGTS";"JRR";"HALF";"N";"04-MAR-26";"13h21m";75;5;"NONE"
"73";"Guatemala";"BOY";"PVCIV";"Percentile";10;50;337,070635621907;5,98529245629928;430,865211781478;5,1983255205339;93,7945761595712;5,66645151243797;16,5526125042613;"TOTWGTS";"JRR";"HALF";"N";"04-MAR-26";"13h21m";75;5;"NONE"
"74";"Guatemala";"BOY";"PVCIV";"Percentile";10;90;337,070635621907;5,98529245629928;535,805780175258;9,80782023502382;198,735144553352;10,5779893911022;18,7876105000181;"TOTWGTS";"JRR";"HALF";"N";"04-MAR-26";"13h21m";75;5;"NONE"
"75";"Guatemala";"BOY";"PVCIV";"Percentile";50;90;430,865211781478;5,1983255205339;535,805780175258;9,80782023502382;104,94056839378;8,99885053817295;11,6615525448083;"TOTWGTS";"JRR";"HALF";"N";"04-MAR-26";"13h21m";75;5;"NONE"
"76";"Guatemala";"GIRL";"PVCIV";"Percentile";10;50;340,435463466196;7,37856475423922;433,388832664695;6,21725360531946;92,9533691984988;9,01848798768704;10,3069793213018;"TOTWGTS";"JRR";"HALF";"N";"04-MAR-26";"13h21m";75;5;"NONE"
"77";"Guatemala";"GIRL";"PVCIV";"Percentile";10;90;340,435463466196;7,37856475423922;533,282159292041;10,2466811862447;192,846695825845;11,7260901187474;16,4459503443117;"TOTWGTS";"JRR";"HALF";"N";"04-MAR-26";"13h21m";75;5;"NONE"
"78";"Guatemala";"GIRL";"PVCIV";"Percentile";50;90;433,388832664695;6,21725360531946;533,282159292041;10,2466811862447;99,893326627346;10,0197248389726;9,96966765382643;"TOTWGTS";"JRR";"HALF";"N";"04-MAR-26";"13h21m";75;5;"NONE"
"79";"Hong Kong, SAR";"BOY";"PVCIV";"Percentile";10;50;397,847838559387;19,3957043591601;550,737203734293;8,53213624764583;152,889365174906;16,3292225655342;9,36292983706444;"TOTWGTS";"JRR";"HALF";"N";"04-MAR-26";"13h21m";75;5;"NONE"
"80";"Hong Kong, SAR";"BOY";"PVCIV";"Percentile";10;90;397,847838559387;19,3957043591601;671,029799167645;10,5549687122563;273,181960608258;19,7347762637123;13,8426682399525;"TOTWGTS";"JRR";"HALF";"N";"04-MAR-26";"13h21m";75;5;"NONE"
"81";"Hong Kong, SAR";"BOY";"PVCIV";"Percentile";50;90;550,737203734293;8,53213624764583;671,029799167645;10,5549687122563;120,292595433351;9,60045295621303;12,5298874940586;"TOTWGTS";"JRR";"HALF";"N";"04-MAR-26";"13h21m";75;5;"NONE"
"82";"Hong Kong, SAR";"GIRL";"PVCIV";"Percentile";10;50;450,843877106947;12,0827455195111;568,402549916813;7,78400578654153;117,558672809866;10,4009041200102;11,3027359403973;"TOTWGTS";"JRR";"HALF";"N";"04-MAR-26";"13h21m";75;5;"NONE"
"83";"Hong Kong, SAR";"GIRL";"PVCIV";"Percentile";10;90;450,843877106947;12,0827455195111;672,501911349521;8,33283328027565;221,658034242574;12,7332450421952;17,4078197276536;"TOTWGTS";"JRR";"HALF";"N";"04-MAR-26";"13h21m";75;5;"NONE"
"84";"Hong Kong, SAR";"GIRL";"PVCIV";"Percentile";50;90;568,402549916813;7,78400578654153;672,501911349521;8,33283328027565;104,099361432708;8,2394278750577;12,6342948820314;"TOTWGTS";"JRR";"HALF";"N";"04-MAR-26";"13h21m";75;5;"NONE"
"85";"Indonesia";"BOY";"PVCIV";"Percentile";10;50;339,594256505124;5,23224643849178;419,088314326464;5,50412327645883;79,4940578213405;6,21725360531933;12,7860407291939;"TOTWGTS";"JRR";"HALF";"N";"04-MAR-26";"13h21m";75;5;"NONE"
"86";"Indonesia";"BOY";"PVCIV";"Percentile";10;90;339,594256505124;5,23224643849178;513,934399187376;6,13490223946413;174,340142682252;7,843437342522;22,2275177411176;"TOTWGTS";"JRR";"HALF";"N";"04-MAR-26";"13h21m";75;5;"NONE"
"87";"Indonesia";"BOY";"PVCIV";"Percentile";50;90;419,088314326464;5,50412327645883;513,934399187376;6,13490223946413;94,8460848609118;6,89840999279795;13,7489776571605;"TOTWGTS";"JRR";"HALF";"N";"04-MAR-26";"13h21m";75;5;"NONE"
"88";"Indonesia";"GIRL";"PVCIV";"Percentile";10;50;353,053567882282;7,64353529519438;440,53909183381;4,48095717115714;87,4855239515283;7,57086264965146;11,5555555555556;"TOTWGTS";"JRR";"HALF";"N";"04-MAR-26";"13h21m";75;5;"NONE"
"89";"Indonesia";"GIRL";"PVCIV";"Percentile";10;90;353,053567882282;7,64353529519438;533,282159292041;7,11305028254402;180,228591409759;9,04297483152813;19,9302325581396;"TOTWGTS";"JRR";"HALF";"N";"04-MAR-26";"13h21m";75;5;"NONE"
"90";"Indonesia";"GIRL";"PVCIV";"Percentile";50;90;440,53909183381;4,48095717115714;533,282159292041;7,11305028254402;92,7430674582307;7,21184737946615;12,8598211496117;"TOTWGTS";"JRR";"HALF";"N";"04-MAR-26";"13h21m";75;5;"NONE"
"91";"Ireland";"BOY";"PVCIV";"Percentile";10;50;384,388527182229;9,35783668805904;528,445219265875;9,83034109185132;144,056692083646;8,95944651510452;16,078749043346;"TOTWGTS";"JRR";"HALF";"N";"04-MAR-26";"13h21m";75;5;"NONE"
"92";"Ireland";"BOY";"PVCIV";"Percentile";10;90;384,388527182229;9,35783668805904;655,677772128073;8,41206961072388;271,289244945845;11,4513111524741;23,6906709924857;"TOTWGTS";"JRR";"HALF";"N";"04-MAR-26";"13h21m";75;5;"NONE"
"93";"Ireland";"BOY";"PVCIV";"Percentile";50;90;528,445219265875;9,83034109185132;655,677772128073;8,41206961072388;127,232552862199;10,1839038436008;12,4934951091616;"TOTWGTS";"JRR";"HALF";"N";"04-MAR-26";"13h21m";75;5;"NONE"
"94";"Ireland";"GIRL";"PVCIV";"Percentile";10;50;411,517451676813;7,30325593714942;550,106298513489;6,25272025701248;138,588846836676;7,92756671399632;17,4818896940966;"TOTWGTS";"JRR";"HALF";"N";"04-MAR-26";"13h21m";75;5;"NONE"
"95";"Ireland";"GIRL";"PVCIV";"Percentile";10;90;411,517451676813;7,30325593714942;668,716480024696;7,97761849176422;257,199028347882;10,5967872940769;24,2714155913694;"TOTWGTS";"JRR";"HALF";"N";"04-MAR-26";"13h21m";75;5;"NONE"
"96";"Ireland";"GIRL";"PVCIV";"Percentile";50;90;550,106298513489;6,25272025701248;668,716480024696;7,97761849176422;118,610181511207;7,62905614732807;15,5471632690431;"TOTWGTS";"JRR";"HALF";"N";"04-MAR-26";"13h21m";75;5;"NONE"
"97";"Italy";"BOY";"PVCIV";"Percentile";10;50;404,787795988234;7,56501867915528;522,977374018904;6,80156274468891;118,18957803067;7,83779661015442;15,0794392747507;"TOTWGTS";"JRR";"HALF";"N";"04-MAR-26";"13h21m";75;5;"NONE"
"98";"Italy";"BOY";"PVCIV";"Percentile";10;90;404,787795988234;7,56501867915528;638,012425945553;5,9146780277814;233,224629957319;9,0111289592537;25,8818435527789;"TOTWGTS";"JRR";"HALF";"N";"04-MAR-26";"13h21m";75;5;"NONE"
"99";"Italy";"BOY";"PVCIV";"Percentile";50;90;522,977374018904;6,80156274468891;638,012425945553;5,9146780277814;115,035051926649;7,88000368233868;14,5983500216472;"TOTWGTS";"JRR";"HALF";"N";"04-MAR-26";"13h21m";75;5;"NONE"
"100";"Italy";"GIRL";"PVCIV";"Percentile";10;50;427,710685677456;5,9333422520526;544,848755006787;5,50010420087625;117,13806932933;6,055083434988;19,3454096193742;"TOTWGTS";"JRR";"HALF";"N";"04-MAR-26";"13h21m";75;5;"NONE"
"101";"Italy";"GIRL";"PVCIV";"Percentile";10;90;427,710685677456;5,9333422520526;645,583288595205;5,71695910675288;217,872602917748;7,36356460708414;29,5879257592367;"TOTWGTS";"JRR";"HALF";"N";"04-MAR-26";"13h21m";75;5;"NONE"
"102";"Italy";"GIRL";"PVCIV";"Percentile";50;90;544,848755006787;5,50010420087625;645,583288595205;5,71695910675288;100,734533588418;7,42338333658571;13,5698951570983;"TOTWGTS";"JRR";"HALF";"N";"04-MAR-26";"13h21m";75;5;"NONE"
"103";"Korea, Republic of";"BOY";"PVCIV";"Percentile";10;50;443,273014457296;5,27853178778607;562,303799449038;4,49081627476165;119,030784991743;6,50237201285496;18,3057482340941;"TOTWGTS";"JRR";"HALF";"N";"04-MAR-26";"13h21m";75;5;"NONE"
"104";"Korea, Republic of";"BOY";"PVCIV";"Percentile";10;90;443,273014457296;5,27853178778607;654,626263426733;4,23224088323373;211,353248969437;5,75935035137148;36,697411352846;"TOTWGTS";"JRR";"HALF";"N";"04-MAR-26";"13h21m";75;5;"NONE"
"105";"Korea, Republic of";"BOY";"PVCIV";"Percentile";50;90;562,303799449038;4,49081627476165;654,626263426733;4,23224088323373;92,3224639776945;6,15289847125566;15,0047110981914;"TOTWGTS";"JRR";"HALF";"N";"04-MAR-26";"13h21m";75;5;"NONE"
"106";"Korea, Republic of";"GIRL";"PVCIV";"Percentile";10;50;477,972801601493;5,23647110311357;580,600050852363;2,29412114179163;102,627249250869;5,59971577568851;18,3272246953018;"TOTWGTS";"JRR";"HALF";"N";"04-MAR-26";"13h21m";75;5;"NONE"
"107";"Korea, Republic of";"GIRL";"PVCIV";"Percentile";10;90;477,972801601493;5,23647110311357;674,81523049247;4,02330918986894;196,842428890977;6,99391629106757;28,1448076726881;"TOTWGTS";"JRR";"HALF";"N";"04-MAR-26";"13h21m";75;5;"NONE"
"108";"Korea, Republic of";"GIRL";"PVCIV";"Percentile";50;90;580,600050852363;2,29412114179163;674,81523049247;4,02330918986894;94,2151796401073;4,48095717115727;21,0256817999836;"TOTWGTS";"JRR";"HALF";"N";"04-MAR-26";"13h21m";75;5;"NONE"
"109";"Latvia";"BOY";"PVCIV";"Percentile";10;50;361,255335752738;6,23855779203942;464,092886743837;6,34749043365711;102,837550991099;7,70117966600433;13,3534803044604;"TOTWGTS";"JRR";"HALF";"N";"04-MAR-26";"13h21m";75;5;"NONE"
"110";"Latvia";"BOY";"PVCIV";"Percentile";10;90;361,255335752738;6,23855779203942;576,394016047001;6,58012603972251;215,138680294263;7,94985085272297;27,0619769200543;"TOTWGTS";"JRR";"HALF";"N";"04-MAR-26";"13h21m";75;5;"NONE"
"111";"Latvia";"BOY";"PVCIV";"Percentile";50;90;464,092886743837;6,34749043365711;576,394016047001;6,58012603972251;112,301129303164;8,78749288146471;12,7796552233958;"TOTWGTS";"JRR";"HALF";"N";"04-MAR-26";"13h21m";75;5;"NONE"
"112";"Latvia";"GIRL";"PVCIV";"Percentile";10;50;396,37572637751;9,53110131628788;496,89995822566;5,32025996115467;100,52423184815;9,79428286433341;10,2635622475451;"TOTWGTS";"JRR";"HALF";"N";"04-MAR-26";"13h21m";75;5;"NONE"
"113";"Latvia";"GIRL";"PVCIV";"Percentile";10;90;396,37572637751;9,53110131628788;594,479965710057;6,48534561020151;198,104239332547;10,9154504421432;18,148975196451;"TOTWGTS";"JRR";"HALF";"N";"04-MAR-26";"13h21m";75;5;"NONE"
"114";"Latvia";"GIRL";"PVCIV";"Percentile";50;90;496,89995822566;5,32025996115467;594,479965710057;6,48534561020151;97,580007484397;7,0411836658991;13,8584664332764;"TOTWGTS";"JRR";"HALF";"N";"04-MAR-26";"13h21m";75;5;"NONE"
"115";"Liechtenstein";"BOY";"PVCIV";"Percentile";10;50;407,521718611719;14,2400835210206;521,29496009676;9,19333762923772;113,77324148504;15,8857875505927;7,16195159495227;"TOTWGTS";"JRR";"HALF";"N";"04-MAR-26";"13h21m";75;5;"NONE"
"116";"Liechtenstein";"BOY";"PVCIV";"Percentile";10;90;407,521718611719;14,2400835210206;650,420228621371;40,9386787545255;242,898510009652;41,7145575310099;5,82287154380303;"TOTWGTS";"JRR";"HALF";"N";"04-MAR-26";"13h21m";75;5;"NONE"
"117";"Liechtenstein";"BOY";"PVCIV";"Percentile";50;90;521,29496009676;9,19333762923772;650,420228621371;40,9386787545255;129,125268524611;40,5648017107928;3,1831850047046;"TOTWGTS";"JRR";"HALF";"N";"04-MAR-26";"13h21m";75;5;"NONE"
"118";"Liechtenstein";"GIRL";"PVCIV";"Percentile";10;50;401,633269884213;11,8853047642696;561,672894228234;16,6111752205294;160,039624344022;20,6278029386345;7,75844256512061;"TOTWGTS";"JRR";"HALF";"N";"04-MAR-26";"13h21m";75;5;"NONE"
"119";"Liechtenstein";"GIRL";"PVCIV";"Percentile";10;90;401,633269884213;11,8853047642696;645,162685114669;26,0935226473145;243,529415230456;28,2298265132726;8,62667062852681;"TOTWGTS";"JRR";"HALF";"N";"04-MAR-26";"13h21m";75;5;"NONE"
"120";"Liechtenstein";"GIRL";"PVCIV";"Percentile";50;90;561,672894228234;16,6111752205294;645,162685114669;26,0935226473145;83,4897908864344;27,1150638634324;3,07909254084514;"TOTWGTS";"JRR";"HALF";"N";"04-MAR-26";"13h21m";75;5;"NONE"
"121";"Lithuania";"BOY";"PVCIV";"Percentile";10;50;386,701846325178;3,85489457423797;487,856983394132;5,31610188317584;101,155137068955;6,06238311628235;16,6857051309199;"TOTWGTS";"JRR";"HALF";"N";"04-MAR-26";"13h21m";75;5;"NONE"
"122";"Lithuania";"BOY";"PVCIV";"Percentile";10;90;386,701846325178;3,85489457423797;593,638758748985;6,22080936975375;206,936912423807;7,46793294635771;27,7100656781788;"TOTWGTS";"JRR";"HALF";"N";"04-MAR-26";"13h21m";75;5;"NONE"
"123";"Lithuania";"BOY";"PVCIV";"Percentile";50;90;487,856983394132;5,31610188317584;593,638758748985;6,22080936975375;105,781775354853;6,32305678067578;16,7295311467292;"TOTWGTS";"JRR";"HALF";"N";"04-MAR-26";"13h21m";75;5;"NONE"
"124";"Lithuania";"GIRL";"PVCIV";"Percentile";10;50;423,714952612363;5,35753744288396;524,449486200781;5,32441479190204;100,734533588418;7,16570584766887;14,0578661376659;"TOTWGTS";"JRR";"HALF";"N";"04-MAR-26";"13h21m";75;5;"NONE"
"125";"Lithuania";"GIRL";"PVCIV";"Percentile";10;90;423,714952612363;5,35753744288396;618,454364100621;8,19637374434079;194,739411488258;8,8126215941336;22,0977843435252;"TOTWGTS";"JRR";"HALF";"N";"04-MAR-26";"13h21m";75;5;"NONE"
"126";"Lithuania";"GIRL";"PVCIV";"Percentile";50;90;524,449486200781;5,32441479190204;618,454364100621;8,19637374434079;94,0048778998393;8,68115802295293;10,8286103825424;"TOTWGTS";"JRR";"HALF";"N";"04-MAR-26";"13h21m";75;5;"NONE"
"127";"Luxembourg";"BOY";"PVCIV";"Percentile";10;50;338,332446063515;6,75261826557252;467,247412847859;6,24210142072161;128,914966784343;7,79536101619106;16,5373953196761;"TOTWGTS";"JRR";"HALF";"N";"04-MAR-26";"13h21m";75;5;"NONE"
"128";"Luxembourg";"BOY";"PVCIV";"Percentile";10;90;338,332446063515;6,75261826557252;601,419923138905;4,81402687019192;263,087477075389;7,72984064956557;34,0353040900235;"TOTWGTS";"JRR";"HALF";"N";"04-MAR-26";"13h21m";75;5;"NONE"
"129";"Luxembourg";"BOY";"PVCIV";"Percentile";50;90;467,247412847859;6,24210142072161;601,419923138905;4,81402687019192;134,172510291046;7,37256835767439;18,1988831817857;"TOTWGTS";"JRR";"HALF";"N";"04-MAR-26";"13h21m";75;5;"NONE"
"130";"Luxembourg";"GIRL";"PVCIV";"Percentile";10;50;359,783223570861;7,32743897000754;479,444913783408;4,72126235957035;119,661690212547;7,57086264965683;15,8055555555444;"TOTWGTS";"JRR";"HALF";"N";"04-MAR-26";"13h21m";75;5;"NONE"
"131";"Luxembourg";"GIRL";"PVCIV";"Percentile";10;90;359,783223570861;7,32743897000754;597,213888333543;4,27900739557119;237,430664762681;8,57092476196187;27,7018724766327;"TOTWGTS";"JRR";"HALF";"N";"04-MAR-26";"13h21m";75;5;"NONE"
"132";"Luxembourg";"GIRL";"PVCIV";"Percentile";50;90;479,444913783408;4,72126235957035;597,213888333543;4,27900739557119;117,768974550134;6,16725764708271;19,095841505153;"TOTWGTS";"JRR";"HALF";"N";"04-MAR-26";"13h21m";75;5;"NONE"
"133";"Malta";"BOY";"PVCIV";"Percentile";10;50;351,581455700405;8,45402533039855;471,243145912953;5,73626668993724;119,661690212547;9,94440415017863;12,0330678847558;"TOTWGTS";"JRR";"HALF";"N";"04-MAR-26";"13h21m";75;5;"NONE"
"134";"Malta";"BOY";"PVCIV";"Percentile";10;90;351,581455700405;8,45402533039855;596,162379632202;5,47996460852598;244,580923931797;10,1708670507459;24,0472048952661;"TOTWGTS";"JRR";"HALF";"N";"04-MAR-26";"13h21m";75;5;"NONE"
"135";"Malta";"BOY";"PVCIV";"Percentile";50;90;471,243145912953;5,73626668993724;596,162379632202;5,47996460852598;124,91923371925;6,76897241465366;18,4546820502357;"TOTWGTS";"JRR";"HALF";"N";"04-MAR-26";"13h21m";75;5;"NONE"
"136";"Malta";"GIRL";"PVCIV";"Percentile";10;50;375,976457571505;16,5591755878938;516,87862355113;10,2164230445447;140,902165979625;17,5005926205814;8,05127969288986;"TOTWGTS";"JRR";"HALF";"N";"04-MAR-26";"13h21m";75;5;"NONE"
"137";"Malta";"GIRL";"PVCIV";"Percentile";10;90;375,976457571505;16,5591755878938;618,874967581157;10,3774906153698;242,898510009652;19,0029471741013;12,7821494099974;"TOTWGTS";"JRR";"HALF";"N";"04-MAR-26";"13h21m";75;5;"NONE"
"138";"Malta";"GIRL";"PVCIV";"Percentile";50;90;516,87862355113;10,2164230445447;618,874967581157;10,3774906153698;101,996344030027;9,95329499160595;10,2474953385833;"TOTWGTS";"JRR";"HALF";"N";"04-MAR-26";"13h21m";75;5;"NONE"
"139";"Mexico";"BOY";"PVCIV";"Percentile";10;50;336,860333881639;5,30360808944504;432,547625703623;5,40684097375;95,6872918219841;6,94314308769249;13,7815526215498;"TOTWGTS";"JRR";"HALF";"N";"04-MAR-26";"13h21m";75;5;"NONE"
"140";"Mexico";"BOY";"PVCIV";"Percentile";10;90;336,860333881639;5,30360808944504;553,050522877242;7,05059911522275;216,190188995604;8,06034747745351;26,8214477850159;"TOTWGTS";"JRR";"HALF";"N";"04-MAR-26";"13h21m";75;5;"NONE"
"141";"Mexico";"BOY";"PVCIV";"Percentile";50;90;432,547625703623;5,40684097375;553,050522877242;7,05059911522275;120,50289717362;7,72411696049627;15,6008638644277;"TOTWGTS";"JRR";"HALF";"N";"04-MAR-26";"13h21m";75;5;"NONE"
"142";"Mexico";"GIRL";"PVCIV";"Percentile";10;50;358,521413129253;7,00339528753068;463,041378042497;5,2406923623725;104,519964913244;7,50632874158681;13,9242455948111;"TOTWGTS";"JRR";"HALF";"N";"04-MAR-26";"13h21m";75;5;"NONE"
"143";"Mexico";"GIRL";"PVCIV";"Percentile";10;90;358,521413129253;7,00339528753068;569,033455137618;5,8318458559086;210,512042008365;8,30891503622656;25,3356835508054;"TOTWGTS";"JRR";"HALF";"N";"04-MAR-26";"13h21m";75;5;"NONE"
"144";"Mexico";"GIRL";"PVCIV";"Percentile";50;90;463,041378042497;5,2406923623725;569,033455137618;5,8318458559086;105,992077095121;6,15289847125565;17,2263653610216;"TOTWGTS";"JRR";"HALF";"N";"04-MAR-26";"13h21m";75;5;"NONE"
"145";"Netherlands";"BOY";"PVCIV";"Percentile";10;50;367,143784480245;15,488262727301;489,749699056545;17,5207982473089;122,6059145763;14,4619722392157;8,47781426684229;"TOTWGTS";"JRR";"HALF";"N";"04-MAR-26";"13h21m";75;5;"NONE"
"146";"Netherlands";"BOY";"PVCIV";"Percentile";10;90;367,143784480245;15,488262727301;613,617424074454;13,5150573322475;246,47363959421;17,5498030794645;14,0442396121593;"TOTWGTS";"JRR";"HALF";"N";"04-MAR-26";"13h21m";75;5;"NONE"
"147";"Netherlands";"BOY";"PVCIV";"Percentile";50;90;489,749699056545;17,5207982473089;613,617424074454;13,5150573322475;123,867725017909;16,6470798159931;7,4408080208102;"TOTWGTS";"JRR";"HALF";"N";"04-MAR-26";"13h21m";75;5;"NONE"
"148";"Netherlands";"GIRL";"PVCIV";"Percentile";10;50;385,229734143301;9,3837946760328;499,002975628341;7,71265684028009;113,77324148504;9,93327940774303;11,4537442082173;"TOTWGTS";"JRR";"HALF";"N";"04-MAR-26";"13h21m";75;5;"NONE"
"149";"Netherlands";"GIRL";"PVCIV";"Percentile";10;90;385,229734143301;9,3837946760328;604,364147502658;8,14766590881367;219,134413359357;11,4783144502237;19,0911665915449;"TOTWGTS";"JRR";"HALF";"N";"04-MAR-26";"13h21m";75;5;"NONE"
"150";"Netherlands";"GIRL";"PVCIV";"Percentile";50;90;499,002975628341;7,71265684028009;604,364147502658;8,14766590881367;105,361171874316;7,62905614732809;13,8105120528202;"TOTWGTS";"JRR";"HALF";"N";"04-MAR-26";"13h21m";75;5;"NONE"
"151";"New Zealand";"BOY";"PVCIV";"Percentile";10;50;352,002059180942;10,229401779032;499,633880849146;10,5654388752439;147,631821668204;12,1793579819766;12,1214781507099;"TOTWGTS";"JRR";"HALF";"N";"04-MAR-26";"13h21m";75;5;"NONE"
"152";"New Zealand";"BOY";"PVCIV";"Percentile";10;90;352,002059180942;10,229401779032;654,836565167001;10,8075453640411;302,834505986059;14,1074696107791;21,466252583998;"TOTWGTS";"JRR";"HALF";"N";"04-MAR-26";"13h21m";75;5;"NONE"
"153";"New Zealand";"BOY";"PVCIV";"Percentile";50;90;499,633880849146;10,5654388752439;654,836565167001;10,8075453640411;155,202684317855;10,8545038440679;14,2984595654895;"TOTWGTS";"JRR";"HALF";"N";"04-MAR-26";"13h21m";75;5;"NONE"
"154";"New Zealand";"GIRL";"PVCIV";"Percentile";10;50;399,7405542218;9,24849575161396;535,174874954454;7,94985085272294;135,434320732654;10,2294017789185;13,239710753347;"TOTWGTS";"JRR";"HALF";"N";"04-MAR-26";"13h21m";75;5;"NONE"
"155";"New Zealand";"GIRL";"PVCIV";"Percentile";10;90;399,7405542218;9,24849575161396;660,094108673704;10,2509964869989;260,353554451904;11,0863131032921;23,4842324969689;"TOTWGTS";"JRR";"HALF";"N";"04-MAR-26";"13h21m";75;5;"NONE"
"156";"New Zealand";"GIRL";"PVCIV";"Percentile";50;90;535,174874954454;7,94985085272294;660,094108673704;10,2509964869989;124,91923371925;10,8992313391357;11,4612884002842;"TOTWGTS";"JRR";"HALF";"N";"04-MAR-26";"13h21m";75;5;"NONE"
"157";"Norway";"BOY";"PVCIV";"Percentile";10;50;374,924948870164;9,69443121923891;503,839915654508;6,6303439600092;128,914966784343;8,95697800795888;14,3926854202158;"TOTWGTS";"JRR";"HALF";"N";"04-MAR-26";"13h21m";75;5;"NONE"
"158";"Norway";"BOY";"PVCIV";"Percentile";10;90;374,924948870164;9,69443121923891;634,437296360743;6,08059398184469;259,512347490579;10,715074886726;24,2193685283587;"TOTWGTS";"JRR";"HALF";"N";"04-MAR-26";"13h21m";75;5;"NONE"
"159";"Norway";"BOY";"PVCIV";"Percentile";50;90;503,839915654508;6,6303439600092;634,437296360743;6,08059398184469;130,597380706235;7,77263396881308;16,8022038899869;"TOTWGTS";"JRR";"HALF";"N";"04-MAR-26";"13h21m";75;5;"NONE"
"160";"Norway";"GIRL";"PVCIV";"Percentile";10;50;408,362925572792;7,60001509731973;529,286426226947;5,52817636967334;120,923500654156;8,33283328027582;14,5116908723455;"TOTWGTS";"JRR";"HALF";"N";"04-MAR-26";"13h21m";75;5;"NONE"
"161";"Norway";"GIRL";"PVCIV";"Percentile";10;90;408,362925572792;7,60001509731973;644,111176413328;7,76978841250603;235,748250840537;9,57046228134914;24,632901098201;"TOTWGTS";"JRR";"HALF";"N";"04-MAR-26";"13h21m";75;5;"NONE"
"162";"Norway";"GIRL";"PVCIV";"Percentile";50;90;529,286426226947;5,52817636967334;644,111176413328;7,76978841250603;114,824750186381;8,29559732445066;13,8416494551807;"TOTWGTS";"JRR";"HALF";"N";"04-MAR-26";"13h21m";75;5;"NONE"
"163";"Paraguay";"BOY";"PVCIV";"Percentile";10;50;295,641192789092;6,40989216762996;406,049606429843;6,03679561479992;110,408413640751;8,1720561157693;13,5104815821933;"TOTWGTS";"JRR";"HALF";"N";"04-MAR-26";"13h21m";75;5;"NONE"
"164";"Paraguay";"BOY";"PVCIV";"Percentile";10;90;295,641192789092;6,40989216762996;527,814314045071;6,42711846090016;232,173121255979;9,14510362576399;25,3876971499689;"TOTWGTS";"JRR";"HALF";"N";"04-MAR-26";"13h21m";75;5;"NONE"
"165";"Paraguay";"BOY";"PVCIV";"Percentile";50;90;406,049606429843;6,03679561479992;527,814314045071;6,42711846090016;121,764707615228;8,01081260944579;15,2000444339007;"TOTWGTS";"JRR";"HALF";"N";"04-MAR-26";"13h21m";75;5;"NONE"
"166";"Paraguay";"GIRL";"PVCIV";"Percentile";10;50;329,079169491719;8,48796165003693;434,650643106304;7,25769556774808;105,571473614585;9,57739154178235;11,0229881647856;"TOTWGTS";"JRR";"HALF";"N";"04-MAR-26";"13h21m";75;5;"NONE"
"167";"Paraguay";"GIRL";"PVCIV";"Percentile";10;90;329,079169491719;8,48796165003693;553,05052287761;6,47852251924793;223,971353385891;10,3668306318269;21,6046119918545;"TOTWGTS";"JRR";"HALF";"N";"04-MAR-26";"13h21m";75;5;"NONE"
"168";"Paraguay";"GIRL";"PVCIV";"Percentile";50;90;434,650643106304;7,25769556774808;553,05052287761;6,47852251924793;118,399879771306;8,88260380643327;13,3294113248139;"TOTWGTS";"JRR";"HALF";"N";"04-MAR-26";"13h21m";75;5;"NONE"
"169";"Poland";"BOY";"PVCIV";"Percentile";10;50;384,388527182229;8,69642832151456;519,191942694079;9,77620387753374;134,80341551185;10,7562710195871;12,5325417392676;"TOTWGTS";"JRR";"HALF";"N";"04-MAR-26";"13h21m";75;5;"NONE"
"170";"Poland";"BOY";"PVCIV";"Percentile";10;90;384,388527182229;8,69642832151456;657,780789530755;10,2164230445448;273,392262348526;12,1720932285822;22,4605790651154;"TOTWGTS";"JRR";"HALF";"N";"04-MAR-26";"13h21m";75;5;"NONE"
"171";"Poland";"BOY";"PVCIV";"Percentile";50;90;519,191942694079;9,77620387753374;657,780789530755;10,2164230445448;138,588846836676;11,4821668800856;12,0699209725858;"TOTWGTS";"JRR";"HALF";"N";"04-MAR-26";"13h21m";75;5;"NONE"
"172";"Poland";"GIRL";"PVCIV";"Percentile";10;50;431,496117002282;10,5066715762718;556,205048980973;6,63034395760616;124,70893197869;10,1382017247921;12,3008927385737;"TOTWGTS";"JRR";"HALF";"N";"04-MAR-26";"13h21m";75;5;"NONE"
"173";"Poland";"GIRL";"PVCIV";"Percentile";10;90;431,496117002282;10,5066715762718;669,3473852455;7,84061748359834;237,851268243218;10,5800796963081;22,4810469363682;"TOTWGTS";"JRR";"HALF";"N";"04-MAR-26";"13h21m";75;5;"NONE"
"174";"Poland";"GIRL";"PVCIV";"Percentile";50;90;556,205048980973;6,63034395760616;669,3473852455;7,84061748359834;113,142336264527;8,5786614175469;13,1888100902437;"TOTWGTS";"JRR";"HALF";"N";"04-MAR-26";"13h21m";75;5;"NONE"
"175";"Russian Federation";"BOY";"PVCIV";"Percentile";10;50;387,963656766786;4,99438961088554;494,376337342443;5,6781469872386;106,412680575657;6,57003639508602;16,1966653115114;"TOTWGTS";"JRR";"HALF";"N";"04-MAR-26";"13h21m";75;5;"NONE"
"176";"Russian Federation";"BOY";"PVCIV";"Percentile";10;90;387,963656766786;4,99438961088554;605,20535446373;6,1312966545276;217,241697696944;7,56501867915526;28,7166108783755;"TOTWGTS";"JRR";"HALF";"N";"04-MAR-26";"13h21m";75;5;"NONE"
"177";"Russian Federation";"BOY";"PVCIV";"Percentile";50;90;494,376337342443;5,6781469872386;605,20535446373;6,1312966545276;110,829017121287;6,14570630226181;18,0335687503483;"TOTWGTS";"JRR";"HALF";"N";"04-MAR-26";"13h21m";75;5;"NONE"
"178";"Russian Federation";"GIRL";"PVCIV";"Percentile";10;50;407,732020351987;6,29501647940437;515,406511369253;5,83184585590862;107,674491017266;7,09748900754351;15,1707865842166;"TOTWGTS";"JRR";"HALF";"N";"04-MAR-26";"13h21m";75;5;"NONE"
"179";"Russian Federation";"GIRL";"PVCIV";"Percentile";10;90;407,732020351987;6,29501647940437;629,179752854293;8,53213624731918;221,447732502306;9,30807951277813;23,7909154297944;"TOTWGTS";"JRR";"HALF";"N";"04-MAR-26";"13h21m";75;5;"NONE"
"180";"Russian Federation";"GIRL";"PVCIV";"Percentile";50;90;515,406511369253;5,83184585590862;629,179752854293;8,53213624731918;113,77324148504;7,33347226766252;15,5142390033616;"TOTWGTS";"JRR";"HALF";"N";"04-MAR-26";"13h21m";75;5;"NONE"
"181";"Slovak Republic";"BOY";"PVCIV";"Percentile";10;50;401,212666403745;7,71265684000238;520,453753135687;5,43946172806642;119,241086731942;8,15580408203202;14,6203961660434;"TOTWGTS";"JRR";"HALF";"N";"04-MAR-26";"13h21m";75;5;"NONE"
"182";"Slovak Republic";"BOY";"PVCIV";"Percentile";10;90;401,212666403745;7,71265684000238;637,591822465017;8,69897076537546;236,379156061272;11,5397989983592;20,4838191804625;"TOTWGTS";"JRR";"HALF";"N";"04-MAR-26";"13h21m";75;5;"NONE"
"183";"Slovak Republic";"BOY";"PVCIV";"Percentile";50;90;520,453753135687;5,43946172806642;637,591822465017;8,69897076537546;117,13806932933;8,39628216566711;13,9511830376919;"TOTWGTS";"JRR";"HALF";"N";"04-MAR-26";"13h21m";75;5;"NONE"
"184";"Slovak Republic";"GIRL";"PVCIV";"Percentile";10;50;421,82223694995;7,72411696077658;538,539702798744;9,37908038551871;116,717465848794;9,73994523104463;11,983380099179;"TOTWGTS";"JRR";"HALF";"N";"04-MAR-26";"13h21m";75;5;"NONE"
"185";"Slovak Republic";"GIRL";"PVCIV";"Percentile";10;90;421,82223694995;7,72411696077658;649,999625140835;9,06739554796465;228,177388190885;10,0307537083971;22,7477809568657;"TOTWGTS";"JRR";"HALF";"N";"04-MAR-26";"13h21m";75;5;"NONE"
"186";"Slovak Republic";"GIRL";"PVCIV";"Percentile";50;90;538,539702798744;9,37908038551871;649,999625140835;9,06739554796465;111,459922342091;10,1185519140297;11,0154025288489;"TOTWGTS";"JRR";"HALF";"N";"04-MAR-26";"13h21m";75;5;"NONE"
"187";"Slovenia";"BOY";"PVCIV";"Percentile";10;50;384,178225441961;6,27742768705245;499,21327736861;6,55318579951445;115,035051926649;7,22104030528798;15,9305372997861;"TOTWGTS";"JRR";"HALF";"N";"04-MAR-26";"13h21m";75;5;"NONE"
"188";"Slovenia";"BOY";"PVCIV";"Percentile";10;90;384,178225441961;6,27742768705245;620,347079763033;10,7212643971454;236,168854321073;10,5967872940769;22,2868354121895;"TOTWGTS";"JRR";"HALF";"N";"04-MAR-26";"13h21m";75;5;"NONE"
"189";"Slovenia";"BOY";"PVCIV";"Percentile";50;90;499,21327736861;6,55318579951445;620,347079763033;10,7212643971454;121,133802394424;10,5696240363805;11,4605592381983;"TOTWGTS";"JRR";"HALF";"N";"04-MAR-26";"13h21m";75;5;"NONE"
"190";"Slovenia";"GIRL";"PVCIV";"Percentile";10;50;427,500383937188;7,08501537926079;532,230650590701;4,88244375659635;104,730266653512;8,34344160192361;12,5524060274319;"TOTWGTS";"JRR";"HALF";"N";"04-MAR-26";"13h21m";75;5;"NONE"
"191";"Slovenia";"GIRL";"PVCIV";"Percentile";10;90;427,500383937188;7,08501537926079;634,85789984131;5,93334225177931;207,357515904121;9,27714371606992;22,3514394354952;"TOTWGTS";"JRR";"HALF";"N";"04-MAR-26";"13h21m";75;5;"NONE"
"192";"Slovenia";"GIRL";"PVCIV";"Percentile";50;90;532,230650590701;4,88244375659635;634,85789984131;5,93334225177931;102,627249250609;6,77876596580727;15,1395179842866;"TOTWGTS";"JRR";"HALF";"N";"04-MAR-26";"13h21m";75;5;"NONE"
"193";"Spain";"BOY";"PVCIV";"Percentile";10;50;378,500078454722;10,3540241660202;498,161768667269;6,36488561681741;119,661690212547;10,4115292163757;11,4931906471854;"TOTWGTS";"JRR";"HALF";"N";"04-MAR-26";"13h21m";75;5;"NONE"
"194";"Spain";"BOY";"PVCIV";"Percentile";10;90;378,500078454722;10,3540241660202;609,62169100936;5,66645151243758;231,121612554638;11,3757496919695;20,3170444861137;"TOTWGTS";"JRR";"HALF";"N";"04-MAR-26";"13h21m";75;5;"NONE"
"195";"Spain";"BOY";"PVCIV";"Percentile";50;90;498,161768667269;6,36488561681741;609,62169100936;5,66645151243758;111,459922342091;6,61698977936284;16,8445057433388;"TOTWGTS";"JRR";"HALF";"N";"04-MAR-26";"13h21m";75;5;"NONE"
"196";"Spain";"GIRL";"PVCIV";"Percentile";10;50;405,20839946877;7,25769556774812;516,87862355113;4,81861821779747;111,670224082359;7,89962314197739;14,1361457471257;"TOTWGTS";"JRR";"HALF";"N";"04-MAR-26";"13h21m";75;5;"NONE"
"197";"Spain";"GIRL";"PVCIV";"Percentile";10;90;405,20839946877;7,25769556774812;618,033760620084;5,85832858764315;212,825361151314;8,26354724715218;25,7547218870999;"TOTWGTS";"JRR";"HALF";"N";"04-MAR-26";"13h21m";75;5;"NONE"
"198";"Spain";"GIRL";"PVCIV";"Percentile";50;90;516,87862355113;4,81861821779747;618,033760620084;5,85832858764315;101,155137068955;6,8984099927979;14,6635437984351;"TOTWGTS";"JRR";"HALF";"N";"04-MAR-26";"13h21m";75;5;"NONE"
"199";"Sweden";"BOY";"PVCIV";"Percentile";10;50;394,693312455434;9,60505859480016;524,659787941049;6,51256648790923;129,966475485615;10,7727053623497;12,06442310581;"TOTWGTS";"JRR";"HALF";"N";"04-MAR-26";"13h21m";75;5;"NONE"
"200";"Sweden";"BOY";"PVCIV";"Percentile";10;90;394,693312455434;9,60505859480016;662,197126076385;7,84343734252194;267,50381362095;10,4813847248565;25,5218008539051;"TOTWGTS";"JRR";"HALF";"N";"04-MAR-26";"13h21m";75;5;"NONE"
"201";"Sweden";"BOY";"PVCIV";"Percentile";50;90;524,659787941049;6,51256648790923;662,197126076385;7,84343734252194;137,537338135335;9,07227180298126;15,1601871198501;"TOTWGTS";"JRR";"HALF";"N";"04-MAR-26";"13h21m";75;5;"NONE"
"202";"Sweden";"GIRL";"PVCIV";"Percentile";10;50;427,079780456652;7,66664505403512;549,475393292685;4,65522746601033;122,395612836032;7,62325678795908;16,055554238886;"TOTWGTS";"JRR";"HALF";"N";"04-MAR-26";"13h21m";75;5;"NONE"
"203";"Sweden";"GIRL";"PVCIV";"Percentile";10;90;427,079780456652;7,66664505403512;669,978290466304;8,43569537935681;242,898510009652;11,7562246756492;20,6612681120981;"TOTWGTS";"JRR";"HALF";"N";"04-MAR-26";"13h21m";75;5;"NONE"
"204";"Sweden";"GIRL";"PVCIV";"Percentile";50;90;549,475393292685;4,65522746601033;669,978290466304;8,43569537935681;120,502897173619;8,56576310852052;14,0679698524178;"TOTWGTS";"JRR";"HALF";"N";"04-MAR-26";"13h21m";75;5;"NONE"
"205";"Switzerland";"BOY";"PVCIV";"Percentile";10;50;411,307149936545;7,44717629290305;530,758538408824;6,20657408938111;119,451388472279;8,08773575721474;14,7694474767825;"TOTWGTS";"JRR";"HALF";"N";"04-MAR-26";"13h21m";75;5;"NONE"
"206";"Switzerland";"BOY";"PVCIV";"Percentile";10;90;411,307149936545;7,44717629290305;642,84936597172;10,2185873117111;231,542216035175;11,7204312636996;19,7554348321895;"TOTWGTS";"JRR";"HALF";"N";"04-MAR-26";"13h21m";75;5;"NONE"
"207";"Switzerland";"BOY";"PVCIV";"Percentile";50;90;530,758538408824;6,20657408938111;642,84936597172;10,2185873117111;112,090827562896;9,29619331282591;12,0577126347238;"TOTWGTS";"JRR";"HALF";"N";"04-MAR-26";"13h21m";75;5;"NONE"
"208";"Switzerland";"GIRL";"PVCIV";"Percentile";10;50;434,019737885499;7,31837969726265;537,488194097403;4,12105564540923;103,468456211904;7,9914661301877;12,9473684210526;"TOTWGTS";"JRR";"HALF";"N";"04-MAR-26";"13h21m";75;5;"NONE"
"209";"Switzerland";"GIRL";"PVCIV";"Percentile";10;90;434,019737885499;7,31837969726265;634,857899841547;5,02528758817634;200,838161956048;8,4514092001881;23,7638667349793;"TOTWGTS";"JRR";"HALF";"N";"04-MAR-26";"13h21m";75;5;"NONE"
"210";"Switzerland";"GIRL";"PVCIV";"Percentile";50;90;537,488194097403;4,12105564540923;634,857899841547;5,02528758817634;97,3697057441442;5,90719582618276;16,4832364812704;"TOTWGTS";"JRR";"HALF";"N";"04-MAR-26";"13h21m";75;5;"NONE"
"211";"Thailand";"BOY";"PVCIV";"Percentile";10;50;333,705807777617;5,50813941947877;421,82223694995;6,07331618759181;88,1164291723325;6,75261826557244;13,0492241241572;"TOTWGTS";"JRR";"HALF";"N";"04-MAR-26";"13h21m";75;5;"NONE"
"212";"Thailand";"BOY";"PVCIV";"Percentile";10;90;333,705807777617;5,50813941947877;527,604012304803;9,57046228134904;193,898204527185;10,1708670507459;19,0640781714835;"TOTWGTS";"JRR";"HALF";"N";"04-MAR-26";"13h21m";75;5;"NONE"
"213";"Thailand";"BOY";"PVCIV";"Percentile";50;90;421,82223694995;6,07331618759181;527,604012304803;9,57046228134904;105,781775354853;8,155804082218;12,9701221717044;"TOTWGTS";"JRR";"HALF";"N";"04-MAR-26";"13h21m";75;5;"NONE"
"214";"Thailand";"GIRL";"PVCIV";"Percentile";10;50;379,551587156062;7,15953117539105;476,290387679349;6,58012603974756;96,7388005232863;7,59710488660044;12,7336402441819;"TOTWGTS";"JRR";"HALF";"N";"04-MAR-26";"13h21m";75;5;"NONE"
"215";"Thailand";"GIRL";"PVCIV";"Percentile";10;90;379,551587156062;7,15953117539105;566,720135994669;7,29719765660674;187,168548838606;9,09418259464845;20,5811294077982;"TOTWGTS";"JRR";"HALF";"N";"04-MAR-26";"13h21m";75;5;"NONE"
"216";"Thailand";"GIRL";"PVCIV";"Percentile";50;90;476,290387679349;6,58012603974756;566,720135994669;7,29719765660674;90,4297483153199;6,63367830464732;13,6319164364615;"TOTWGTS";"JRR";"HALF";"N";"04-MAR-26";"13h21m";75;5;"NONE"
"217";"England";"BOY";"PVCIV";"Percentile";10;50;363,148051415151;11,4435842209921;512,251985265232;7,72411696077683;149,103933850081;11,1301090879368;13,3964485587733;"TOTWGTS";"JRR";"HALF";"N";"04-MAR-26";"13h21m";75;5;"NONE"
"218";"England";"BOY";"PVCIV";"Percentile";10;90;363,148051415151;11,4435842209921;646,214193816009;10,661281932144;283,066142400858;14,7376362638155;19,2070246092214;"TOTWGTS";"JRR";"HALF";"N";"04-MAR-26";"13h21m";75;5;"NONE"
"219";"England";"BOY";"PVCIV";"Percentile";50;90;512,251985265232;7,72411696077683;646,214193816009;10,661281932144;133,962208550778;10,2790017833417;13,0326087468804;"TOTWGTS";"JRR";"HALF";"N";"04-MAR-26";"13h21m";75;5;"NONE"
"220";"England";"GIRL";"PVCIV";"Percentile";10;50;397,427235078989;8,83267309133237;529,076124486679;9,2245544852115;131,648889407691;9,68530275082469;13,5926457638591;"TOTWGTS";"JRR";"HALF";"N";"04-MAR-26";"13h21m";75;5;"NONE"
"221";"England";"GIRL";"PVCIV";"Percentile";10;90;397,427235078989;8,83267309133237;659,883806933435;10,238045128085;262,456571854447;11,7543435290974;22,328475529471;"TOTWGTS";"JRR";"HALF";"N";"04-MAR-26";"13h21m";75;5;"NONE"
"222";"England";"GIRL";"PVCIV";"Percentile";50;90;529,076124486679;9,2245544852115;659,883806933435;10,238045128085;130,807682446756;9,65786557750712;13,5441606012206;"TOTWGTS";"JRR";"HALF";"N";"04-MAR-26";"13h21m";75;5;"NONE"
"223";"Belgium (Flemish)";"BOY";"PVCIV";"Percentile";10;50;397,637536819188;8,19637374419572;514,144700927644;8,06034747755537;116,507164108457;9,47758805793628;12,2929128588678;"TOTWGTS";"JRR";"HALF";"N";"04-MAR-26";"13h21m";75;5;"NONE"
"224";"Belgium (Flemish)";"BOY";"PVCIV";"Percentile";10;90;397,637536819188;8,19637374419572;617,192553659012;7,8659598220272;219,555016839824;9,54732842512484;22,9964872960734;"TOTWGTS";"JRR";"HALF";"N";"04-MAR-26";"13h21m";75;5;"NONE"
"225";"Belgium (Flemish)";"BOY";"PVCIV";"Percentile";50;90;514,144700927644;8,06034747755537;617,192553659012;7,8659598220272;103,047852731367;8,74713678814036;11,7807524024413;"TOTWGTS";"JRR";"HALF";"N";"04-MAR-26";"13h21m";75;5;"NONE"
"226";"Belgium (Flemish)";"GIRL";"PVCIV";"Percentile";10;50;410,676244715741;10,4729422064804;522,767072278636;7,1903515123389;112,090827562896;9,70355110010727;11,5515264882417;"TOTWGTS";"JRR";"HALF";"N";"04-MAR-26";"13h21m";75;5;"NONE"
"227";"Belgium (Flemish)";"GIRL";"PVCIV";"Percentile";10;90;410,676244715741;10,4729422064804;612,355613632846;8,34874070795284;201,679368917105;11,8050292670242;17,0841905051832;"TOTWGTS";"JRR";"HALF";"N";"04-MAR-26";"13h21m";75;5;"NONE"
"228";"Belgium (Flemish)";"GIRL";"PVCIV";"Percentile";50;90;522,767072278636;7,1903515123389;612,355613632846;8,34874070795284;89,5885413542093;7,70117966600427;11,6330932713705;"TOTWGTS";"JRR";"HALF";"N";"04-MAR-26";"13h21m";75;5;"NONE"
