IDCNTRY;dvar;groupvar;refgroup;compgroup;pct;pct_se;cpct;cpct_se;pctdiff;pctdiff_se;pctdiff_t;mnx;mnx_se;cmnx;cmnx_se;mnxdiff;mnxdiff_se;mnxdiff_t;weight;method;jk2type;date;time;reps;infile;selcrit
Argentina;ASDGSATR;ASBGSEX;GIRL;GIRL;50,8492774825815;1,04335768369949;50,8492774825815;1,04335768369949;0; ; ;1,51234166806562;,0164269350399183;1,51234166806562;,0164269350399183;0; ; ;TOTWGT;JRR;HALF;25-FEB-26;16h 2m;75;Z:\RandA\Work\AndresStrello\ILSAreport_checks\DB\PIRLS2001.sav;NONE
Argentina;ASDGSATR;ASBGSEX;GIRL;BOY;50,8492774825815;1,04335768369949;49,1507225174185;1,04335768369949;-1,69855496516301;2,08671536739898;-,81398497931234;1,51234166806562;,0164269350399183;1,71671556466084;,0223800375481626;,204373896595222;,0241683524884321;8,45626100053958;TOTWGT;JRR;HALF;25-FEB-26;16h 2m;75;Z:\RandA\Work\AndresStrello\ILSAreport_checks\DB\PIRLS2001.sav;NONE
Argentina;ASDGSATR;ASBGSEX;BOY;GIRL;49,1507225174185;1,04335768369949;50,8492774825815;1,04335768369949;1,69855496516301;2,08671536739898;,81398497931234;1,71671556466084;,0223800375481626;1,51234166806562;,0164269350399183;-,204373896595222;,0241683524884321;-8,45626100053958;TOTWGT;JRR;HALF;25-FEB-26;16h 2m;75;Z:\RandA\Work\AndresStrello\ILSAreport_checks\DB\PIRLS2001.sav;NONE
Argentina;ASDGSATR;ASBGSEX;BOY;BOY;49,1507225174185;1,04335768369949;49,1507225174185;1,04335768369949;0; ; ;1,71671556466084;,0223800375481626;1,71671556466084;,0223800375481626;0; ; ;TOTWGT;JRR;HALF;25-FEB-26;16h 2m;75;Z:\RandA\Work\AndresStrello\ILSAreport_checks\DB\PIRLS2001.sav;NONE
Belize;ASDGSATR;ASBGSEX;GIRL;GIRL;50,1764543385224;1,01545135533397;50,1764543385224;1,01545135533397;0; ; ;1,67918415981981;,0167397738311537;1,67918415981981;,0167397738311537;0; ; ;TOTWGT;JRR;HALF;25-FEB-26;16h 2m;75;Z:\RandA\Work\AndresStrello\ILSAreport_checks\DB\PIRLS2001.sav;NONE
Belize;ASDGSATR;ASBGSEX;GIRL;BOY;50,1764543385224;1,01545135533397;49,8235456614776;1,01545135533398;-,352908677044859;2,03090271066795;-,173769366297605;1,67918415981981;,0167397738311537;1,77397190589503;,0195368390064812;,0947877460752191;,0207705603312822;4,56356229987984;TOTWGT;JRR;HALF;25-FEB-26;16h 2m;75;Z:\RandA\Work\AndresStrello\ILSAreport_checks\DB\PIRLS2001.sav;NONE
Belize;ASDGSATR;ASBGSEX;BOY;GIRL;49,8235456614776;1,01545135533398;50,1764543385224;1,01545135533397;,352908677044859;2,03090271066795;,173769366297605;1,77397190589503;,0195368390064812;1,67918415981981;,0167397738311537;-,0947877460752191;,0207705603312822;-4,56356229987984;TOTWGT;JRR;HALF;25-FEB-26;16h 2m;75;Z:\RandA\Work\AndresStrello\ILSAreport_checks\DB\PIRLS2001.sav;NONE
Belize;ASDGSATR;ASBGSEX;BOY;BOY;49,8235456614776;1,01545135533398;49,8235456614776;1,01545135533398;0; ; ;1,77397190589503;,0195368390064812;1,77397190589503;,0195368390064812;0; ; ;TOTWGT;JRR;HALF;25-FEB-26;16h 2m;75;Z:\RandA\Work\AndresStrello\ILSAreport_checks\DB\PIRLS2001.sav;NONE
Bulgaria;ASDGSATR;ASBGSEX;GIRL;GIRL;51,6033226584668;,902754010821292;51,6033226584668;,902754010821292;0; ; ;1,32280091253393;,0191526100506848;1,32280091253393;,0191526100506848;0; ; ;TOTWGT;JRR;HALF;25-FEB-26;16h 2m;75;Z:\RandA\Work\AndresStrello\ILSAreport_checks\DB\PIRLS2001.sav;NONE
Bulgaria;ASDGSATR;ASBGSEX;GIRL;BOY;51,6033226584668;,902754010821292;48,3966773415332;,902754010821295;-3,20664531693361;1,80550802164259;-1,77603493227148;1,32280091253393;,0191526100506848;1,57351433851088;,0235278601157416;,250713425976958;,0225402969208216;11,1228981081151;TOTWGT;JRR;HALF;25-FEB-26;16h 2m;75;Z:\RandA\Work\AndresStrello\ILSAreport_checks\DB\PIRLS2001.sav;NONE
Bulgaria;ASDGSATR;ASBGSEX;BOY;GIRL;48,3966773415332;,902754010821295;51,6033226584668;,902754010821292;3,20664531693361;1,80550802164259;1,77603493227148;1,57351433851088;,0235278601157416;1,32280091253393;,0191526100506848;-,250713425976958;,0225402969208216;-11,1228981081151;TOTWGT;JRR;HALF;25-FEB-26;16h 2m;75;Z:\RandA\Work\AndresStrello\ILSAreport_checks\DB\PIRLS2001.sav;NONE
Bulgaria;ASDGSATR;ASBGSEX;BOY;BOY;48,3966773415332;,902754010821295;48,3966773415332;,902754010821295;0; ; ;1,57351433851088;,0235278601157416;1,57351433851088;,0235278601157416;0; ; ;TOTWGT;JRR;HALF;25-FEB-26;16h 2m;75;Z:\RandA\Work\AndresStrello\ILSAreport_checks\DB\PIRLS2001.sav;NONE
Colombia;ASDGSATR;ASBGSEX;GIRL;GIRL;50,5944699927973;1,30060662321432;50,5944699927973;1,30060662321432;0; ; ;1,50210376954225;,0180741926695012;1,50210376954225;,0180741926695012;0; ; ;TOTWGT;JRR;HALF;25-FEB-26;16h 2m;75;Z:\RandA\Work\AndresStrello\ILSAreport_checks\DB\PIRLS2001.sav;NONE
Colombia;ASDGSATR;ASBGSEX;GIRL;BOY;50,5944699927973;1,30060662321432;49,4055300072027;1,30060662321432;-1,18893998559467;2,60121324642864;-,457071325169914;1,50210376954225;,0180741926695012;1,61404603544035;,0241245511777607;,1119422658981;,0260658033956692;4,29460255641686;TOTWGT;JRR;HALF;25-FEB-26;16h 2m;75;Z:\RandA\Work\AndresStrello\ILSAreport_checks\DB\PIRLS2001.sav;NONE
Colombia;ASDGSATR;ASBGSEX;BOY;GIRL;49,4055300072027;1,30060662321432;50,5944699927973;1,30060662321432;1,18893998559467;2,60121324642864;,457071325169914;1,61404603544035;,0241245511777607;1,50210376954225;,0180741926695012;-,1119422658981;,0260658033956692;-4,29460255641686;TOTWGT;JRR;HALF;25-FEB-26;16h 2m;75;Z:\RandA\Work\AndresStrello\ILSAreport_checks\DB\PIRLS2001.sav;NONE
Colombia;ASDGSATR;ASBGSEX;BOY;BOY;49,4055300072027;1,30060662321432;49,4055300072027;1,30060662321432;0; ; ;1,61404603544035;,0241245511777607;1,61404603544035;,0241245511777607;0; ; ;TOTWGT;JRR;HALF;25-FEB-26;16h 2m;75;Z:\RandA\Work\AndresStrello\ILSAreport_checks\DB\PIRLS2001.sav;NONE
Cyprus;ASDGSATR;ASBGSEX;GIRL;GIRL;48,7513583081302;,921264660151856;48,7513583081302;,921264660151856;0; ; ;1,32934124226803;,0206278441462237;1,32934124226803;,0206278441462237;0; ; ;TOTWGT;JRR;HALF;25-FEB-26;16h 2m;75;Z:\RandA\Work\AndresStrello\ILSAreport_checks\DB\PIRLS2001.sav;NONE
Cyprus;ASDGSATR;ASBGSEX;GIRL;BOY;48,7513583081302;,921264660151856;51,2486416918698;,921264660151853;2,49728338373964;1,84252932030371;1,35535611630213;1,32934124226803;,0206278441462237;1,65847621413469;,0272692434861798;,329134971866668;,035102694110216;9,37634504158696;TOTWGT;JRR;HALF;25-FEB-26;16h 2m;75;Z:\RandA\Work\AndresStrello\ILSAreport_checks\DB\PIRLS2001.sav;NONE
Cyprus;ASDGSATR;ASBGSEX;BOY;GIRL;51,2486416918698;,921264660151853;48,7513583081302;,921264660151856;-2,49728338373964;1,84252932030371;-1,35535611630213;1,65847621413469;,0272692434861798;1,32934124226803;,0206278441462237;-,329134971866668;,035102694110216;-9,37634504158696;TOTWGT;JRR;HALF;25-FEB-26;16h 2m;75;Z:\RandA\Work\AndresStrello\ILSAreport_checks\DB\PIRLS2001.sav;NONE
Cyprus;ASDGSATR;ASBGSEX;BOY;BOY;51,2486416918698;,921264660151853;51,2486416918698;,921264660151853;0; ; ;1,65847621413469;,0272692434861798;1,65847621413469;,0272692434861798;0; ; ;TOTWGT;JRR;HALF;25-FEB-26;16h 2m;75;Z:\RandA\Work\AndresStrello\ILSAreport_checks\DB\PIRLS2001.sav;NONE
Czech Republic;ASDGSATR;ASBGSEX;GIRL;GIRL;48,4664464047787;1,06360123147839;48,4664464047787;1,06360123147839;0; ; ;1,55432715143628;,0190256942714233;1,55432715143628;,0190256942714233;0; ; ;TOTWGT;JRR;HALF;25-FEB-26;16h 2m;75;Z:\RandA\Work\AndresStrello\ILSAreport_checks\DB\PIRLS2001.sav;NONE
Czech Republic;ASDGSATR;ASBGSEX;GIRL;BOY;48,4664464047787;1,06360123147839;51,5335535952213;1,06360123147838;3,06710719044263;2,12720246295677;1,4418501500696;1,55432715143628;,0190256942714233;1,77452800884449;,0194889992128654;,22020085740821;,0254072117249688;8,66686434512643;TOTWGT;JRR;HALF;25-FEB-26;16h 2m;75;Z:\RandA\Work\AndresStrello\ILSAreport_checks\DB\PIRLS2001.sav;NONE
Czech Republic;ASDGSATR;ASBGSEX;BOY;GIRL;51,5335535952213;1,06360123147838;48,4664464047787;1,06360123147839;-3,06710719044263;2,12720246295677;-1,4418501500696;1,77452800884449;,0194889992128654;1,55432715143628;,0190256942714233;-,22020085740821;,0254072117249688;-8,66686434512643;TOTWGT;JRR;HALF;25-FEB-26;16h 2m;75;Z:\RandA\Work\AndresStrello\ILSAreport_checks\DB\PIRLS2001.sav;NONE
Czech Republic;ASDGSATR;ASBGSEX;BOY;BOY;51,5335535952213;1,06360123147838;51,5335535952213;1,06360123147838;0; ; ;1,77452800884449;,0194889992128654;1,77452800884449;,0194889992128654;0; ; ;TOTWGT;JRR;HALF;25-FEB-26;16h 2m;75;Z:\RandA\Work\AndresStrello\ILSAreport_checks\DB\PIRLS2001.sav;NONE
France;ASDGSATR;ASBGSEX;GIRL;GIRL;48,6443164381088;,912860156285538;48,6443164381088;,912860156285538;0; ; ;1,36587090879494;,0156594287797583;1,36587090879494;,0156594287797583;0; ; ;TOTWGT;JRR;HALF;25-FEB-26;16h 2m;75;Z:\RandA\Work\AndresStrello\ILSAreport_checks\DB\PIRLS2001.sav;NONE
France;ASDGSATR;ASBGSEX;GIRL;BOY;48,6443164381088;,912860156285538;51,3556835618912;,912860156285534;2,7113671237824;1,82572031257107;1,48509446113579;1,36587090879494;,0156594287797583;1,54054887545543;,0156994467018179;,174677966660487;,0189042450727503;9,24014505674592;TOTWGT;JRR;HALF;25-FEB-26;16h 2m;75;Z:\RandA\Work\AndresStrello\ILSAreport_checks\DB\PIRLS2001.sav;NONE
France;ASDGSATR;ASBGSEX;BOY;GIRL;51,3556835618912;,912860156285534;48,6443164381088;,912860156285538;-2,7113671237824;1,82572031257107;-1,48509446113579;1,54054887545543;,0156994467018179;1,36587090879494;,0156594287797583;-,174677966660487;,0189042450727503;-9,24014505674592;TOTWGT;JRR;HALF;25-FEB-26;16h 2m;75;Z:\RandA\Work\AndresStrello\ILSAreport_checks\DB\PIRLS2001.sav;NONE
France;ASDGSATR;ASBGSEX;BOY;BOY;51,3556835618912;,912860156285534;51,3556835618912;,912860156285534;0; ; ;1,54054887545543;,0156994467018179;1,54054887545543;,0156994467018179;0; ; ;TOTWGT;JRR;HALF;25-FEB-26;16h 2m;75;Z:\RandA\Work\AndresStrello\ILSAreport_checks\DB\PIRLS2001.sav;NONE
Germany;ASDGSATR;ASBGSEX;GIRL;GIRL;50,060420551254;,779244764753196;50,060420551254;,779244764753196;0; ; ;1,43715016687822;,0142292927393743;1,43715016687822;,0142292927393743;0; ; ;TOTWGT;JRR;HALF;25-FEB-26;16h 2m;75;Z:\RandA\Work\AndresStrello\ILSAreport_checks\DB\PIRLS2001.sav;NONE
Germany;ASDGSATR;ASBGSEX;GIRL;BOY;50,060420551254;,779244764753196;49,939579448746;,779244764753193;-,120841102507974;1,55848952950639;-,0775373207327529;1,43715016687822;,0142292927393743;1,75476188463803;,0172659201715282;,317611717759806;,0223673345810044;14,1998017962113;TOTWGT;JRR;HALF;25-FEB-26;16h 2m;75;Z:\RandA\Work\AndresStrello\ILSAreport_checks\DB\PIRLS2001.sav;NONE
Germany;ASDGSATR;ASBGSEX;BOY;GIRL;49,939579448746;,779244764753193;50,060420551254;,779244764753196;,120841102507974;1,55848952950639;,0775373207327529;1,75476188463803;,0172659201715282;1,43715016687822;,0142292927393743;-,317611717759806;,0223673345810044;-14,1998017962113;TOTWGT;JRR;HALF;25-FEB-26;16h 2m;75;Z:\RandA\Work\AndresStrello\ILSAreport_checks\DB\PIRLS2001.sav;NONE
Germany;ASDGSATR;ASBGSEX;BOY;BOY;49,939579448746;,779244764753193;49,939579448746;,779244764753193;0; ; ;1,75476188463803;,0172659201715282;1,75476188463803;,0172659201715282;0; ; ;TOTWGT;JRR;HALF;25-FEB-26;16h 2m;75;Z:\RandA\Work\AndresStrello\ILSAreport_checks\DB\PIRLS2001.sav;NONE
Greece;ASDGSATR;ASBGSEX;GIRL;GIRL;49,7031929087178;1,00026064569722;49,7031929087178;1,00026064569722;0; ; ;1,35752944178037;,0249009584495527;1,35752944178037;,0249009584495527;0; ; ;TOTWGT;JRR;HALF;25-FEB-26;16h 2m;75;Z:\RandA\Work\AndresStrello\ILSAreport_checks\DB\PIRLS2001.sav;NONE
Greece;ASDGSATR;ASBGSEX;GIRL;BOY;49,7031929087178;1,00026064569722;50,2968070912822;1,00026064569721;,593614182564437;2,00052129139443;,296729749949659;1,35752944178037;,0249009584495527;1,53723325725336;,0265682483477041;,179703815472996;,0305448218583761;5,88328248585667;TOTWGT;JRR;HALF;25-FEB-26;16h 2m;75;Z:\RandA\Work\AndresStrello\ILSAreport_checks\DB\PIRLS2001.sav;NONE
Greece;ASDGSATR;ASBGSEX;BOY;GIRL;50,2968070912822;1,00026064569721;49,7031929087178;1,00026064569722;-,593614182564437;2,00052129139443;-,296729749949659;1,53723325725336;,0265682483477041;1,35752944178037;,0249009584495527;-,179703815472996;,0305448218583761;-5,88328248585667;TOTWGT;JRR;HALF;25-FEB-26;16h 2m;75;Z:\RandA\Work\AndresStrello\ILSAreport_checks\DB\PIRLS2001.sav;NONE
Greece;ASDGSATR;ASBGSEX;BOY;BOY;50,2968070912822;1,00026064569721;50,2968070912822;1,00026064569721;0; ; ;1,53723325725336;,0265682483477041;1,53723325725336;,0265682483477041;0; ; ;TOTWGT;JRR;HALF;25-FEB-26;16h 2m;75;Z:\RandA\Work\AndresStrello\ILSAreport_checks\DB\PIRLS2001.sav;NONE
Hong Kong, SAR;ASDGSATR;ASBGSEX;GIRL;GIRL;50,2116179586569;1,09144127014968;50,2116179586569;1,09144127014968;0; ; ;1,41954046262671;,0139689647521738;1,41954046262671;,0139689647521738;0; ; ;TOTWGT;JRR;HALF;25-FEB-26;16h 2m;75;Z:\RandA\Work\AndresStrello\ILSAreport_checks\DB\PIRLS2001.sav;NONE
Hong Kong, SAR;ASDGSATR;ASBGSEX;GIRL;BOY;50,2116179586569;1,09144127014968;49,7883820413431;1,0914412701497;-,42323591731374;2,18288254029938;-,193888543932233;1,41954046262671;,0139689647521738;1,69014750132163;,015763298735144;,27060703869492;,0160415920982038;16,8690886190293;TOTWGT;JRR;HALF;25-FEB-26;16h 2m;75;Z:\RandA\Work\AndresStrello\ILSAreport_checks\DB\PIRLS2001.sav;NONE
Hong Kong, SAR;ASDGSATR;ASBGSEX;BOY;GIRL;49,7883820413431;1,0914412701497;50,2116179586569;1,09144127014968;,42323591731374;2,18288254029938;,193888543932233;1,69014750132163;,015763298735144;1,41954046262671;,0139689647521738;-,27060703869492;,0160415920982038;-16,8690886190293;TOTWGT;JRR;HALF;25-FEB-26;16h 2m;75;Z:\RandA\Work\AndresStrello\ILSAreport_checks\DB\PIRLS2001.sav;NONE
Hong Kong, SAR;ASDGSATR;ASBGSEX;BOY;BOY;49,7883820413431;1,0914412701497;49,7883820413431;1,0914412701497;0; ; ;1,69014750132163;,015763298735144;1,69014750132163;,015763298735144;0; ; ;TOTWGT;JRR;HALF;25-FEB-26;16h 2m;75;Z:\RandA\Work\AndresStrello\ILSAreport_checks\DB\PIRLS2001.sav;NONE
Hungary;ASDGSATR;ASBGSEX;GIRL;GIRL;51,3150696957392;1,03149630203165;51,3150696957392;1,03149630203165;0; ; ;1,47175991160729;,0172879020994872;1,47175991160729;,0172879020994872;0; ; ;TOTWGT;JRR;HALF;25-FEB-26;16h 2m;75;Z:\RandA\Work\AndresStrello\ILSAreport_checks\DB\PIRLS2001.sav;NONE
Hungary;ASDGSATR;ASBGSEX;GIRL;BOY;51,3150696957392;1,03149630203165;48,6849303042608;1,03149630203166;-2,63013939147843;2,06299260406331;-1,27491460041983;1,47175991160729;,0172879020994872;1,73555634031037;,0248065193618075;,263796428703089;,0229773747105701;11,4807036063061;TOTWGT;JRR;HALF;25-FEB-26;16h 2m;75;Z:\RandA\Work\AndresStrello\ILSAreport_checks\DB\PIRLS2001.sav;NONE
Hungary;ASDGSATR;ASBGSEX;BOY;GIRL;48,6849303042608;1,03149630203166;51,3150696957392;1,03149630203165;2,63013939147843;2,06299260406331;1,27491460041983;1,73555634031037;,0248065193618075;1,47175991160729;,0172879020994872;-,263796428703089;,0229773747105701;-11,4807036063061;TOTWGT;JRR;HALF;25-FEB-26;16h 2m;75;Z:\RandA\Work\AndresStrello\ILSAreport_checks\DB\PIRLS2001.sav;NONE
Hungary;ASDGSATR;ASBGSEX;BOY;BOY;48,6849303042608;1,03149630203166;48,6849303042608;1,03149630203166;0; ; ;1,73555634031037;,0248065193618075;1,73555634031037;,0248065193618075;0; ; ;TOTWGT;JRR;HALF;25-FEB-26;16h 2m;75;Z:\RandA\Work\AndresStrello\ILSAreport_checks\DB\PIRLS2001.sav;NONE
Iceland;ASDGSATR;ASBGSEX;GIRL;GIRL;49,3367564087092;,784598453980475;49,3367564087092;,784598453980475;0; ; ;1,43765889634797;,016176624965512;1,43765889634797;,016176624965512;0; ; ;TOTWGT;JRR;HALF;25-FEB-26;16h 2m;75;Z:\RandA\Work\AndresStrello\ILSAreport_checks\DB\PIRLS2001.sav;NONE
Iceland;ASDGSATR;ASBGSEX;GIRL;BOY;49,3367564087092;,784598453980475;50,6632435912908;,784598453980456;1,32648718258166;1,56919690796093;,845328700210952;1,43765889634797;,016176624965512;1,70353688747547;,0144904487874307;,265877991127499;,0221469020355659;12,0052001268856;TOTWGT;JRR;HALF;25-FEB-26;16h 2m;75;Z:\RandA\Work\AndresStrello\ILSAreport_checks\DB\PIRLS2001.sav;NONE
Iceland;ASDGSATR;ASBGSEX;BOY;GIRL;50,6632435912908;,784598453980456;49,3367564087092;,784598453980475;-1,32648718258166;1,56919690796093;-,845328700210952;1,70353688747547;,0144904487874307;1,43765889634797;,016176624965512;-,265877991127499;,0221469020355659;-12,0052001268856;TOTWGT;JRR;HALF;25-FEB-26;16h 2m;75;Z:\RandA\Work\AndresStrello\ILSAreport_checks\DB\PIRLS2001.sav;NONE
Iceland;ASDGSATR;ASBGSEX;BOY;BOY;50,6632435912908;,784598453980456;50,6632435912908;,784598453980456;0; ; ;1,70353688747547;,0144904487874307;1,70353688747547;,0144904487874307;0; ; ;TOTWGT;JRR;HALF;25-FEB-26;16h 2m;75;Z:\RandA\Work\AndresStrello\ILSAreport_checks\DB\PIRLS2001.sav;NONE
Iran, Islamic Republic of;ASDGSATR;ASBGSEX;GIRL;GIRL;54,6703602542699;3,53528809882404;54,6703602542699;3,53528809882404;0; ; ;1,28395422406598;,0222630596887199;1,28395422406598;,0222630596887199;0; ; ;TOTWGT;JRR;HALF;25-FEB-26;16h 2m;75;Z:\RandA\Work\AndresStrello\ILSAreport_checks\DB\PIRLS2001.sav;NONE
Iran, Islamic Republic of;ASDGSATR;ASBGSEX;GIRL;BOY;54,6703602542699;3,53528809882404;45,3296397457301;3,53528809882404;-9,3407205085398;7,07057619764808;-1,32106920955704;1,28395422406598;,0222630596887199;1,35438178991094;,0291840917978817;,0704275658449531;,0317110413948749;2,22091620921461;TOTWGT;JRR;HALF;25-FEB-26;16h 2m;75;Z:\RandA\Work\AndresStrello\ILSAreport_checks\DB\PIRLS2001.sav;NONE
Iran, Islamic Republic of;ASDGSATR;ASBGSEX;BOY;GIRL;45,3296397457301;3,53528809882404;54,6703602542699;3,53528809882404;9,3407205085398;7,07057619764808;1,32106920955704;1,35438178991094;,0291840917978817;1,28395422406598;,0222630596887199;-,0704275658449531;,0317110413948749;-2,22091620921461;TOTWGT;JRR;HALF;25-FEB-26;16h 2m;75;Z:\RandA\Work\AndresStrello\ILSAreport_checks\DB\PIRLS2001.sav;NONE
Iran, Islamic Republic of;ASDGSATR;ASBGSEX;BOY;BOY;45,3296397457301;3,53528809882404;45,3296397457301;3,53528809882404;0; ; ;1,35438178991094;,0291840917978817;1,35438178991094;,0291840917978817;0; ; ;TOTWGT;JRR;HALF;25-FEB-26;16h 2m;75;Z:\RandA\Work\AndresStrello\ILSAreport_checks\DB\PIRLS2001.sav;NONE
Israel;ASDGSATR;ASBGSEX;GIRL;GIRL;50,3169500622409;1,34481834023699;50,3169500622409;1,34481834023699;0; ; ;1,52070735590302;,0188857456986703;1,52070735590302;,0188857456986703;0; ; ;TOTWGT;JRR;HALF;25-FEB-26;16h 2m;75;Z:\RandA\Work\AndresStrello\ILSAreport_checks\DB\PIRLS2001.sav;NONE
Israel;ASDGSATR;ASBGSEX;GIRL;BOY;50,3169500622409;1,34481834023699;49,6830499377591;1,34481834023698;-,63390012448189;2,68963668047397;-,235682435878359;1,52070735590302;,0188857456986703;1,74801684544343;,0216632265436773;,227309489540406;,020831570964308;10,9117785658062;TOTWGT;JRR;HALF;25-FEB-26;16h 2m;75;Z:\RandA\Work\AndresStrello\ILSAreport_checks\DB\PIRLS2001.sav;NONE
Israel;ASDGSATR;ASBGSEX;BOY;GIRL;49,6830499377591;1,34481834023698;50,3169500622409;1,34481834023699;,63390012448189;2,68963668047397;,235682435878359;1,74801684544343;,0216632265436773;1,52070735590302;,0188857456986703;-,227309489540406;,020831570964308;-10,9117785658062;TOTWGT;JRR;HALF;25-FEB-26;16h 2m;75;Z:\RandA\Work\AndresStrello\ILSAreport_checks\DB\PIRLS2001.sav;NONE
Israel;ASDGSATR;ASBGSEX;BOY;BOY;49,6830499377591;1,34481834023698;49,6830499377591;1,34481834023698;0; ; ;1,74801684544343;,0216632265436773;1,74801684544343;,0216632265436773;0; ; ;TOTWGT;JRR;HALF;25-FEB-26;16h 2m;75;Z:\RandA\Work\AndresStrello\ILSAreport_checks\DB\PIRLS2001.sav;NONE
Italy;ASDGSATR;ASBGSEX;GIRL;GIRL;47,6640917950889;,867870495484229;47,6640917950889;,867870495484229;0; ; ;1,36759030788581;,018404427651742;1,36759030788581;,018404427651742;0; ; ;TOTWGT;JRR;HALF;25-FEB-26;16h 2m;75;Z:\RandA\Work\AndresStrello\ILSAreport_checks\DB\PIRLS2001.sav;NONE
Italy;ASDGSATR;ASBGSEX;GIRL;BOY;47,6640917950889;,867870495484229;52,3359082049112;,867870495484223;4,67181640982231;1,73574099096845;2,69154005933551;1,36759030788581;,018404427651742;1,62671598469599;,0189480052213071;,259125676810172;,0228180646844045;11,3561636534091;TOTWGT;JRR;HALF;25-FEB-26;16h 2m;75;Z:\RandA\Work\AndresStrello\ILSAreport_checks\DB\PIRLS2001.sav;NONE
Italy;ASDGSATR;ASBGSEX;BOY;GIRL;52,3359082049112;,867870495484223;47,6640917950889;,867870495484229;-4,67181640982231;1,73574099096845;-2,69154005933551;1,62671598469599;,0189480052213071;1,36759030788581;,018404427651742;-,259125676810172;,0228180646844045;-11,3561636534091;TOTWGT;JRR;HALF;25-FEB-26;16h 2m;75;Z:\RandA\Work\AndresStrello\ILSAreport_checks\DB\PIRLS2001.sav;NONE
Italy;ASDGSATR;ASBGSEX;BOY;BOY;52,3359082049112;,867870495484223;52,3359082049112;,867870495484223;0; ; ;1,62671598469599;,0189480052213071;1,62671598469599;,0189480052213071;0; ; ;TOTWGT;JRR;HALF;25-FEB-26;16h 2m;75;Z:\RandA\Work\AndresStrello\ILSAreport_checks\DB\PIRLS2001.sav;NONE
Kuwait;ASDGSATR;ASBGSEX;GIRL;GIRL;53,130130087545;1,73638673896887;53,130130087545;1,73638673896887;0; ; ;1,47248484572143;,0164657825528373;1,47248484572143;,0164657825528373;0; ; ;TOTWGT;JRR;HALF;25-FEB-26;16h 2m;75;Z:\RandA\Work\AndresStrello\ILSAreport_checks\DB\PIRLS2001.sav;NONE
Kuwait;ASDGSATR;ASBGSEX;GIRL;BOY;53,130130087545;1,73638673896887;46,869869912455;1,73638673896886;-6,26026017508991;3,47277347793772;-1,80266873577009;1,47248484572143;,0164657825528373;1,63908980828182;,0229718046260869;,166604962560385;,0289426132404336;5,75638976260904;TOTWGT;JRR;HALF;25-FEB-26;16h 2m;75;Z:\RandA\Work\AndresStrello\ILSAreport_checks\DB\PIRLS2001.sav;NONE
Kuwait;ASDGSATR;ASBGSEX;BOY;GIRL;46,869869912455;1,73638673896886;53,130130087545;1,73638673896887;6,26026017508991;3,47277347793772;1,80266873577009;1,63908980828182;,0229718046260869;1,47248484572143;,0164657825528373;-,166604962560385;,0289426132404336;-5,75638976260904;TOTWGT;JRR;HALF;25-FEB-26;16h 2m;75;Z:\RandA\Work\AndresStrello\ILSAreport_checks\DB\PIRLS2001.sav;NONE
Kuwait;ASDGSATR;ASBGSEX;BOY;BOY;46,869869912455;1,73638673896886;46,869869912455;1,73638673896886;0; ; ;1,63908980828182;,0229718046260869;1,63908980828182;,0229718046260869;0; ; ;TOTWGT;JRR;HALF;25-FEB-26;16h 2m;75;Z:\RandA\Work\AndresStrello\ILSAreport_checks\DB\PIRLS2001.sav;NONE
Latvia;ASDGSATR;ASBGSEX;GIRL;GIRL;47,8303121372641;1,11556843151882;47,8303121372641;1,11556843151882;0; ; ;1,46463405397075;,0226627979342618;1,46463405397075;,0226627979342618;0; ; ;TOTWGT;JRR;HALF;25-FEB-26;16h 2m;75;Z:\RandA\Work\AndresStrello\ILSAreport_checks\DB\PIRLS2001.sav;NONE
Latvia;ASDGSATR;ASBGSEX;GIRL;BOY;47,8303121372641;1,11556843151882;52,1696878627359;1,11556843151882;4,33937572547188;2,23113686303764;1,94491687056971;1,46463405397075;,0226627979342618;1,83036903326436;,0246824871581012;,36573497929361;,0296268516348751;12,3447129583991;TOTWGT;JRR;HALF;25-FEB-26;16h 2m;75;Z:\RandA\Work\AndresStrello\ILSAreport_checks\DB\PIRLS2001.sav;NONE
Latvia;ASDGSATR;ASBGSEX;BOY;GIRL;52,1696878627359;1,11556843151882;47,8303121372641;1,11556843151882;-4,33937572547188;2,23113686303764;-1,94491687056971;1,83036903326436;,0246824871581012;1,46463405397075;,0226627979342618;-,36573497929361;,0296268516348751;-12,3447129583991;TOTWGT;JRR;HALF;25-FEB-26;16h 2m;75;Z:\RandA\Work\AndresStrello\ILSAreport_checks\DB\PIRLS2001.sav;NONE
Latvia;ASDGSATR;ASBGSEX;BOY;BOY;52,1696878627359;1,11556843151882;52,1696878627359;1,11556843151882;0; ; ;1,83036903326436;,0246824871581012;1,83036903326436;,0246824871581012;0; ; ;TOTWGT;JRR;HALF;25-FEB-26;16h 2m;75;Z:\RandA\Work\AndresStrello\ILSAreport_checks\DB\PIRLS2001.sav;NONE
Lithuania;ASDGSATR;ASBGSEX;GIRL;GIRL;51,2030607520573;,975171766923293;51,2030607520573;,975171766923293;0; ; ;1,43835156797933;,0200217063423098;1,43835156797933;,0200217063423098;0; ; ;TOTWGT;JRR;HALF;25-FEB-26;16h 2m;75;Z:\RandA\Work\AndresStrello\ILSAreport_checks\DB\PIRLS2001.sav;NONE
Lithuania;ASDGSATR;ASBGSEX;GIRL;BOY;51,2030607520573;,975171766923293;48,7969392479427;,975171766923277;-2,4061215041146;1,95034353384657;-1,23369112279882;1,43835156797933;,0200217063423098;1,76993858693908;,0232193321343083;,331587018959745;,0241705357396748;13,7186458145179;TOTWGT;JRR;HALF;25-FEB-26;16h 2m;75;Z:\RandA\Work\AndresStrello\ILSAreport_checks\DB\PIRLS2001.sav;NONE
Lithuania;ASDGSATR;ASBGSEX;BOY;GIRL;48,7969392479427;,975171766923277;51,2030607520573;,975171766923293;2,4061215041146;1,95034353384657;1,23369112279882;1,76993858693908;,0232193321343083;1,43835156797933;,0200217063423098;-,331587018959745;,0241705357396748;-13,7186458145179;TOTWGT;JRR;HALF;25-FEB-26;16h 2m;75;Z:\RandA\Work\AndresStrello\ILSAreport_checks\DB\PIRLS2001.sav;NONE
Lithuania;ASDGSATR;ASBGSEX;BOY;BOY;48,7969392479427;,975171766923277;48,7969392479427;,975171766923277;0; ; ;1,76993858693908;,0232193321343083;1,76993858693908;,0232193321343083;0; ; ;TOTWGT;JRR;HALF;25-FEB-26;16h 2m;75;Z:\RandA\Work\AndresStrello\ILSAreport_checks\DB\PIRLS2001.sav;NONE
Moldova;ASDGSATR;ASBGSEX;GIRL;GIRL;50,3131167785467;1,0508893915026;50,3131167785467;1,0508893915026;0; ; ;1,290797371912;,0222145694506159;1,290797371912;,0222145694506159;0; ; ;TOTWGT;JRR;HALF;25-FEB-26;16h 2m;75;Z:\RandA\Work\AndresStrello\ILSAreport_checks\DB\PIRLS2001.sav;NONE
Moldova;ASDGSATR;ASBGSEX;GIRL;BOY;50,3131167785467;1,0508893915026;49,6868832214534;1,05088939150259;-,6262335570933;2,10177878300519;-,297954076878582;1,290797371912;,0222145694506159;1,44001424279048;,021627736240333;,149216870878482;,0186679777955228;7,99319950521199;TOTWGT;JRR;HALF;25-FEB-26;16h 2m;75;Z:\RandA\Work\AndresStrello\ILSAreport_checks\DB\PIRLS2001.sav;NONE
Moldova;ASDGSATR;ASBGSEX;BOY;GIRL;49,6868832214534;1,05088939150259;50,3131167785467;1,0508893915026;,6262335570933;2,10177878300519;,297954076878582;1,44001424279048;,021627736240333;1,290797371912;,0222145694506159;-,149216870878482;,0186679777955228;-7,99319950521199;TOTWGT;JRR;HALF;25-FEB-26;16h 2m;75;Z:\RandA\Work\AndresStrello\ILSAreport_checks\DB\PIRLS2001.sav;NONE
Moldova;ASDGSATR;ASBGSEX;BOY;BOY;49,6868832214534;1,05088939150259;49,6868832214534;1,05088939150259;0; ; ;1,44001424279048;,021627736240333;1,44001424279048;,021627736240333;0; ; ;TOTWGT;JRR;HALF;25-FEB-26;16h 2m;75;Z:\RandA\Work\AndresStrello\ILSAreport_checks\DB\PIRLS2001.sav;NONE
Morocco;ASDGSATR;ASBGSEX;GIRL;GIRL;44,4808442843787;1,27999978597692;44,4808442843787;1,27999978597692;0; ; ;1,47727668118809;,0311694626409623;1,47727668118809;,0311694626409623;0; ; ;TOTWGT;JRR;HALF;25-FEB-26;16h 2m;75;Z:\RandA\Work\AndresStrello\ILSAreport_checks\DB\PIRLS2001.sav;NONE
Morocco;ASDGSATR;ASBGSEX;GIRL;BOY;44,4808442843787;1,27999978597692;55,5191557156213;1,27999978597693;11,0383114312427;2,55999957195385;4,31184112379284;1,47727668118809;,0311694626409623;1,60575276802758;,0295959885386872;,128476086839495;,0276220220760762;4,65121946849685;TOTWGT;JRR;HALF;25-FEB-26;16h 2m;75;Z:\RandA\Work\AndresStrello\ILSAreport_checks\DB\PIRLS2001.sav;NONE
Morocco;ASDGSATR;ASBGSEX;BOY;GIRL;55,5191557156213;1,27999978597693;44,4808442843787;1,27999978597692;-11,0383114312427;2,55999957195385;-4,31184112379284;1,60575276802758;,0295959885386872;1,47727668118809;,0311694626409623;-,128476086839495;,0276220220760762;-4,65121946849685;TOTWGT;JRR;HALF;25-FEB-26;16h 2m;75;Z:\RandA\Work\AndresStrello\ILSAreport_checks\DB\PIRLS2001.sav;NONE
Morocco;ASDGSATR;ASBGSEX;BOY;BOY;55,5191557156213;1,27999978597693;55,5191557156213;1,27999978597693;0; ; ;1,60575276802758;,0295959885386872;1,60575276802758;,0295959885386872;0; ; ;TOTWGT;JRR;HALF;25-FEB-26;16h 2m;75;Z:\RandA\Work\AndresStrello\ILSAreport_checks\DB\PIRLS2001.sav;NONE
Netherlands;ASDGSATR;ASBGSEX;GIRL;GIRL;50,3383551016348;,865923918822018;50,3383551016348;,865923918822018;0; ; ;1,49441153084125;,0199100021459029;1,49441153084125;,0199100021459029;0; ; ;TOTWGT;JRR;HALF;25-FEB-26;16h 2m;75;Z:\RandA\Work\AndresStrello\ILSAreport_checks\DB\PIRLS2001.sav;NONE
Netherlands;ASDGSATR;ASBGSEX;GIRL;BOY;50,3383551016348;,865923918822018;49,6616448983652;,865923918822016;-,676710203269565;1,73184783764403;-,390744607326557;1,49441153084125;,0199100021459029;1,93253299516497;,0270458781469791;,438121464323721;,0257252107406236;17,0308211948626;TOTWGT;JRR;HALF;25-FEB-26;16h 2m;75;Z:\RandA\Work\AndresStrello\ILSAreport_checks\DB\PIRLS2001.sav;NONE
Netherlands;ASDGSATR;ASBGSEX;BOY;GIRL;49,6616448983652;,865923918822016;50,3383551016348;,865923918822018;,676710203269565;1,73184783764403;,390744607326557;1,93253299516497;,0270458781469791;1,49441153084125;,0199100021459029;-,438121464323721;,0257252107406236;-17,0308211948626;TOTWGT;JRR;HALF;25-FEB-26;16h 2m;75;Z:\RandA\Work\AndresStrello\ILSAreport_checks\DB\PIRLS2001.sav;NONE
Netherlands;ASDGSATR;ASBGSEX;BOY;BOY;49,6616448983652;,865923918822016;49,6616448983652;,865923918822016;0; ; ;1,93253299516497;,0270458781469791;1,93253299516497;,0270458781469791;0; ; ;TOTWGT;JRR;HALF;25-FEB-26;16h 2m;75;Z:\RandA\Work\AndresStrello\ILSAreport_checks\DB\PIRLS2001.sav;NONE
New Zealand;ASDGSATR;ASBGSEX;GIRL;GIRL;48,9278794657248;1,2871229883903;48,9278794657248;1,2871229883903;0; ; ;1,43734293409883;,0197589470750816;1,43734293409883;,0197589470750816;0; ; ;TOTWGT;JRR;HALF;25-FEB-26;16h 2m;75;Z:\RandA\Work\AndresStrello\ILSAreport_checks\DB\PIRLS2001.sav;NONE
New Zealand;ASDGSATR;ASBGSEX;GIRL;BOY;48,9278794657248;1,2871229883903;51,0721205342752;1,28712298839029;2,14424106855046;2,57424597678059;,832958888890679;1,43734293409883;,0197589470750816;1,69350314738799;,022854761278352;,256160213289159;,0245281098421225;10,4435366172917;TOTWGT;JRR;HALF;25-FEB-26;16h 2m;75;Z:\RandA\Work\AndresStrello\ILSAreport_checks\DB\PIRLS2001.sav;NONE
New Zealand;ASDGSATR;ASBGSEX;BOY;GIRL;51,0721205342752;1,28712298839029;48,9278794657248;1,2871229883903;-2,14424106855046;2,57424597678059;-,832958888890679;1,69350314738799;,022854761278352;1,43734293409883;,0197589470750816;-,256160213289159;,0245281098421225;-10,4435366172917;TOTWGT;JRR;HALF;25-FEB-26;16h 2m;75;Z:\RandA\Work\AndresStrello\ILSAreport_checks\DB\PIRLS2001.sav;NONE
New Zealand;ASDGSATR;ASBGSEX;BOY;BOY;51,0721205342752;1,28712298839029;51,0721205342752;1,28712298839029;0; ; ;1,69350314738799;,022854761278352;1,69350314738799;,022854761278352;0; ; ;TOTWGT;JRR;HALF;25-FEB-26;16h 2m;75;Z:\RandA\Work\AndresStrello\ILSAreport_checks\DB\PIRLS2001.sav;NONE
Norway;ASDGSATR;ASBGSEX;GIRL;GIRL;48,3235494310798;,988798639726236;48,3235494310798;,988798639726236;0; ; ;1,49960557863481;,0176248599325923;1,49960557863481;,0176248599325923;0; ; ;TOTWGT;JRR;HALF;25-FEB-26;16h 2m;75;Z:\RandA\Work\AndresStrello\ILSAreport_checks\DB\PIRLS2001.sav;NONE
Norway;ASDGSATR;ASBGSEX;GIRL;BOY;48,3235494310798;,988798639726236;51,6764505689202;,988798639726229;3,35290113784032;1,97759727945247;1,69544182360962;1,49960557863481;,0176248599325923;1,79645055295784;,024296875518495;,296844974323034;,0276562668612296;10,7333710588095;TOTWGT;JRR;HALF;25-FEB-26;16h 2m;75;Z:\RandA\Work\AndresStrello\ILSAreport_checks\DB\PIRLS2001.sav;NONE
Norway;ASDGSATR;ASBGSEX;BOY;GIRL;51,6764505689202;,988798639726229;48,3235494310798;,988798639726236;-3,35290113784032;1,97759727945247;-1,69544182360962;1,79645055295784;,024296875518495;1,49960557863481;,0176248599325923;-,296844974323034;,0276562668612296;-10,7333710588095;TOTWGT;JRR;HALF;25-FEB-26;16h 2m;75;Z:\RandA\Work\AndresStrello\ILSAreport_checks\DB\PIRLS2001.sav;NONE
Norway;ASDGSATR;ASBGSEX;BOY;BOY;51,6764505689202;,988798639726229;51,6764505689202;,988798639726229;0; ; ;1,79645055295784;,024296875518495;1,79645055295784;,024296875518495;0; ; ;TOTWGT;JRR;HALF;25-FEB-26;16h 2m;75;Z:\RandA\Work\AndresStrello\ILSAreport_checks\DB\PIRLS2001.sav;NONE
Romania;ASDGSATR;ASBGSEX;GIRL;GIRL;50,5944303527956;,989616985510455;50,5944303527956;,989616985510455;0; ; ;1,33936738998702;,019193337092903;1,33936738998702;,019193337092903;0; ; ;TOTWGT;JRR;HALF;25-FEB-26;16h 2m;75;Z:\RandA\Work\AndresStrello\ILSAreport_checks\DB\PIRLS2001.sav;NONE
Romania;ASDGSATR;ASBGSEX;GIRL;BOY;50,5944303527956;,989616985510455;49,4055696472044;,989616985510488;-1,18886070559115;1,97923397102094;-,600667087872338;1,33936738998702;,019193337092903;1,48424114394449;,0219736162931093;,144873753957467;,0232212953803496;6,23883170962385;TOTWGT;JRR;HALF;25-FEB-26;16h 2m;75;Z:\RandA\Work\AndresStrello\ILSAreport_checks\DB\PIRLS2001.sav;NONE
Romania;ASDGSATR;ASBGSEX;BOY;GIRL;49,4055696472044;,989616985510488;50,5944303527956;,989616985510455;1,18886070559115;1,97923397102094;,600667087872338;1,48424114394449;,0219736162931093;1,33936738998702;,019193337092903;-,144873753957467;,0232212953803496;-6,23883170962385;TOTWGT;JRR;HALF;25-FEB-26;16h 2m;75;Z:\RandA\Work\AndresStrello\ILSAreport_checks\DB\PIRLS2001.sav;NONE
Romania;ASDGSATR;ASBGSEX;BOY;BOY;49,4055696472044;,989616985510488;49,4055696472044;,989616985510488;0; ; ;1,48424114394449;,0219736162931093;1,48424114394449;,0219736162931093;0; ; ;TOTWGT;JRR;HALF;25-FEB-26;16h 2m;75;Z:\RandA\Work\AndresStrello\ILSAreport_checks\DB\PIRLS2001.sav;NONE
Russian Federation;ASDGSATR;ASBGSEX;GIRL;GIRL;49,2873251196295;,924386557182095;49,2873251196295;,924386557182095;0; ; ;1,39729120157847;,0189758995151284;1,39729120157847;,0189758995151284;0; ; ;TOTWGT;JRR;HALF;25-FEB-26;16h 2m;75;Z:\RandA\Work\AndresStrello\ILSAreport_checks\DB\PIRLS2001.sav;NONE
Russian Federation;ASDGSATR;ASBGSEX;GIRL;BOY;49,2873251196295;,924386557182095;50,7126748803705;,924386557182097;1,42534976074092;1,84877311436419;,770970623526787;1,39729120157847;,0189758995151284;1,58864805962185;,0230807939576092;,191356858043387;,0155786227643462;12,2832974992714;TOTWGT;JRR;HALF;25-FEB-26;16h 2m;75;Z:\RandA\Work\AndresStrello\ILSAreport_checks\DB\PIRLS2001.sav;NONE
Russian Federation;ASDGSATR;ASBGSEX;BOY;GIRL;50,7126748803705;,924386557182097;49,2873251196295;,924386557182095;-1,42534976074092;1,84877311436419;-,770970623526787;1,58864805962185;,0230807939576092;1,39729120157847;,0189758995151284;-,191356858043387;,0155786227643462;-12,2832974992714;TOTWGT;JRR;HALF;25-FEB-26;16h 2m;75;Z:\RandA\Work\AndresStrello\ILSAreport_checks\DB\PIRLS2001.sav;NONE
Russian Federation;ASDGSATR;ASBGSEX;BOY;BOY;50,7126748803705;,924386557182097;50,7126748803705;,924386557182097;0; ; ;1,58864805962185;,0230807939576092;1,58864805962185;,0230807939576092;0; ; ;TOTWGT;JRR;HALF;25-FEB-26;16h 2m;75;Z:\RandA\Work\AndresStrello\ILSAreport_checks\DB\PIRLS2001.sav;NONE
Singapore;ASDGSATR;ASBGSEX;GIRL;GIRL;48,6380838060069;1,53930244470479;48,6380838060069;1,53930244470479;0; ; ;1,36034786728077;,0150151301604168;1,36034786728077;,0150151301604168;0; ; ;TOTWGT;JRR;HALF;25-FEB-26;16h 2m;75;Z:\RandA\Work\AndresStrello\ILSAreport_checks\DB\PIRLS2001.sav;NONE
Singapore;ASDGSATR;ASBGSEX;GIRL;BOY;48,6380838060069;1,53930244470479;51,3619161939931;1,53930244470478;2,72383238798627;3,07860488940957;,884761924908352;1,36034786728077;,0150151301604168;1,65369607327724;,0152868510695824;,293348205996466;,0136309414978113;21,5207589324309;TOTWGT;JRR;HALF;25-FEB-26;16h 2m;75;Z:\RandA\Work\AndresStrello\ILSAreport_checks\DB\PIRLS2001.sav;NONE
Singapore;ASDGSATR;ASBGSEX;BOY;GIRL;51,3619161939931;1,53930244470478;48,6380838060069;1,53930244470479;-2,72383238798627;3,07860488940957;-,884761924908352;1,65369607327724;,0152868510695824;1,36034786728077;,0150151301604168;-,293348205996466;,0136309414978113;-21,5207589324309;TOTWGT;JRR;HALF;25-FEB-26;16h 2m;75;Z:\RandA\Work\AndresStrello\ILSAreport_checks\DB\PIRLS2001.sav;NONE
Singapore;ASDGSATR;ASBGSEX;BOY;BOY;51,3619161939931;1,53930244470478;51,3619161939931;1,53930244470478;0; ; ;1,65369607327724;,0152868510695824;1,65369607327724;,0152868510695824;0; ; ;TOTWGT;JRR;HALF;25-FEB-26;16h 2m;75;Z:\RandA\Work\AndresStrello\ILSAreport_checks\DB\PIRLS2001.sav;NONE
Slovak Republic;ASDGSATR;ASBGSEX;GIRL;GIRL;49,8831191387301;,93921667431146;49,8831191387301;,93921667431146;0; ; ;1,49590476092349;,0209406441735664;1,49590476092349;,0209406441735664;0; ; ;TOTWGT;JRR;HALF;25-FEB-26;16h 2m;75;Z:\RandA\Work\AndresStrello\ILSAreport_checks\DB\PIRLS2001.sav;NONE
Slovak Republic;ASDGSATR;ASBGSEX;GIRL;BOY;49,8831191387301;,93921667431146;50,1168808612699;,939216674311479;,233761722539711;1,87843334862294;,1244450449685;1,49590476092349;,0209406441735664;1,76090302578357;,0226959229770711;,264998264860086;,025414384579899;10,4270974584087;TOTWGT;JRR;HALF;25-FEB-26;16h 2m;75;Z:\RandA\Work\AndresStrello\ILSAreport_checks\DB\PIRLS2001.sav;NONE
Slovak Republic;ASDGSATR;ASBGSEX;BOY;GIRL;50,1168808612699;,939216674311479;49,8831191387301;,93921667431146;-,233761722539711;1,87843334862294;-,1244450449685;1,76090302578357;,0226959229770711;1,49590476092349;,0209406441735664;-,264998264860086;,025414384579899;-10,4270974584087;TOTWGT;JRR;HALF;25-FEB-26;16h 2m;75;Z:\RandA\Work\AndresStrello\ILSAreport_checks\DB\PIRLS2001.sav;NONE
Slovak Republic;ASDGSATR;ASBGSEX;BOY;BOY;50,1168808612699;,939216674311479;50,1168808612699;,939216674311479;0; ; ;1,76090302578357;,0226959229770711;1,76090302578357;,0226959229770711;0; ; ;TOTWGT;JRR;HALF;25-FEB-26;16h 2m;75;Z:\RandA\Work\AndresStrello\ILSAreport_checks\DB\PIRLS2001.sav;NONE
Slovenia;ASDGSATR;ASBGSEX;GIRL;GIRL;50,3402931910865;,828912942171562;50,3402931910865;,828912942171562;0; ; ;1,31150536197712;,0186329954156592;1,31150536197712;,0186329954156592;0; ; ;TOTWGT;JRR;HALF;25-FEB-26;16h 2m;75;Z:\RandA\Work\AndresStrello\ILSAreport_checks\DB\PIRLS2001.sav;NONE
Slovenia;ASDGSATR;ASBGSEX;GIRL;BOY;50,3402931910865;,828912942171562;49,6597068089135;,828912942171567;-,680586382173004;1,65782588434313;-,410529470314471;1,31150536197712;,0186329954156592;1,64384939265398;,0240844988977418;,332344030676854;,0234703192954021;14,1601836129243;TOTWGT;JRR;HALF;25-FEB-26;16h 2m;75;Z:\RandA\Work\AndresStrello\ILSAreport_checks\DB\PIRLS2001.sav;NONE
Slovenia;ASDGSATR;ASBGSEX;BOY;GIRL;49,6597068089135;,828912942171567;50,3402931910865;,828912942171562;,680586382173004;1,65782588434313;,410529470314471;1,64384939265398;,0240844988977418;1,31150536197712;,0186329954156592;-,332344030676854;,0234703192954021;-14,1601836129243;TOTWGT;JRR;HALF;25-FEB-26;16h 2m;75;Z:\RandA\Work\AndresStrello\ILSAreport_checks\DB\PIRLS2001.sav;NONE
Slovenia;ASDGSATR;ASBGSEX;BOY;BOY;49,6597068089135;,828912942171567;49,6597068089135;,828912942171567;0; ; ;1,64384939265398;,0240844988977418;1,64384939265398;,0240844988977418;0; ; ;TOTWGT;JRR;HALF;25-FEB-26;16h 2m;75;Z:\RandA\Work\AndresStrello\ILSAreport_checks\DB\PIRLS2001.sav;NONE
Sweden;ASDGSATR;ASBGSEX;GIRL;GIRL;48,8371464029279;,717184970013588;48,8371464029279;,717184970013588;0; ; ;1,37814267804861;,0160330023286658;1,37814267804861;,0160330023286658;0; ; ;TOTWGT;JRR;HALF;25-FEB-26;16h 2m;75;Z:\RandA\Work\AndresStrello\ILSAreport_checks\DB\PIRLS2001.sav;NONE
Sweden;ASDGSATR;ASBGSEX;GIRL;BOY;48,8371464029279;,717184970013588;51,1628535970721;,717184970013574;2,32570719414416;1,43436994002716;1,62141378541446;1,37814267804861;,0160330023286658;1,67858638233433;,0211747265560831;,300443704285722;,0238167640239247;12,6147995581565;TOTWGT;JRR;HALF;25-FEB-26;16h 2m;75;Z:\RandA\Work\AndresStrello\ILSAreport_checks\DB\PIRLS2001.sav;NONE
Sweden;ASDGSATR;ASBGSEX;BOY;GIRL;51,1628535970721;,717184970013574;48,8371464029279;,717184970013588;-2,32570719414416;1,43436994002716;-1,62141378541446;1,67858638233433;,0211747265560831;1,37814267804861;,0160330023286658;-,300443704285722;,0238167640239247;-12,6147995581565;TOTWGT;JRR;HALF;25-FEB-26;16h 2m;75;Z:\RandA\Work\AndresStrello\ILSAreport_checks\DB\PIRLS2001.sav;NONE
Sweden;ASDGSATR;ASBGSEX;BOY;BOY;51,1628535970721;,717184970013574;51,1628535970721;,717184970013574;0; ; ;1,67858638233433;,0211747265560831;1,67858638233433;,0211747265560831;0; ; ;TOTWGT;JRR;HALF;25-FEB-26;16h 2m;75;Z:\RandA\Work\AndresStrello\ILSAreport_checks\DB\PIRLS2001.sav;NONE
Turkey;ASDGSATR;ASBGSEX;GIRL;GIRL;48,3540754542481;,947345125812667;48,3540754542481;,947345125812667;0; ; ;1,34946929449318;,019933322898648;1,34946929449318;,019933322898648;0; ; ;TOTWGT;JRR;HALF;25-FEB-26;16h 2m;75;Z:\RandA\Work\AndresStrello\ILSAreport_checks\DB\PIRLS2001.sav;NONE
Turkey;ASDGSATR;ASBGSEX;GIRL;BOY;48,3540754542481;,947345125812667;51,6459245457519;,947345125812671;3,29184909150374;1,89469025162534;1,73740752013679;1,34946929449318;,019933322898648;1,4906200726454;,0160338127656541;,141150778152213;,0170789453106075;8,26460742072561;TOTWGT;JRR;HALF;25-FEB-26;16h 2m;75;Z:\RandA\Work\AndresStrello\ILSAreport_checks\DB\PIRLS2001.sav;NONE
Turkey;ASDGSATR;ASBGSEX;BOY;GIRL;51,6459245457519;,947345125812671;48,3540754542481;,947345125812667;-3,29184909150374;1,89469025162534;-1,73740752013679;1,4906200726454;,0160338127656541;1,34946929449318;,019933322898648;-,141150778152213;,0170789453106075;-8,26460742072561;TOTWGT;JRR;HALF;25-FEB-26;16h 2m;75;Z:\RandA\Work\AndresStrello\ILSAreport_checks\DB\PIRLS2001.sav;NONE
Turkey;ASDGSATR;ASBGSEX;BOY;BOY;51,6459245457519;,947345125812671;51,6459245457519;,947345125812671;0; ; ;1,4906200726454;,0160338127656541;1,4906200726454;,0160338127656541;0; ; ;TOTWGT;JRR;HALF;25-FEB-26;16h 2m;75;Z:\RandA\Work\AndresStrello\ILSAreport_checks\DB\PIRLS2001.sav;NONE
North Macedonia;ASDGSATR;ASBGSEX;GIRL;GIRL;49,2998155285702;,933456740760158;49,2998155285702;,933456740760158;0; ; ;1,32095480374794;,0166595342845947;1,32095480374794;,0166595342845947;0; ; ;TOTWGT;JRR;HALF;25-FEB-26;16h 2m;75;Z:\RandA\Work\AndresStrello\ILSAreport_checks\DB\PIRLS2001.sav;NONE
North Macedonia;ASDGSATR;ASBGSEX;GIRL;BOY;49,2998155285702;,933456740760158;50,7001844714298;,93345674076016;1,40036894285956;1,86691348152032;,750098468258513;1,32095480374794;,0166595342845947;1,45926956010663;,0193331434771893;,138314756358687;,0196960543794793;7,02246011783927;TOTWGT;JRR;HALF;25-FEB-26;16h 2m;75;Z:\RandA\Work\AndresStrello\ILSAreport_checks\DB\PIRLS2001.sav;NONE
North Macedonia;ASDGSATR;ASBGSEX;BOY;GIRL;50,7001844714298;,93345674076016;49,2998155285702;,933456740760158;-1,40036894285956;1,86691348152032;-,750098468258513;1,45926956010663;,0193331434771893;1,32095480374794;,0166595342845947;-,138314756358687;,0196960543794793;-7,02246011783927;TOTWGT;JRR;HALF;25-FEB-26;16h 2m;75;Z:\RandA\Work\AndresStrello\ILSAreport_checks\DB\PIRLS2001.sav;NONE
North Macedonia;ASDGSATR;ASBGSEX;BOY;BOY;50,7001844714298;,93345674076016;50,7001844714298;,93345674076016;0; ; ;1,45926956010663;,0193331434771893;1,45926956010663;,0193331434771893;0; ; ;TOTWGT;JRR;HALF;25-FEB-26;16h 2m;75;Z:\RandA\Work\AndresStrello\ILSAreport_checks\DB\PIRLS2001.sav;NONE
United States;ASDGSATR;ASBGSEX;GIRL;GIRL;50,6632740809426;,865655360705139;50,6632740809426;,865655360705139;0; ; ;1,56337098074599;,0246829851405954;1,56337098074599;,0246829851405954;0; ; ;TOTWGT;JRR;HALF;25-FEB-26;16h 2m;75;Z:\RandA\Work\AndresStrello\ILSAreport_checks\DB\PIRLS2001.sav;NONE
United States;ASDGSATR;ASBGSEX;GIRL;BOY;50,6632740809426;,865655360705139;49,3367259190574;,865655360705138;-1,32654816188521;1,73131072141028;-,766210331560032;1,56337098074599;,0246829851405954;1,85733488228227;,0205646228652307;,293963901536286;,0276400666416847;10,6354266560614;TOTWGT;JRR;HALF;25-FEB-26;16h 2m;75;Z:\RandA\Work\AndresStrello\ILSAreport_checks\DB\PIRLS2001.sav;NONE
United States;ASDGSATR;ASBGSEX;BOY;GIRL;49,3367259190574;,865655360705138;50,6632740809426;,865655360705139;1,32654816188521;1,73131072141028;,766210331560032;1,85733488228227;,0205646228652307;1,56337098074599;,0246829851405954;-,293963901536286;,0276400666416847;-10,6354266560614;TOTWGT;JRR;HALF;25-FEB-26;16h 2m;75;Z:\RandA\Work\AndresStrello\ILSAreport_checks\DB\PIRLS2001.sav;NONE
United States;ASDGSATR;ASBGSEX;BOY;BOY;49,3367259190574;,865655360705138;49,3367259190574;,865655360705138;0; ; ;1,85733488228227;,0205646228652307;1,85733488228227;,0205646228652307;0; ; ;TOTWGT;JRR;HALF;25-FEB-26;16h 2m;75;Z:\RandA\Work\AndresStrello\ILSAreport_checks\DB\PIRLS2001.sav;NONE
England;ASDGSATR;ASBGSEX;GIRL;GIRL;51,6810026245866;1,05256579018049;51,6810026245866;1,05256579018049;0; ; ;1,54546611251428;,0259139149374245;1,54546611251428;,0259139149374245;0; ; ;TOTWGT;JRR;HALF;25-FEB-26;16h 2m;75;Z:\RandA\Work\AndresStrello\ILSAreport_checks\DB\PIRLS2001.sav;NONE
England;ASDGSATR;ASBGSEX;GIRL;BOY;51,6810026245866;1,05256579018049;48,3189973754134;1,05256579018049;-3,36200524917313;2,10513158036098;-1,59705230805412;1,54546611251428;,0259139149374245;1,83347502785061;,0245001945826277;,28800891533633;,0292273140806885;9,85410135673831;TOTWGT;JRR;HALF;25-FEB-26;16h 2m;75;Z:\RandA\Work\AndresStrello\ILSAreport_checks\DB\PIRLS2001.sav;NONE
England;ASDGSATR;ASBGSEX;BOY;GIRL;48,3189973754134;1,05256579018049;51,6810026245866;1,05256579018049;3,36200524917313;2,10513158036098;1,59705230805412;1,83347502785061;,0245001945826277;1,54546611251428;,0259139149374245;-,28800891533633;,0292273140806885;-9,85410135673831;TOTWGT;JRR;HALF;25-FEB-26;16h 2m;75;Z:\RandA\Work\AndresStrello\ILSAreport_checks\DB\PIRLS2001.sav;NONE
England;ASDGSATR;ASBGSEX;BOY;BOY;48,3189973754134;1,05256579018049;48,3189973754134;1,05256579018049;0; ; ;1,83347502785061;,0245001945826277;1,83347502785061;,0245001945826277;0; ; ;TOTWGT;JRR;HALF;25-FEB-26;16h 2m;75;Z:\RandA\Work\AndresStrello\ILSAreport_checks\DB\PIRLS2001.sav;NONE
Scotland;ASDGSATR;ASBGSEX;GIRL;GIRL;51,4831311895106;,988620856623071;51,4831311895106;,988620856623071;0; ; ;1,49970584824199;,0189340696467415;1,49970584824199;,0189340696467415;0; ; ;TOTWGT;JRR;HALF;25-FEB-26;16h 2m;75;Z:\RandA\Work\AndresStrello\ILSAreport_checks\DB\PIRLS2001.sav;NONE
Scotland;ASDGSATR;ASBGSEX;GIRL;BOY;51,4831311895106;,988620856623071;48,5168688104894;,988620856623073;-2,96626237902112;1,97724171324614;-1,50020220550135;1,49970584824199;,0189340696467415;1,78930523734715;,0295538105721779;,289599389105154;,0296221862582272;9,77643535762729;TOTWGT;JRR;HALF;25-FEB-26;16h 2m;75;Z:\RandA\Work\AndresStrello\ILSAreport_checks\DB\PIRLS2001.sav;NONE
Scotland;ASDGSATR;ASBGSEX;BOY;GIRL;48,5168688104894;,988620856623073;51,4831311895106;,988620856623071;2,96626237902112;1,97724171324614;1,50020220550135;1,78930523734715;,0295538105721779;1,49970584824199;,0189340696467415;-,289599389105154;,0296221862582272;-9,77643535762729;TOTWGT;JRR;HALF;25-FEB-26;16h 2m;75;Z:\RandA\Work\AndresStrello\ILSAreport_checks\DB\PIRLS2001.sav;NONE
Scotland;ASDGSATR;ASBGSEX;BOY;BOY;48,5168688104894;,988620856623073;48,5168688104894;,988620856623073;0; ; ;1,78930523734715;,0295538105721779;1,78930523734715;,0295538105721779;0; ; ;TOTWGT;JRR;HALF;25-FEB-26;16h 2m;75;Z:\RandA\Work\AndresStrello\ILSAreport_checks\DB\PIRLS2001.sav;NONE
Sweden (Grade 3);ASDGSATR;ASBGSEX;GIRL;GIRL;50,3730376374006;,762064024252133;50,3730376374006;,762064024252133;0; ; ;1,39709709796359;,0139673359267065;1,39709709796359;,0139673359267065;0; ; ;TOTWGT;JRR;HALF;25-FEB-26;16h 2m;75;Z:\RandA\Work\AndresStrello\ILSAreport_checks\DB\PIRLS2001.sav;NONE
Sweden (Grade 3);ASDGSATR;ASBGSEX;GIRL;BOY;50,3730376374006;,762064024252133;49,6269623625994;,762064024252144;-,746075274801235;1,52412804850428;-,48950957600538;1,39709709796359;,0139673359267065;1,66722985254957;,018491571463506;,270132754585976;,0228527297631422;11,8205902483325;TOTWGT;JRR;HALF;25-FEB-26;16h 2m;75;Z:\RandA\Work\AndresStrello\ILSAreport_checks\DB\PIRLS2001.sav;NONE
Sweden (Grade 3);ASDGSATR;ASBGSEX;BOY;GIRL;49,6269623625994;,762064024252144;50,3730376374006;,762064024252133;,746075274801235;1,52412804850428;,48950957600538;1,66722985254957;,018491571463506;1,39709709796359;,0139673359267065;-,270132754585976;,0228527297631422;-11,8205902483325;TOTWGT;JRR;HALF;25-FEB-26;16h 2m;75;Z:\RandA\Work\AndresStrello\ILSAreport_checks\DB\PIRLS2001.sav;NONE
Sweden (Grade 3);ASDGSATR;ASBGSEX;BOY;BOY;49,6269623625994;,762064024252144;49,6269623625994;,762064024252144;0; ; ;1,66722985254957;,018491571463506;1,66722985254957;,018491571463506;0; ; ;TOTWGT;JRR;HALF;25-FEB-26;16h 2m;75;Z:\RandA\Work\AndresStrello\ILSAreport_checks\DB\PIRLS2001.sav;NONE
Canada (Ontario);ASDGSATR;ASBGSEX;GIRL;GIRL;48,8655000178461;,876203863230688;48,8655000178461;,876203863230688;0; ; ;1,40758496518572;,0206820996961498;1,40758496518572;,0206820996961498;0; ; ;TOTWGT;JRR;HALF;25-FEB-26;16h 2m;75;Z:\RandA\Work\AndresStrello\ILSAreport_checks\DB\PIRLS2001.sav;NONE
Canada (Ontario);ASDGSATR;ASBGSEX;GIRL;BOY;48,8655000178461;,876203863230688;51,1344999821539;,876203863230687;2,26899996430774;1,75240772646138;1,29478997954974;1,40758496518572;,0206820996961498;1,72423772200199;,019912521620758;,316652756816273;,0277847901695439;11,3966222125143;TOTWGT;JRR;HALF;25-FEB-26;16h 2m;75;Z:\RandA\Work\AndresStrello\ILSAreport_checks\DB\PIRLS2001.sav;NONE
Canada (Ontario);ASDGSATR;ASBGSEX;BOY;GIRL;51,1344999821539;,876203863230687;48,8655000178461;,876203863230688;-2,26899996430774;1,75240772646138;-1,29478997954974;1,72423772200199;,019912521620758;1,40758496518572;,0206820996961498;-,316652756816273;,0277847901695439;-11,3966222125143;TOTWGT;JRR;HALF;25-FEB-26;16h 2m;75;Z:\RandA\Work\AndresStrello\ILSAreport_checks\DB\PIRLS2001.sav;NONE
Canada (Ontario);ASDGSATR;ASBGSEX;BOY;BOY;51,1344999821539;,876203863230687;51,1344999821539;,876203863230687;0; ; ;1,72423772200199;,019912521620758;1,72423772200199;,019912521620758;0; ; ;TOTWGT;JRR;HALF;25-FEB-26;16h 2m;75;Z:\RandA\Work\AndresStrello\ILSAreport_checks\DB\PIRLS2001.sav;NONE
Canada (Quebec);ASDGSATR;ASBGSEX;GIRL;GIRL;50,8583611010552;,865090087190842;50,8583611010552;,865090087190842;0; ; ;1,36541806544966;,0176248688408546;1,36541806544966;,0176248688408546;0; ; ;TOTWGT;JRR;HALF;25-FEB-26;16h 2m;75;Z:\RandA\Work\AndresStrello\ILSAreport_checks\DB\PIRLS2001.sav;NONE
Canada (Quebec);ASDGSATR;ASBGSEX;GIRL;BOY;50,8583611010552;,865090087190842;49,1416388989448;,865090087190828;-1,71672220211033;1,73018017438167;-,992221635370347;1,36541806544966;,0176248688408546;1,6327125738243;,0256429442605577;,267294508374645;,0263060882098092;10,1609371276637;TOTWGT;JRR;HALF;25-FEB-26;16h 2m;75;Z:\RandA\Work\AndresStrello\ILSAreport_checks\DB\PIRLS2001.sav;NONE
Canada (Quebec);ASDGSATR;ASBGSEX;BOY;GIRL;49,1416388989448;,865090087190828;50,8583611010552;,865090087190842;1,71672220211033;1,73018017438167;,992221635370347;1,6327125738243;,0256429442605577;1,36541806544966;,0176248688408546;-,267294508374645;,0263060882098092;-10,1609371276637;TOTWGT;JRR;HALF;25-FEB-26;16h 2m;75;Z:\RandA\Work\AndresStrello\ILSAreport_checks\DB\PIRLS2001.sav;NONE
Canada (Quebec);ASDGSATR;ASBGSEX;BOY;BOY;49,1416388989448;,865090087190828;49,1416388989448;,865090087190828;0; ; ;1,6327125738243;,0256429442605577;1,6327125738243;,0256429442605577;0; ; ;TOTWGT;JRR;HALF;25-FEB-26;16h 2m;75;Z:\RandA\Work\AndresStrello\ILSAreport_checks\DB\PIRLS2001.sav;NONE
