IDCNTRY;dvar;groupvar;refgroup;compgroup;pct;pct_se;cpct;cpct_se;pctdiff;pctdiff_se;pctdiff_t;mnpv;mnpv_se;cmnpv;cmnpv_se;mnpvdiff;mnpvdiff_se;mnpvdiff_t;mnpvdiff_ci;weight;method;jk2type;shortcut;date;time;reps;npv;infile;selcrit
Azerbaijan, Republic of;ASRREA0;ASBG01;Girl;Girl;47,0203445808808;,772503629710144;47,0203445808808;,772503629710144;0; ; ;479,2706453246;4,34516716506875;479,2706453246;4,34516716506875;0; ; ; ;TOTWGT;JRR;FULL;N;25-FEB-26;21h 8m;150;5;Z:\RandA\Work\AndresStrello\ILSAreport_checks\DB\PIRLS2016.sav;NONE
Azerbaijan, Republic of;ASRREA0;ASBG01;Girl;Boy;47,0203445808808;,772503629710144;52,9796554191192;,77250362971015;5,95931083823836;1,54500725942029;3,85714099523026;479,2706453246;4,34516716506875;466,494710080559;4,26695098943175;-12,7759352440405;2,95502016855407;-4,32346803585165;-19 to -7;TOTWGT;JRR;FULL;N;25-FEB-26;21h 8m;150;5;Z:\RandA\Work\AndresStrello\ILSAreport_checks\DB\PIRLS2016.sav;NONE
Azerbaijan, Republic of;ASRREA0;ASBG01;Boy;Girl;52,9796554191192;,77250362971015;47,0203445808808;,772503629710144;-5,95931083823836;1,54500725942029;-3,85714099523026;466,494710080559;4,26695098943175;479,2706453246;4,34516716506875;12,7759352440405;2,95502016855407;4,32346803585165;7 to 19;TOTWGT;JRR;FULL;N;25-FEB-26;21h 8m;150;5;Z:\RandA\Work\AndresStrello\ILSAreport_checks\DB\PIRLS2016.sav;NONE
Azerbaijan, Republic of;ASRREA0;ASBG01;Boy;Boy;52,9796554191192;,77250362971015;52,9796554191192;,77250362971015;0; ; ;466,494710080559;4,26695098943175;466,494710080559;4,26695098943175;0; ; ; ;TOTWGT;JRR;FULL;N;25-FEB-26;21h 8m;150;5;Z:\RandA\Work\AndresStrello\ILSAreport_checks\DB\PIRLS2016.sav;NONE
Australia;ASRREA0;ASBG01;Girl;Girl;50,2883012536127;,782646269356414;50,2883012536127;,782646269356414;0; ; ;555,143842800157;2,61692670294034;555,143842800157;2,61692670294034;0; ; ; ;TOTWGT;JRR;FULL;N;25-FEB-26;21h 8m;150;5;Z:\RandA\Work\AndresStrello\ILSAreport_checks\DB\PIRLS2016.sav;NONE
Australia;ASRREA0;ASBG01;Girl;Boy;50,2883012536127;,782646269356414;49,7116987463873;,782646269356416;-,576602507225394;1,56529253871283;-,368367249549113;555,143842800157;2,61692670294034;534,099591524565;2,96292627211381;-21,0442512755928;2,43129949798999;-8,65555695338668;-26 to -16;TOTWGT;JRR;FULL;N;25-FEB-26;21h 8m;150;5;Z:\RandA\Work\AndresStrello\ILSAreport_checks\DB\PIRLS2016.sav;NONE
Australia;ASRREA0;ASBG01;Boy;Girl;49,7116987463873;,782646269356416;50,2883012536127;,782646269356414;,576602507225394;1,56529253871283;,368367249549113;534,099591524565;2,96292627211381;555,143842800157;2,61692670294034;21,0442512755928;2,43129949798999;8,65555695338668;16 to 26;TOTWGT;JRR;FULL;N;25-FEB-26;21h 8m;150;5;Z:\RandA\Work\AndresStrello\ILSAreport_checks\DB\PIRLS2016.sav;NONE
Australia;ASRREA0;ASBG01;Boy;Boy;49,7116987463873;,782646269356416;49,7116987463873;,782646269356416;0; ; ;534,099591524565;2,96292627211381;534,099591524565;2,96292627211381;0; ; ; ;TOTWGT;JRR;FULL;N;25-FEB-26;21h 8m;150;5;Z:\RandA\Work\AndresStrello\ILSAreport_checks\DB\PIRLS2016.sav;NONE
Austria;ASRREA0;ASBG01;Girl;Girl;48,4720300943647;,87724985097556;48,4720300943647;,87724985097556;0; ; ;543,828172569463;2,64667963694162;543,828172569463;2,64667963694162;0; ; ; ;TOTWGT;JRR;FULL;N;25-FEB-26;21h 8m;150;5;Z:\RandA\Work\AndresStrello\ILSAreport_checks\DB\PIRLS2016.sav;NONE
Austria;ASRREA0;ASBG01;Girl;Boy;48,4720300943647;,87724985097556;51,5279699056353;,877249850975558;3,0559398112706;1,75449970195112;1,74177277310004;543,828172569463;2,64667963694162;537,908153162658;2,68260207984;-5,92001940680489;2,44067285529179;-2,42556858612545;-11 to -1;TOTWGT;JRR;FULL;N;25-FEB-26;21h 8m;150;5;Z:\RandA\Work\AndresStrello\ILSAreport_checks\DB\PIRLS2016.sav;NONE
Austria;ASRREA0;ASBG01;Boy;Girl;51,5279699056353;,877249850975558;48,4720300943647;,87724985097556;-3,0559398112706;1,75449970195112;-1,74177277310004;537,908153162658;2,68260207984;543,828172569463;2,64667963694162;5,92001940680489;2,44067285529179;2,42556858612545;1 to 11;TOTWGT;JRR;FULL;N;25-FEB-26;21h 8m;150;5;Z:\RandA\Work\AndresStrello\ILSAreport_checks\DB\PIRLS2016.sav;NONE
Austria;ASRREA0;ASBG01;Boy;Boy;51,5279699056353;,877249850975558;51,5279699056353;,877249850975558;0; ; ;537,908153162658;2,68260207984;537,908153162658;2,68260207984;0; ; ; ;TOTWGT;JRR;FULL;N;25-FEB-26;21h 8m;150;5;Z:\RandA\Work\AndresStrello\ILSAreport_checks\DB\PIRLS2016.sav;NONE
Bahrain;ASRREA0;ASBG01;Girl;Girl;49,8630569018941;1,52499951969751;49,8630569018941;1,52499951969751;0; ; ;467,771640750784;2,84277655538159;467,771640750784;2,84277655538159;0; ; ; ;TOTWGT;JRR;FULL;N;25-FEB-26;21h 8m;150;5;Z:\RandA\Work\AndresStrello\ILSAreport_checks\DB\PIRLS2016.sav;NONE
Bahrain;ASRREA0;ASBG01;Girl;Boy;49,8630569018941;1,52499951969751;50,1369430981059;1,52499951969751;,27388619621177;3,04999903939503;,0897987811386641;467,771640750784;2,84277655538159;424,475496193655;3,4992280678861;-43,2961445571293;3,76550115933598;-11,4981094746932;-51 to -36;TOTWGT;JRR;FULL;N;25-FEB-26;21h 8m;150;5;Z:\RandA\Work\AndresStrello\ILSAreport_checks\DB\PIRLS2016.sav;NONE
Bahrain;ASRREA0;ASBG01;Boy;Girl;50,1369430981059;1,52499951969751;49,8630569018941;1,52499951969751;-,27388619621177;3,04999903939503;-,0897987811386641;424,475496193655;3,4992280678861;467,771640750784;2,84277655538159;43,2961445571293;3,76550115933598;11,4981094746932;36 to 51;TOTWGT;JRR;FULL;N;25-FEB-26;21h 8m;150;5;Z:\RandA\Work\AndresStrello\ILSAreport_checks\DB\PIRLS2016.sav;NONE
Bahrain;ASRREA0;ASBG01;Boy;Boy;50,1369430981059;1,52499951969751;50,1369430981059;1,52499951969751;0; ; ;424,475496193655;3,4992280678861;424,475496193655;3,4992280678861;0; ; ; ;TOTWGT;JRR;FULL;N;25-FEB-26;21h 8m;150;5;Z:\RandA\Work\AndresStrello\ILSAreport_checks\DB\PIRLS2016.sav;NONE
Bulgaria;ASRREA0;ASBG01;Girl;Girl;49,4972306335992;,736769648487239;49,4972306335992;,736769648487239;0; ; ;559,41831224474;4,88965395340234;559,41831224474;4,88965395340234;0; ; ; ;TOTWGT;JRR;FULL;N;25-FEB-26;21h 8m;150;5;Z:\RandA\Work\AndresStrello\ILSAreport_checks\DB\PIRLS2016.sav;NONE
Bulgaria;ASRREA0;ASBG01;Girl;Boy;49,4972306335992;,736769648487239;50,5027693664008;,736769648487245;1,00553873280151;1,47353929697448;,682396957357101;559,41831224474;4,88965395340234;543,778601579039;4,27819143047182;-15,6397106657012;3,44360906140602;-4,54166265299451;-22 to -9;TOTWGT;JRR;FULL;N;25-FEB-26;21h 8m;150;5;Z:\RandA\Work\AndresStrello\ILSAreport_checks\DB\PIRLS2016.sav;NONE
Bulgaria;ASRREA0;ASBG01;Boy;Girl;50,5027693664008;,736769648487245;49,4972306335992;,736769648487239;-1,00553873280151;1,47353929697448;-,682396957357101;543,778601579039;4,27819143047182;559,41831224474;4,88965395340234;15,6397106657012;3,44360906140602;4,54166265299451;9 to 22;TOTWGT;JRR;FULL;N;25-FEB-26;21h 8m;150;5;Z:\RandA\Work\AndresStrello\ILSAreport_checks\DB\PIRLS2016.sav;NONE
Bulgaria;ASRREA0;ASBG01;Boy;Boy;50,5027693664008;,736769648487245;50,5027693664008;,736769648487245;0; ; ;543,778601579039;4,27819143047182;543,778601579039;4,27819143047182;0; ; ; ;TOTWGT;JRR;FULL;N;25-FEB-26;21h 8m;150;5;Z:\RandA\Work\AndresStrello\ILSAreport_checks\DB\PIRLS2016.sav;NONE
Canada;ASRREA0;ASBG01;Girl;Girl;49,3373996105353;,617638261093059;49,3373996105353;,617638261093059;0; ; ;549,341846058057;2,13272749880677;549,341846058057;2,13272749880677;0; ; ; ;TOTWGT;JRR;FULL;N;25-FEB-26;21h 8m;150;5;Z:\RandA\Work\AndresStrello\ILSAreport_checks\DB\PIRLS2016.sav;NONE
Canada;ASRREA0;ASBG01;Girl;Boy;49,3373996105353;,617638261093059;50,6626003894647;,617638261093055;1,32520077892941;1,23527652218612;1,07279686380192;549,341846058057;2,13272749880677;537,382217511789;2,07436824150064;-11,9596285462681;2,13966257117931;-5,58949280478198;-16 to -8;TOTWGT;JRR;FULL;N;25-FEB-26;21h 8m;150;5;Z:\RandA\Work\AndresStrello\ILSAreport_checks\DB\PIRLS2016.sav;NONE
Canada;ASRREA0;ASBG01;Boy;Girl;50,6626003894647;,617638261093055;49,3373996105353;,617638261093059;-1,32520077892941;1,23527652218612;-1,07279686380192;537,382217511789;2,07436824150064;549,341846058057;2,13272749880677;11,9596285462681;2,13966257117931;5,58949280478198;8 to 16;TOTWGT;JRR;FULL;N;25-FEB-26;21h 8m;150;5;Z:\RandA\Work\AndresStrello\ILSAreport_checks\DB\PIRLS2016.sav;NONE
Canada;ASRREA0;ASBG01;Boy;Boy;50,6626003894647;,617638261093055;50,6626003894647;,617638261093055;0; ; ;537,382217511789;2,07436824150064;537,382217511789;2,07436824150064;0; ; ; ;TOTWGT;JRR;FULL;N;25-FEB-26;21h 8m;150;5;Z:\RandA\Work\AndresStrello\ILSAreport_checks\DB\PIRLS2016.sav;NONE
Chile;ASRREA0;ASBG01;Girl;Girl;47,6263223824847;1,41336818971085;47,6263223824847;1,41336818971085;0; ; ;501,607374958723;2,92808210517868;501,607374958723;2,92808210517868;0; ; ; ;TOTWGT;JRR;FULL;N;25-FEB-26;21h 8m;150;5;Z:\RandA\Work\AndresStrello\ILSAreport_checks\DB\PIRLS2016.sav;NONE
Chile;ASRREA0;ASBG01;Girl;Boy;47,6263223824847;1,41336818971085;52,3736776175153;1,41336818971085;4,74735523503055;2,82673637942169;1,67944746089191;501,607374958723;2,92808210517868;487,008731839487;3,20299193199102;-14,5986431192366;3,68298949576819;-3,96380254030336;-22 to -7;TOTWGT;JRR;FULL;N;25-FEB-26;21h 8m;150;5;Z:\RandA\Work\AndresStrello\ILSAreport_checks\DB\PIRLS2016.sav;NONE
Chile;ASRREA0;ASBG01;Boy;Girl;52,3736776175153;1,41336818971085;47,6263223824847;1,41336818971085;-4,74735523503055;2,82673637942169;-1,67944746089191;487,008731839487;3,20299193199102;501,607374958723;2,92808210517868;14,5986431192366;3,68298949576819;3,96380254030336;7 to 22;TOTWGT;JRR;FULL;N;25-FEB-26;21h 8m;150;5;Z:\RandA\Work\AndresStrello\ILSAreport_checks\DB\PIRLS2016.sav;NONE
Chile;ASRREA0;ASBG01;Boy;Boy;52,3736776175153;1,41336818971085;52,3736776175153;1,41336818971085;0; ; ;487,008731839487;3,20299193199102;487,008731839487;3,20299193199102;0; ; ; ;TOTWGT;JRR;FULL;N;25-FEB-26;21h 8m;150;5;Z:\RandA\Work\AndresStrello\ILSAreport_checks\DB\PIRLS2016.sav;NONE
Chinese Taipei;ASRREA0;ASBG01;Girl;Girl;48,1092212095421;,641500318062171;48,1092212095421;,641500318062171;0; ; ;562,797378914609;2,24477820143102;562,797378914609;2,24477820143102;0; ; ; ;TOTWGT;JRR;FULL;N;25-FEB-26;21h 8m;150;5;Z:\RandA\Work\AndresStrello\ILSAreport_checks\DB\PIRLS2016.sav;NONE
Chinese Taipei;ASRREA0;ASBG01;Girl;Boy;48,1092212095421;,641500318062171;51,8907787904579;,64150031806217;3,78155758091575;1,28300063612434;2,94743235072665;562,797378914609;2,24477820143102;555,27504177345;2,26087226491153;-7,52233714115964;1,91351401947008;-3,93116385070586;-11 to -4;TOTWGT;JRR;FULL;N;25-FEB-26;21h 8m;150;5;Z:\RandA\Work\AndresStrello\ILSAreport_checks\DB\PIRLS2016.sav;NONE
Chinese Taipei;ASRREA0;ASBG01;Boy;Girl;51,8907787904579;,64150031806217;48,1092212095421;,641500318062171;-3,78155758091575;1,28300063612434;-2,94743235072665;555,27504177345;2,26087226491153;562,797378914609;2,24477820143102;7,52233714115964;1,91351401947008;3,93116385070586;4 to 11;TOTWGT;JRR;FULL;N;25-FEB-26;21h 8m;150;5;Z:\RandA\Work\AndresStrello\ILSAreport_checks\DB\PIRLS2016.sav;NONE
Chinese Taipei;ASRREA0;ASBG01;Boy;Boy;51,8907787904579;,64150031806217;51,8907787904579;,64150031806217;0; ; ;555,27504177345;2,26087226491153;555,27504177345;2,26087226491153;0; ; ; ;TOTWGT;JRR;FULL;N;25-FEB-26;21h 8m;150;5;Z:\RandA\Work\AndresStrello\ILSAreport_checks\DB\PIRLS2016.sav;NONE
Czech Republic;ASRREA0;ASBG01;Girl;Girl;49,1285414013935;,94239972040127;49,1285414013935;,94239972040127;0; ; ;548,663220340885;2,18831877323358;548,663220340885;2,18831877323358;0; ; ; ;TOTWGT;JRR;FULL;N;25-FEB-26;21h 8m;150;5;Z:\RandA\Work\AndresStrello\ILSAreport_checks\DB\PIRLS2016.sav;NONE
Czech Republic;ASRREA0;ASBG01;Girl;Boy;49,1285414013935;,94239972040127;50,8714585986065;,942399720401269;1,74291719721303;1,88479944080254;,924722895965477;548,663220340885;2,18831877323358;538,306231127626;2,64058961584342;-10,3569892132592;2,38378338168241;-4,34476945046472;-15 to -6;TOTWGT;JRR;FULL;N;25-FEB-26;21h 8m;150;5;Z:\RandA\Work\AndresStrello\ILSAreport_checks\DB\PIRLS2016.sav;NONE
Czech Republic;ASRREA0;ASBG01;Boy;Girl;50,8714585986065;,942399720401269;49,1285414013935;,94239972040127;-1,74291719721303;1,88479944080254;-,924722895965477;538,306231127626;2,64058961584342;548,663220340885;2,18831877323358;10,3569892132592;2,38378338168241;4,34476945046472;6 to 15;TOTWGT;JRR;FULL;N;25-FEB-26;21h 8m;150;5;Z:\RandA\Work\AndresStrello\ILSAreport_checks\DB\PIRLS2016.sav;NONE
Czech Republic;ASRREA0;ASBG01;Boy;Boy;50,8714585986065;,942399720401269;50,8714585986065;,942399720401269;0; ; ;538,306231127626;2,64058961584342;538,306231127626;2,64058961584342;0; ; ; ;TOTWGT;JRR;FULL;N;25-FEB-26;21h 8m;150;5;Z:\RandA\Work\AndresStrello\ILSAreport_checks\DB\PIRLS2016.sav;NONE
Denmark;ASRREA0;ASBG01;Girl;Girl;51,058349123138;,895124735859765;51,058349123138;,895124735859765;0; ; ;554,34070633432;2,6338738361088;554,34070633432;2,6338738361088;0; ; ; ;TOTWGT;JRR;FULL;N;25-FEB-26;21h 8m;150;5;Z:\RandA\Work\AndresStrello\ILSAreport_checks\DB\PIRLS2016.sav;NONE
Denmark;ASRREA0;ASBG01;Girl;Boy;51,058349123138;,895124735859765;48,941650876862;,89512473585977;-2,11669824627596;1,79024947171954;-1,18234820326067;554,34070633432;2,6338738361088;541,266483873112;2,59692103724544;-13,0742224612083;3,09318687573518;-4,22678065905761;-19 to -7;TOTWGT;JRR;FULL;N;25-FEB-26;21h 8m;150;5;Z:\RandA\Work\AndresStrello\ILSAreport_checks\DB\PIRLS2016.sav;NONE
Denmark;ASRREA0;ASBG01;Boy;Girl;48,941650876862;,89512473585977;51,058349123138;,895124735859765;2,11669824627596;1,79024947171954;1,18234820326067;541,266483873112;2,59692103724544;554,34070633432;2,6338738361088;13,0742224612083;3,09318687573518;4,22678065905761;7 to 19;TOTWGT;JRR;FULL;N;25-FEB-26;21h 8m;150;5;Z:\RandA\Work\AndresStrello\ILSAreport_checks\DB\PIRLS2016.sav;NONE
Denmark;ASRREA0;ASBG01;Boy;Boy;48,941650876862;,89512473585977;48,941650876862;,89512473585977;0; ; ;541,266483873112;2,59692103724544;541,266483873112;2,59692103724544;0; ; ; ;TOTWGT;JRR;FULL;N;25-FEB-26;21h 8m;150;5;Z:\RandA\Work\AndresStrello\ILSAreport_checks\DB\PIRLS2016.sav;NONE
Finland;ASRREA0;ASBG01;Girl;Girl;49,8994951579846;,88483697207022;49,8994951579846;,88483697207022;0; ; ;576,959095763563;1,93473806264151;576,959095763563;1,93473806264151;0; ; ; ;TOTWGT;JRR;FULL;N;25-FEB-26;21h 8m;150;5;Z:\RandA\Work\AndresStrello\ILSAreport_checks\DB\PIRLS2016.sav;NONE
Finland;ASRREA0;ASBG01;Girl;Boy;49,8994951579846;,88483697207022;50,1005048420154;,884836972070216;,201009684030709;1,76967394414044;,113585717129571;576,959095763563;1,93473806264151;555,24280321832;2,30805735658228;-21,7162925452439;2,20994254784608;-9,82663217485439;-26 to -17;TOTWGT;JRR;FULL;N;25-FEB-26;21h 8m;150;5;Z:\RandA\Work\AndresStrello\ILSAreport_checks\DB\PIRLS2016.sav;NONE
Finland;ASRREA0;ASBG01;Boy;Girl;50,1005048420154;,884836972070216;49,8994951579846;,88483697207022;-,201009684030709;1,76967394414044;-,113585717129571;555,24280321832;2,30805735658228;576,959095763563;1,93473806264151;21,7162925452439;2,20994254784608;9,82663217485439;17 to 26;TOTWGT;JRR;FULL;N;25-FEB-26;21h 8m;150;5;Z:\RandA\Work\AndresStrello\ILSAreport_checks\DB\PIRLS2016.sav;NONE
Finland;ASRREA0;ASBG01;Boy;Boy;50,1005048420154;,884836972070216;50,1005048420154;,884836972070216;0; ; ;555,24280321832;2,30805735658228;555,24280321832;2,30805735658228;0; ; ; ;TOTWGT;JRR;FULL;N;25-FEB-26;21h 8m;150;5;Z:\RandA\Work\AndresStrello\ILSAreport_checks\DB\PIRLS2016.sav;NONE
France;ASRREA0;ASBG01;Girl;Girl;50,4967659426377;,945644983287179;50,4967659426377;,945644983287179;0; ; ;515,32087821722;2,6556161354963;515,32087821722;2,6556161354963;0; ; ; ;TOTWGT;JRR;FULL;N;25-FEB-26;21h 8m;150;5;Z:\RandA\Work\AndresStrello\ILSAreport_checks\DB\PIRLS2016.sav;NONE
France;ASRREA0;ASBG01;Girl;Boy;50,4967659426377;,945644983287179;49,5032340573623;,94564498328718;-,993531885275311;1,89128996657436;-,52531970392402;515,32087821722;2,6556161354963;507,459098482911;2,46157339536615;-7,86177973430953;2,62731410217781;-2,99232578540678;-13 to -3;TOTWGT;JRR;FULL;N;25-FEB-26;21h 8m;150;5;Z:\RandA\Work\AndresStrello\ILSAreport_checks\DB\PIRLS2016.sav;NONE
France;ASRREA0;ASBG01;Boy;Girl;49,5032340573623;,94564498328718;50,4967659426377;,945644983287179;,993531885275311;1,89128996657436;,52531970392402;507,459098482911;2,46157339536615;515,32087821722;2,6556161354963;7,86177973430953;2,62731410217781;2,99232578540678;3 to 13;TOTWGT;JRR;FULL;N;25-FEB-26;21h 8m;150;5;Z:\RandA\Work\AndresStrello\ILSAreport_checks\DB\PIRLS2016.sav;NONE
France;ASRREA0;ASBG01;Boy;Boy;49,5032340573623;,94564498328718;49,5032340573623;,94564498328718;0; ; ;507,459098482911;2,46157339536615;507,459098482911;2,46157339536615;0; ; ; ;TOTWGT;JRR;FULL;N;25-FEB-26;21h 8m;150;5;Z:\RandA\Work\AndresStrello\ILSAreport_checks\DB\PIRLS2016.sav;NONE
Georgia;ASRREA0;ASBG01;Girl;Girl;49,3759691611319;,719590817709;49,3759691611319;,719590817709;0; ; ;498,069920217691;2,73102910361649;498,069920217691;2,73102910361649;0; ; ; ;TOTWGT;JRR;FULL;N;25-FEB-26;21h 8m;150;5;Z:\RandA\Work\AndresStrello\ILSAreport_checks\DB\PIRLS2016.sav;NONE
Georgia;ASRREA0;ASBG01;Girl;Boy;49,3759691611319;,719590817709;50,6240308388681;,719590817708999;1,2480616777362;1,439181635418;,867202337093269;498,069920217691;2,73102910361649;478,821526506385;3,61984078254058;-19,2483937113061;3,17178544196165;-6,0686304491648;-25 to -13;TOTWGT;JRR;FULL;N;25-FEB-26;21h 8m;150;5;Z:\RandA\Work\AndresStrello\ILSAreport_checks\DB\PIRLS2016.sav;NONE
Georgia;ASRREA0;ASBG01;Boy;Girl;50,6240308388681;,719590817708999;49,3759691611319;,719590817709;-1,2480616777362;1,439181635418;-,867202337093269;478,821526506385;3,61984078254058;498,069920217691;2,73102910361649;19,2483937113061;3,17178544196165;6,0686304491648;13 to 25;TOTWGT;JRR;FULL;N;25-FEB-26;21h 8m;150;5;Z:\RandA\Work\AndresStrello\ILSAreport_checks\DB\PIRLS2016.sav;NONE
Georgia;ASRREA0;ASBG01;Boy;Boy;50,6240308388681;,719590817708999;50,6240308388681;,719590817708999;0; ; ;478,821526506385;3,61984078254058;478,821526506385;3,61984078254058;0; ; ; ;TOTWGT;JRR;FULL;N;25-FEB-26;21h 8m;150;5;Z:\RandA\Work\AndresStrello\ILSAreport_checks\DB\PIRLS2016.sav;NONE
Germany;ASRREA0;ASBG01;Girl;Girl;49,8231370413357;,694311005522729;49,8231370413357;,694311005522729;0; ; ;547,368528429776;3,18579298044462;547,368528429776;3,18579298044462;0; ; ; ;TOTWGT;JRR;FULL;N;25-FEB-26;21h 8m;150;5;Z:\RandA\Work\AndresStrello\ILSAreport_checks\DB\PIRLS2016.sav;NONE
Germany;ASRREA0;ASBG01;Girl;Boy;49,8231370413357;,694311005522729;50,1768629586643;,694311005522736;,35372591732861;1,38862201104546;,254731607676518;547,368528429776;3,18579298044462;537,021979734403;3,05240301080329;-10,3465486953731;2,81137376432694;-3,68024658501787;-16 to -5;TOTWGT;JRR;FULL;N;25-FEB-26;21h 8m;150;5;Z:\RandA\Work\AndresStrello\ILSAreport_checks\DB\PIRLS2016.sav;NONE
Germany;ASRREA0;ASBG01;Boy;Girl;50,1768629586643;,694311005522736;49,8231370413357;,694311005522729;-,35372591732861;1,38862201104546;-,254731607676518;537,021979734403;3,05240301080329;547,368528429776;3,18579298044462;10,3465486953731;2,81137376432694;3,68024658501787;5 to 16;TOTWGT;JRR;FULL;N;25-FEB-26;21h 8m;150;5;Z:\RandA\Work\AndresStrello\ILSAreport_checks\DB\PIRLS2016.sav;NONE
Germany;ASRREA0;ASBG01;Boy;Boy;50,1768629586643;,694311005522736;50,1768629586643;,694311005522736;0; ; ;537,021979734403;3,05240301080329;537,021979734403;3,05240301080329;0; ; ; ;TOTWGT;JRR;FULL;N;25-FEB-26;21h 8m;150;5;Z:\RandA\Work\AndresStrello\ILSAreport_checks\DB\PIRLS2016.sav;NONE
Hong Kong, SAR;ASRREA0;ASBG01;Girl;Girl;48,8140921097145;1,55238286576557;48,8140921097145;1,55238286576557;0; ; ;573,618056489703;2,96685620965941;573,618056489703;2,96685620965941;0; ; ; ;TOTWGT;JRR;FULL;N;25-FEB-26;21h 8m;150;5;Z:\RandA\Work\AndresStrello\ILSAreport_checks\DB\PIRLS2016.sav;NONE
Hong Kong, SAR;ASRREA0;ASBG01;Girl;Boy;48,8140921097145;1,55238286576557;51,1859078902855;1,55238286576557;2,37181578057092;3,10476573153114;,763927454005117;573,618056489703;2,96685620965941;564,583242930035;3,17594534872192;-9,03481355966801;2,55343435715564;-3,53829873650334;-14 to -4;TOTWGT;JRR;FULL;N;25-FEB-26;21h 8m;150;5;Z:\RandA\Work\AndresStrello\ILSAreport_checks\DB\PIRLS2016.sav;NONE
Hong Kong, SAR;ASRREA0;ASBG01;Boy;Girl;51,1859078902855;1,55238286576557;48,8140921097145;1,55238286576557;-2,37181578057092;3,10476573153114;-,763927454005117;564,583242930035;3,17594534872192;573,618056489703;2,96685620965941;9,03481355966801;2,55343435715564;3,53829873650334;4 to 14;TOTWGT;JRR;FULL;N;25-FEB-26;21h 8m;150;5;Z:\RandA\Work\AndresStrello\ILSAreport_checks\DB\PIRLS2016.sav;NONE
Hong Kong, SAR;ASRREA0;ASBG01;Boy;Boy;51,1859078902855;1,55238286576557;51,1859078902855;1,55238286576557;0; ; ;564,583242930035;3,17594534872192;564,583242930035;3,17594534872192;0; ; ; ;TOTWGT;JRR;FULL;N;25-FEB-26;21h 8m;150;5;Z:\RandA\Work\AndresStrello\ILSAreport_checks\DB\PIRLS2016.sav;NONE
Hungary;ASRREA0;ASBG01;Girl;Girl;49,4175409209113;,82998674361302;49,4175409209113;,82998674361302;0; ; ;560,650905685079;3,38591809120758;560,650905685079;3,38591809120758;0; ; ; ;TOTWGT;JRR;FULL;N;25-FEB-26;21h 8m;150;5;Z:\RandA\Work\AndresStrello\ILSAreport_checks\DB\PIRLS2016.sav;NONE
Hungary;ASRREA0;ASBG01;Girl;Boy;49,4175409209113;,82998674361302;50,5824590790887;,829986743613026;1,16491815817736;1,65997348722605;,701769134954097;560,650905685079;3,38591809120758;547,817956064036;3,12072112279684;-12,8329496210433;3,09164460232636;-4,15084890785537;-19 to -7;TOTWGT;JRR;FULL;N;25-FEB-26;21h 8m;150;5;Z:\RandA\Work\AndresStrello\ILSAreport_checks\DB\PIRLS2016.sav;NONE
Hungary;ASRREA0;ASBG01;Boy;Girl;50,5824590790887;,829986743613026;49,4175409209113;,82998674361302;-1,16491815817736;1,65997348722605;-,701769134954097;547,817956064036;3,12072112279684;560,650905685079;3,38591809120758;12,8329496210433;3,09164460232636;4,15084890785537;7 to 19;TOTWGT;JRR;FULL;N;25-FEB-26;21h 8m;150;5;Z:\RandA\Work\AndresStrello\ILSAreport_checks\DB\PIRLS2016.sav;NONE
Hungary;ASRREA0;ASBG01;Boy;Boy;50,5824590790887;,829986743613026;50,5824590790887;,829986743613026;0; ; ;547,817956064036;3,12072112279684;547,817956064036;3,12072112279684;0; ; ; ;TOTWGT;JRR;FULL;N;25-FEB-26;21h 8m;150;5;Z:\RandA\Work\AndresStrello\ILSAreport_checks\DB\PIRLS2016.sav;NONE
Iran, Islamic Republic of;ASRREA0;ASBG01;Girl;Girl;46,1844335673342;1,12494705593244;46,1844335673342;1,12494705593244;0; ; ;455,051209118067;4,2693870198188;455,051209118067;4,2693870198188;0; ; ; ;TOTWGT;JRR;FULL;N;25-FEB-26;21h 8m;150;5;Z:\RandA\Work\AndresStrello\ILSAreport_checks\DB\PIRLS2016.sav;NONE
Iran, Islamic Republic of;ASRREA0;ASBG01;Girl;Boy;46,1844335673342;1,12494705593244;53,8155664326657;1,12494705593244;7,63113286533151;2,24989411186488;3,39177422843524;455,051209118067;4,2693870198188;410,994704187774;5,57609225941851;-44,0565049302925;6,37294217962573;-6,9130558050787;-57 to -32;TOTWGT;JRR;FULL;N;25-FEB-26;21h 8m;150;5;Z:\RandA\Work\AndresStrello\ILSAreport_checks\DB\PIRLS2016.sav;NONE
Iran, Islamic Republic of;ASRREA0;ASBG01;Boy;Girl;53,8155664326657;1,12494705593244;46,1844335673342;1,12494705593244;-7,63113286533151;2,24989411186488;-3,39177422843524;410,994704187774;5,57609225941851;455,051209118067;4,2693870198188;44,0565049302925;6,37294217962573;6,9130558050787;32 to 57;TOTWGT;JRR;FULL;N;25-FEB-26;21h 8m;150;5;Z:\RandA\Work\AndresStrello\ILSAreport_checks\DB\PIRLS2016.sav;NONE
Iran, Islamic Republic of;ASRREA0;ASBG01;Boy;Boy;53,8155664326657;1,12494705593244;53,8155664326657;1,12494705593244;0; ; ;410,994704187774;5,57609225941851;410,994704187774;5,57609225941851;0; ; ; ;TOTWGT;JRR;FULL;N;25-FEB-26;21h 8m;150;5;Z:\RandA\Work\AndresStrello\ILSAreport_checks\DB\PIRLS2016.sav;NONE
Ireland;ASRREA0;ASBG01;Girl;Girl;49,993318085055;1,57290588625034;49,993318085055;1,57290588625034;0; ; ;572,692866650694;2,86563167602609;572,692866650694;2,86563167602609;0; ; ; ;TOTWGT;JRR;FULL;N;25-FEB-26;21h 8m;150;5;Z:\RandA\Work\AndresStrello\ILSAreport_checks\DB\PIRLS2016.sav;NONE
Ireland;ASRREA0;ASBG01;Girl;Boy;49,993318085055;1,57290588625034;50,006681914945;1,57290588625035;,0133638298900919;3,14581177250069;,00424813398147743;572,692866650694;2,86563167602609;561,002101239677;3,2790193790662;-11,6907654110169;3,72299523947476;-3,14015051296875;-19 to -4;TOTWGT;JRR;FULL;N;25-FEB-26;21h 8m;150;5;Z:\RandA\Work\AndresStrello\ILSAreport_checks\DB\PIRLS2016.sav;NONE
Ireland;ASRREA0;ASBG01;Boy;Girl;50,006681914945;1,57290588625035;49,993318085055;1,57290588625034;-,0133638298900919;3,14581177250069;-,00424813398147743;561,002101239677;3,2790193790662;572,692866650694;2,86563167602609;11,6907654110169;3,72299523947476;3,14015051296875;4 to 19;TOTWGT;JRR;FULL;N;25-FEB-26;21h 8m;150;5;Z:\RandA\Work\AndresStrello\ILSAreport_checks\DB\PIRLS2016.sav;NONE
Ireland;ASRREA0;ASBG01;Boy;Boy;50,006681914945;1,57290588625035;50,006681914945;1,57290588625035;0; ; ;561,002101239677;3,2790193790662;561,002101239677;3,2790193790662;0; ; ; ;TOTWGT;JRR;FULL;N;25-FEB-26;21h 8m;150;5;Z:\RandA\Work\AndresStrello\ILSAreport_checks\DB\PIRLS2016.sav;NONE
Israel;ASRREA0;ASBG01;Girl;Girl;50,6827556324549;1,46926464934592;50,6827556324549;1,46926464934592;0; ; ;537,084397590919;2,90902095845501;537,084397590919;2,90902095845501;0; ; ; ;TOTWGT;JRR;FULL;N;25-FEB-26;21h 8m;150;5;Z:\RandA\Work\AndresStrello\ILSAreport_checks\DB\PIRLS2016.sav;NONE
Israel;ASRREA0;ASBG01;Girl;Boy;50,6827556324549;1,46926464934592;49,3172443675451;1,46926464934592;-1,36551126490974;2,93852929869184;-,46469207079801;537,084397590919;2,90902095845501;523,982560605346;3,41767876817896;-13,1018369855728;3,83335722489699;-3,41784921595061;-21 to -6;TOTWGT;JRR;FULL;N;25-FEB-26;21h 8m;150;5;Z:\RandA\Work\AndresStrello\ILSAreport_checks\DB\PIRLS2016.sav;NONE
Israel;ASRREA0;ASBG01;Boy;Girl;49,3172443675451;1,46926464934592;50,6827556324549;1,46926464934592;1,36551126490974;2,93852929869184;,46469207079801;523,982560605346;3,41767876817896;537,084397590919;2,90902095845501;13,1018369855728;3,83335722489699;3,41784921595061;6 to 21;TOTWGT;JRR;FULL;N;25-FEB-26;21h 8m;150;5;Z:\RandA\Work\AndresStrello\ILSAreport_checks\DB\PIRLS2016.sav;NONE
Israel;ASRREA0;ASBG01;Boy;Boy;49,3172443675451;1,46926464934592;49,3172443675451;1,46926464934592;0; ; ;523,982560605346;3,41767876817896;523,982560605346;3,41767876817896;0; ; ; ;TOTWGT;JRR;FULL;N;25-FEB-26;21h 8m;150;5;Z:\RandA\Work\AndresStrello\ILSAreport_checks\DB\PIRLS2016.sav;NONE
Italy;ASRREA0;ASBG01;Girl;Girl;48,7993998505377;,849103689199227;48,7993998505377;,849103689199227;0; ; ;551,756844656834;2,65066092317809;551,756844656834;2,65066092317809;0; ; ; ;TOTWGT;JRR;FULL;N;25-FEB-26;21h 8m;150;5;Z:\RandA\Work\AndresStrello\ILSAreport_checks\DB\PIRLS2016.sav;NONE
Italy;ASRREA0;ASBG01;Girl;Boy;48,7993998505377;,849103689199227;51,2006001494623;,849103689199229;2,40120029892457;1,69820737839846;1,41396176313231;551,756844656834;2,65066092317809;544,496322435291;2,43838905810121;-7,26052222154228;2,60612169861317;-2,78594903123899;-12 to -2;TOTWGT;JRR;FULL;N;25-FEB-26;21h 8m;150;5;Z:\RandA\Work\AndresStrello\ILSAreport_checks\DB\PIRLS2016.sav;NONE
Italy;ASRREA0;ASBG01;Boy;Girl;51,2006001494623;,849103689199229;48,7993998505377;,849103689199227;-2,40120029892457;1,69820737839846;-1,41396176313231;544,496322435291;2,43838905810121;551,756844656834;2,65066092317809;7,26052222154228;2,60612169861317;2,78594903123899;2 to 12;TOTWGT;JRR;FULL;N;25-FEB-26;21h 8m;150;5;Z:\RandA\Work\AndresStrello\ILSAreport_checks\DB\PIRLS2016.sav;NONE
Italy;ASRREA0;ASBG01;Boy;Boy;51,2006001494623;,849103689199229;51,2006001494623;,849103689199229;0; ; ;544,496322435291;2,43838905810121;544,496322435291;2,43838905810121;0; ; ; ;TOTWGT;JRR;FULL;N;25-FEB-26;21h 8m;150;5;Z:\RandA\Work\AndresStrello\ILSAreport_checks\DB\PIRLS2016.sav;NONE
Kazakhstan;ASRREA0;ASBG01;Girl;Girl;48,6133633418893;,828711110094045;48,6133633418893;,828711110094045;0; ; ;541,840185792133;2,84674040903574;541,840185792133;2,84674040903574;0; ; ; ;TOTWGT;JRR;FULL;N;25-FEB-26;21h 8m;150;5;Z:\RandA\Work\AndresStrello\ILSAreport_checks\DB\PIRLS2016.sav;NONE
Kazakhstan;ASRREA0;ASBG01;Girl;Boy;48,6133633418893;,828711110094045;51,3866366581107;,828711110094044;2,77327331622146;1,65742222018809;1,67324492361804;541,840185792133;2,84674040903574;530,565095791134;2,54870937285511;-11,2750900009992;2,14335386043161;-5,26048927764487;-15 to -7;TOTWGT;JRR;FULL;N;25-FEB-26;21h 8m;150;5;Z:\RandA\Work\AndresStrello\ILSAreport_checks\DB\PIRLS2016.sav;NONE
Kazakhstan;ASRREA0;ASBG01;Boy;Girl;51,3866366581107;,828711110094044;48,6133633418893;,828711110094045;-2,77327331622146;1,65742222018809;-1,67324492361804;530,565095791134;2,54870937285511;541,840185792133;2,84674040903574;11,2750900009992;2,14335386043161;5,26048927764487;7 to 15;TOTWGT;JRR;FULL;N;25-FEB-26;21h 8m;150;5;Z:\RandA\Work\AndresStrello\ILSAreport_checks\DB\PIRLS2016.sav;NONE
Kazakhstan;ASRREA0;ASBG01;Boy;Boy;51,3866366581107;,828711110094044;51,3866366581107;,828711110094044;0; ; ;530,565095791134;2,54870937285511;530,565095791134;2,54870937285511;0; ; ; ;TOTWGT;JRR;FULL;N;25-FEB-26;21h 8m;150;5;Z:\RandA\Work\AndresStrello\ILSAreport_checks\DB\PIRLS2016.sav;NONE
Kuwait;ASRREA0;ASBG01;Girl;Girl;51,9382793459745;1,82744592231696;51,9382793459745;1,82744592231696;0; ; ;410,581232631749;4,66473374392497;410,581232631749;4,66473374392497;0; ; ; ;TOTWGT;JRR;FULL;N;25-FEB-26;21h 8m;150;5;Z:\RandA\Work\AndresStrello\ILSAreport_checks\DB\PIRLS2016.sav;NONE
Kuwait;ASRREA0;ASBG01;Girl;Boy;51,9382793459745;1,82744592231696;48,0617206540255;1,82744592231695;-3,8765586919489;3,65489184463391;-1,06064935892438;410,581232631749;4,66473374392497;377,652896742405;6,39824267702262;-32,9283358893442;7,5947638299822;-4,33566291546177;-48 to -18;TOTWGT;JRR;FULL;N;25-FEB-26;21h 8m;150;5;Z:\RandA\Work\AndresStrello\ILSAreport_checks\DB\PIRLS2016.sav;NONE
Kuwait;ASRREA0;ASBG01;Boy;Girl;48,0617206540255;1,82744592231695;51,9382793459745;1,82744592231696;3,8765586919489;3,65489184463391;1,06064935892438;377,652896742405;6,39824267702262;410,581232631749;4,66473374392497;32,9283358893442;7,5947638299822;4,33566291546177;18 to 48;TOTWGT;JRR;FULL;N;25-FEB-26;21h 8m;150;5;Z:\RandA\Work\AndresStrello\ILSAreport_checks\DB\PIRLS2016.sav;NONE
Kuwait;ASRREA0;ASBG01;Boy;Boy;48,0617206540255;1,82744592231695;48,0617206540255;1,82744592231695;0; ; ;377,652896742405;6,39824267702262;377,652896742405;6,39824267702262;0; ; ; ;TOTWGT;JRR;FULL;N;25-FEB-26;21h 8m;150;5;Z:\RandA\Work\AndresStrello\ILSAreport_checks\DB\PIRLS2016.sav;NONE
Latvia;ASRREA0;ASBG01;Girl;Girl;50,9989634207809;1,11022212479747;50,9989634207809;1,11022212479747;0; ; ;565,844586318483;2,13446536388255;565,844586318483;2,13446536388255;0; ; ; ;TOTWGT;JRR;FULL;N;25-FEB-26;21h 8m;150;5;Z:\RandA\Work\AndresStrello\ILSAreport_checks\DB\PIRLS2016.sav;NONE
Latvia;ASRREA0;ASBG01;Girl;Boy;50,9989634207809;1,11022212479747;49,0010365792191;1,11022212479747;-1,99792684156173;2,22044424959493;-,899786987187903;565,844586318483;2,13446536388255;549,127735597194;2,0372450926776;-16,7168507212887;2,47115985176587;-6,7647791822706;-22 to -12;TOTWGT;JRR;FULL;N;25-FEB-26;21h 8m;150;5;Z:\RandA\Work\AndresStrello\ILSAreport_checks\DB\PIRLS2016.sav;NONE
Latvia;ASRREA0;ASBG01;Boy;Girl;49,0010365792191;1,11022212479747;50,9989634207809;1,11022212479747;1,99792684156173;2,22044424959493;,899786987187903;549,127735597194;2,0372450926776;565,844586318483;2,13446536388255;16,7168507212887;2,47115985176587;6,7647791822706;12 to 22;TOTWGT;JRR;FULL;N;25-FEB-26;21h 8m;150;5;Z:\RandA\Work\AndresStrello\ILSAreport_checks\DB\PIRLS2016.sav;NONE
Latvia;ASRREA0;ASBG01;Boy;Boy;49,0010365792191;1,11022212479747;49,0010365792191;1,11022212479747;0; ; ;549,127735597194;2,0372450926776;549,127735597194;2,0372450926776;0; ; ; ;TOTWGT;JRR;FULL;N;25-FEB-26;21h 8m;150;5;Z:\RandA\Work\AndresStrello\ILSAreport_checks\DB\PIRLS2016.sav;NONE
Lithuania;ASRREA0;ASBG01;Girl;Girl;50,2824998728071;,997176527471635;50,2824998728071;,997176527471635;0; ; ;558,382426791175;2,71833374042823;558,382426791175;2,71833374042823;0; ; ; ;TOTWGT;JRR;FULL;N;25-FEB-26;21h 8m;150;5;Z:\RandA\Work\AndresStrello\ILSAreport_checks\DB\PIRLS2016.sav;NONE
Lithuania;ASRREA0;ASBG01;Girl;Boy;50,2824998728071;,997176527471635;49,7175001271929;,997176527471628;-,564999745614132;1,99435305494326;-,28329976190209;558,382426791175;2,71833374042823;538,303739380564;3,26137357230815;-20,0786874106114;3,08164676333609;-6,51557071676666;-26 to -14;TOTWGT;JRR;FULL;N;25-FEB-26;21h 8m;150;5;Z:\RandA\Work\AndresStrello\ILSAreport_checks\DB\PIRLS2016.sav;NONE
Lithuania;ASRREA0;ASBG01;Boy;Girl;49,7175001271929;,997176527471628;50,2824998728071;,997176527471635;,564999745614132;1,99435305494326;,28329976190209;538,303739380564;3,26137357230815;558,382426791175;2,71833374042823;20,0786874106114;3,08164676333609;6,51557071676666;14 to 26;TOTWGT;JRR;FULL;N;25-FEB-26;21h 8m;150;5;Z:\RandA\Work\AndresStrello\ILSAreport_checks\DB\PIRLS2016.sav;NONE
Lithuania;ASRREA0;ASBG01;Boy;Boy;49,7175001271929;,997176527471628;49,7175001271929;,997176527471628;0; ; ;538,303739380564;3,26137357230815;538,303739380564;3,26137357230815;0; ; ; ;TOTWGT;JRR;FULL;N;25-FEB-26;21h 8m;150;5;Z:\RandA\Work\AndresStrello\ILSAreport_checks\DB\PIRLS2016.sav;NONE
Macao SAR;ASRREA0;ASBG01;Girl;Girl;49,1015398398161;,499105423288102;49,1015398398161;,499105423288102;0; ; ;546,058076952495;1,6045714751173;546,058076952495;1,6045714751173;0; ; ; ;TOTWGT;JRR;FULL;N;25-FEB-26;21h 8m;150;5;Z:\RandA\Work\AndresStrello\ILSAreport_checks\DB\PIRLS2016.sav;NONE
Macao SAR;ASRREA0;ASBG01;Girl;Boy;49,1015398398161;,499105423288102;50,8984601601839;,499105423288097;1,79692032036785;,998210846576198;1,8001410488888;546,058076952495;1,6045714751173;545,166761742603;1,69430811505902;-,891315209891695;2,56187286064118;-,347915473708801;-6 to 4;TOTWGT;JRR;FULL;N;25-FEB-26;21h 8m;150;5;Z:\RandA\Work\AndresStrello\ILSAreport_checks\DB\PIRLS2016.sav;NONE
Macao SAR;ASRREA0;ASBG01;Boy;Girl;50,8984601601839;,499105423288097;49,1015398398161;,499105423288102;-1,79692032036785;,998210846576198;-1,8001410488888;545,166761742603;1,69430811505902;546,058076952495;1,6045714751173;,891315209891695;2,56187286064118;,347915473708801;-4 to 6;TOTWGT;JRR;FULL;N;25-FEB-26;21h 8m;150;5;Z:\RandA\Work\AndresStrello\ILSAreport_checks\DB\PIRLS2016.sav;NONE
Macao SAR;ASRREA0;ASBG01;Boy;Boy;50,8984601601839;,499105423288097;50,8984601601839;,499105423288097;0; ; ;545,166761742603;1,69430811505902;545,166761742603;1,69430811505902;0; ; ; ;TOTWGT;JRR;FULL;N;25-FEB-26;21h 8m;150;5;Z:\RandA\Work\AndresStrello\ILSAreport_checks\DB\PIRLS2016.sav;NONE
Malta;ASRREA0;ASBG01;Girl;Girl;48,1463247606731;,595424166002327;48,1463247606731;,595424166002327;0; ; ;463,052633003563;2,56022680289801;463,052633003563;2,56022680289801;0; ; ; ;TOTWGT;JRR;FULL;N;25-FEB-26;21h 8m;150;5;Z:\RandA\Work\AndresStrello\ILSAreport_checks\DB\PIRLS2016.sav;NONE
Malta;ASRREA0;ASBG01;Girl;Boy;48,1463247606731;,595424166002327;51,8536752393269;,59542416600233;3,70735047865377;1,19084833200466;3,11320121884276;463,052633003563;2,56022680289801;442,480146671306;2,16477090298055;-20,5724863322567;3,06589630530645;-6,71010506671406;-27 to -15;TOTWGT;JRR;FULL;N;25-FEB-26;21h 8m;150;5;Z:\RandA\Work\AndresStrello\ILSAreport_checks\DB\PIRLS2016.sav;NONE
Malta;ASRREA0;ASBG01;Boy;Girl;51,8536752393269;,59542416600233;48,1463247606731;,595424166002327;-3,70735047865377;1,19084833200466;-3,11320121884276;442,480146671306;2,16477090298055;463,052633003563;2,56022680289801;20,5724863322567;3,06589630530645;6,71010506671406;15 to 27;TOTWGT;JRR;FULL;N;25-FEB-26;21h 8m;150;5;Z:\RandA\Work\AndresStrello\ILSAreport_checks\DB\PIRLS2016.sav;NONE
Malta;ASRREA0;ASBG01;Boy;Boy;51,8536752393269;,59542416600233;51,8536752393269;,59542416600233;0; ; ;442,480146671306;2,16477090298055;442,480146671306;2,16477090298055;0; ; ; ;TOTWGT;JRR;FULL;N;25-FEB-26;21h 8m;150;5;Z:\RandA\Work\AndresStrello\ILSAreport_checks\DB\PIRLS2016.sav;NONE
Morocco;ASRREA0;ASBG01;Girl;Girl;49,0293140827573;1,02648895223202;49,0293140827573;1,02648895223202;0; ; ;360,611979250262;4,62773864772552;360,611979250262;4,62773864772552;0; ; ; ;TOTWGT;JRR;FULL;N;25-FEB-26;21h 8m;150;5;Z:\RandA\Work\AndresStrello\ILSAreport_checks\DB\PIRLS2016.sav;NONE
Morocco;ASRREA0;ASBG01;Girl;Boy;49,0293140827573;1,02648895223202;50,9706859172427;1,02648895223202;1,94137183448535;2,05297790446404;,945636984335773;360,611979250262;4,62773864772552;338,431149729538;5,150769663454;-22,1808295207243;4,7386057022965;-4,68087680516965;-31 to -13;TOTWGT;JRR;FULL;N;25-FEB-26;21h 8m;150;5;Z:\RandA\Work\AndresStrello\ILSAreport_checks\DB\PIRLS2016.sav;NONE
Morocco;ASRREA0;ASBG01;Boy;Girl;50,9706859172427;1,02648895223202;49,0293140827573;1,02648895223202;-1,94137183448535;2,05297790446404;-,945636984335773;338,431149729538;5,150769663454;360,611979250262;4,62773864772552;22,1808295207243;4,7386057022965;4,68087680516965;13 to 31;TOTWGT;JRR;FULL;N;25-FEB-26;21h 8m;150;5;Z:\RandA\Work\AndresStrello\ILSAreport_checks\DB\PIRLS2016.sav;NONE
Morocco;ASRREA0;ASBG01;Boy;Boy;50,9706859172427;1,02648895223202;50,9706859172427;1,02648895223202;0; ; ;338,431149729538;5,150769663454;338,431149729538;5,150769663454;0; ; ; ;TOTWGT;JRR;FULL;N;25-FEB-26;21h 8m;150;5;Z:\RandA\Work\AndresStrello\ILSAreport_checks\DB\PIRLS2016.sav;NONE
Oman;ASRREA0;ASBG01;Girl;Girl;50,0053437326592;,716345875032573;50,0053437326592;,716345875032573;0; ; ;441,866662138758;3,17220123134686;441,866662138758;3,17220123134686;0; ; ; ;TOTWGT;JRR;FULL;N;25-FEB-26;21h 8m;150;5;Z:\RandA\Work\AndresStrello\ILSAreport_checks\DB\PIRLS2016.sav;NONE
Oman;ASRREA0;ASBG01;Girl;Boy;50,0053437326592;,716345875032573;49,9946562673408;,716345875032568;-,0106874653183851;1,43269175006514;-,00745971023976316;441,866662138758;3,17220123134686;395,329291103367;3,90254588328009;-46,5373710353908;2,99215565790667;-15,5531250228969;-52 to -41;TOTWGT;JRR;FULL;N;25-FEB-26;21h 8m;150;5;Z:\RandA\Work\AndresStrello\ILSAreport_checks\DB\PIRLS2016.sav;NONE
Oman;ASRREA0;ASBG01;Boy;Girl;49,9946562673408;,716345875032568;50,0053437326592;,716345875032573;,0106874653183851;1,43269175006514;,00745971023976316;395,329291103367;3,90254588328009;441,866662138758;3,17220123134686;46,5373710353908;2,99215565790667;15,5531250228969;41 to 52;TOTWGT;JRR;FULL;N;25-FEB-26;21h 8m;150;5;Z:\RandA\Work\AndresStrello\ILSAreport_checks\DB\PIRLS2016.sav;NONE
Oman;ASRREA0;ASBG01;Boy;Boy;49,9946562673408;,716345875032568;49,9946562673408;,716345875032568;0; ; ;395,329291103367;3,90254588328009;395,329291103367;3,90254588328009;0; ; ; ;TOTWGT;JRR;FULL;N;25-FEB-26;21h 8m;150;5;Z:\RandA\Work\AndresStrello\ILSAreport_checks\DB\PIRLS2016.sav;NONE
Netherlands;ASRREA0;ASBG01;Girl;Girl;50,7087816928847;1,0869660320455;50,7087816928847;1,0869660320455;0; ; ;550,2355943459;1,71887878649755;550,2355943459;1,71887878649755;0; ; ; ;TOTWGT;JRR;FULL;N;25-FEB-26;21h 8m;150;5;Z:\RandA\Work\AndresStrello\ILSAreport_checks\DB\PIRLS2016.sav;NONE
Netherlands;ASRREA0;ASBG01;Girl;Boy;50,7087816928847;1,0869660320455;49,2912183071153;1,0869660320455;-1,41756338576934;2,17393206409101;-,652073452149054;550,2355943459;1,71887878649755;539,733612507904;2,24460145514627;-10,5019818379958;2,20989670763638;-4,75225009463375;-15 to -6;TOTWGT;JRR;FULL;N;25-FEB-26;21h 8m;150;5;Z:\RandA\Work\AndresStrello\ILSAreport_checks\DB\PIRLS2016.sav;NONE
Netherlands;ASRREA0;ASBG01;Boy;Girl;49,2912183071153;1,0869660320455;50,7087816928847;1,0869660320455;1,41756338576934;2,17393206409101;,652073452149054;539,733612507904;2,24460145514627;550,2355943459;1,71887878649755;10,5019818379958;2,20989670763638;4,75225009463375;6 to 15;TOTWGT;JRR;FULL;N;25-FEB-26;21h 8m;150;5;Z:\RandA\Work\AndresStrello\ILSAreport_checks\DB\PIRLS2016.sav;NONE
Netherlands;ASRREA0;ASBG01;Boy;Boy;49,2912183071153;1,0869660320455;49,2912183071153;1,0869660320455;0; ; ;539,733612507904;2,24460145514627;539,733612507904;2,24460145514627;0; ; ; ;TOTWGT;JRR;FULL;N;25-FEB-26;21h 8m;150;5;Z:\RandA\Work\AndresStrello\ILSAreport_checks\DB\PIRLS2016.sav;NONE
New Zealand;ASRREA0;ASBG01;Girl;Girl;50,3004174866841;,86340790842072;50,3004174866841;,86340790842072;0; ; ;533,888737766;2,42838140685164;533,888737766;2,42838140685164;0; ; ; ;TOTWGT;JRR;FULL;N;25-FEB-26;21h 8m;150;5;Z:\RandA\Work\AndresStrello\ILSAreport_checks\DB\PIRLS2016.sav;NONE
New Zealand;ASRREA0;ASBG01;Girl;Boy;50,3004174866841;,86340790842072;49,6995825133159;,863407908420724;-,600834973368301;1,72681581684144;-,347943867266227;533,888737766;2,42838140685164;512,432403927515;3,02260858401209;-21,4563338384844;3,35873002748022;-6,38822818831357;-28 to -15;TOTWGT;JRR;FULL;N;25-FEB-26;21h 8m;150;5;Z:\RandA\Work\AndresStrello\ILSAreport_checks\DB\PIRLS2016.sav;NONE
New Zealand;ASRREA0;ASBG01;Boy;Girl;49,6995825133159;,863407908420724;50,3004174866841;,86340790842072;,600834973368301;1,72681581684144;,347943867266227;512,432403927515;3,02260858401209;533,888737766;2,42838140685164;21,4563338384844;3,35873002748022;6,38822818831357;15 to 28;TOTWGT;JRR;FULL;N;25-FEB-26;21h 8m;150;5;Z:\RandA\Work\AndresStrello\ILSAreport_checks\DB\PIRLS2016.sav;NONE
New Zealand;ASRREA0;ASBG01;Boy;Boy;49,6995825133159;,863407908420724;49,6995825133159;,863407908420724;0; ; ;512,432403927515;3,02260858401209;512,432403927515;3,02260858401209;0; ; ; ;TOTWGT;JRR;FULL;N;25-FEB-26;21h 8m;150;5;Z:\RandA\Work\AndresStrello\ILSAreport_checks\DB\PIRLS2016.sav;NONE
Norway;ASRREA0;ASBG01;Girl;Girl;50,2738061947047;1,13050076916888;50,2738061947047;1,13050076916888;0; ; ;569,647640811582;2,56458073812325;569,647640811582;2,56458073812325;0; ; ; ;TOTWGT;JRR;FULL;N;25-FEB-26;21h 8m;150;5;Z:\RandA\Work\AndresStrello\ILSAreport_checks\DB\PIRLS2016.sav;NONE
Norway;ASRREA0;ASBG01;Girl;Boy;50,2738061947047;1,13050076916888;49,7261938052953;1,13050076916887;-,54761238940938;2,26100153833775;-,242199034420815;569,647640811582;2,56458073812325;548,518380594367;2,56602857130373;-21,1292602172148;2,2795456017933;-9,26906669495561;-26 to -17;TOTWGT;JRR;FULL;N;25-FEB-26;21h 8m;150;5;Z:\RandA\Work\AndresStrello\ILSAreport_checks\DB\PIRLS2016.sav;NONE
Norway;ASRREA0;ASBG01;Boy;Girl;49,7261938052953;1,13050076916887;50,2738061947047;1,13050076916888;,54761238940938;2,26100153833775;,242199034420815;548,518380594367;2,56602857130373;569,647640811582;2,56458073812325;21,1292602172148;2,2795456017933;9,26906669495561;17 to 26;TOTWGT;JRR;FULL;N;25-FEB-26;21h 8m;150;5;Z:\RandA\Work\AndresStrello\ILSAreport_checks\DB\PIRLS2016.sav;NONE
Norway;ASRREA0;ASBG01;Boy;Boy;49,7261938052953;1,13050076916887;49,7261938052953;1,13050076916887;0; ; ;548,518380594367;2,56602857130373;548,518380594367;2,56602857130373;0; ; ; ;TOTWGT;JRR;FULL;N;25-FEB-26;21h 8m;150;5;Z:\RandA\Work\AndresStrello\ILSAreport_checks\DB\PIRLS2016.sav;NONE
Poland;ASRREA0;ASBG01;Girl;Girl;49,6175017978654;,830275860335411;49,6175017978654;,830275860335411;0; ; ;573,578670191909;2,48983415488331;573,578670191909;2,48983415488331;0; ; ; ;TOTWGT;JRR;FULL;N;25-FEB-26;21h 8m;150;5;Z:\RandA\Work\AndresStrello\ILSAreport_checks\DB\PIRLS2016.sav;NONE
Poland;ASRREA0;ASBG01;Girl;Boy;49,6175017978654;,830275860335411;50,3824982021346;,830275860335411;,764996404269154;1,66055172067082;,460688092244494;573,578670191909;2,48983415488331;555,809814164045;2,64202170847447;-17,7688560278649;3,02764796325976;-5,86886462478082;-24 to -12;TOTWGT;JRR;FULL;N;25-FEB-26;21h 8m;150;5;Z:\RandA\Work\AndresStrello\ILSAreport_checks\DB\PIRLS2016.sav;NONE
Poland;ASRREA0;ASBG01;Boy;Girl;50,3824982021346;,830275860335411;49,6175017978654;,830275860335411;-,764996404269154;1,66055172067082;-,460688092244494;555,809814164045;2,64202170847447;573,578670191909;2,48983415488331;17,7688560278649;3,02764796325976;5,86886462478082;12 to 24;TOTWGT;JRR;FULL;N;25-FEB-26;21h 8m;150;5;Z:\RandA\Work\AndresStrello\ILSAreport_checks\DB\PIRLS2016.sav;NONE
Poland;ASRREA0;ASBG01;Boy;Boy;50,3824982021346;,830275860335411;50,3824982021346;,830275860335411;0; ; ;555,809814164045;2,64202170847447;555,809814164045;2,64202170847447;0; ; ; ;TOTWGT;JRR;FULL;N;25-FEB-26;21h 8m;150;5;Z:\RandA\Work\AndresStrello\ILSAreport_checks\DB\PIRLS2016.sav;NONE
Portugal;ASRREA0;ASBG01;Girl;Girl;49,4041463532625;,836410836898366;49,4041463532625;,836410836898366;0; ; ;528,515967848027;2,74095422455903;528,515967848027;2,74095422455903;0; ; ; ;TOTWGT;JRR;FULL;N;25-FEB-26;21h 8m;150;5;Z:\RandA\Work\AndresStrello\ILSAreport_checks\DB\PIRLS2016.sav;NONE
Portugal;ASRREA0;ASBG01;Girl;Boy;49,4041463532625;,836410836898366;50,5958536467375;,836410836898365;1,19170729347507;1,67282167379673;,712393503827758;528,515967848027;2,74095422455903;527,080363644658;2,54624774554911;-1,43560420336876;2,68174237449278;-,535325174044836;-7 to 4;TOTWGT;JRR;FULL;N;25-FEB-26;21h 8m;150;5;Z:\RandA\Work\AndresStrello\ILSAreport_checks\DB\PIRLS2016.sav;NONE
Portugal;ASRREA0;ASBG01;Boy;Girl;50,5958536467375;,836410836898365;49,4041463532625;,836410836898366;-1,19170729347507;1,67282167379673;-,712393503827758;527,080363644658;2,54624774554911;528,515967848027;2,74095422455903;1,43560420336876;2,68174237449278;,535325174044836;-4 to 7;TOTWGT;JRR;FULL;N;25-FEB-26;21h 8m;150;5;Z:\RandA\Work\AndresStrello\ILSAreport_checks\DB\PIRLS2016.sav;NONE
Portugal;ASRREA0;ASBG01;Boy;Boy;50,5958536467375;,836410836898365;50,5958536467375;,836410836898365;0; ; ;527,080363644658;2,54624774554911;527,080363644658;2,54624774554911;0; ; ; ;TOTWGT;JRR;FULL;N;25-FEB-26;21h 8m;150;5;Z:\RandA\Work\AndresStrello\ILSAreport_checks\DB\PIRLS2016.sav;NONE
Qatar;ASRREA0;ASBG01;Girl;Girl;50,3648853013117;2,34945890297027;50,3648853013117;2,34945890297027;0; ; ;460,144629010072;1,93768446214116;460,144629010072;1,93768446214116;0; ; ; ;TOTWGT;JRR;FULL;N;25-FEB-26;21h 8m;150;5;Z:\RandA\Work\AndresStrello\ILSAreport_checks\DB\PIRLS2016.sav;NONE
Qatar;ASRREA0;ASBG01;Girl;Boy;50,3648853013117;2,34945890297027;49,6351146986883;2,34945890297027;-,729770602623397;4,69891780594054;-,155306100843219;460,144629010072;1,93768446214116;424,621298382844;3,40916584635715;-35,5233306272281;4,02827835136324;-8,81848957016747;-43 to -28;TOTWGT;JRR;FULL;N;25-FEB-26;21h 8m;150;5;Z:\RandA\Work\AndresStrello\ILSAreport_checks\DB\PIRLS2016.sav;NONE
Qatar;ASRREA0;ASBG01;Boy;Girl;49,6351146986883;2,34945890297027;50,3648853013117;2,34945890297027;,729770602623397;4,69891780594054;,155306100843219;424,621298382844;3,40916584635715;460,144629010072;1,93768446214116;35,5233306272281;4,02827835136324;8,81848957016747;28 to 43;TOTWGT;JRR;FULL;N;25-FEB-26;21h 8m;150;5;Z:\RandA\Work\AndresStrello\ILSAreport_checks\DB\PIRLS2016.sav;NONE
Qatar;ASRREA0;ASBG01;Boy;Boy;49,6351146986883;2,34945890297027;49,6351146986883;2,34945890297027;0; ; ;424,621298382844;3,40916584635715;424,621298382844;3,40916584635715;0; ; ; ;TOTWGT;JRR;FULL;N;25-FEB-26;21h 8m;150;5;Z:\RandA\Work\AndresStrello\ILSAreport_checks\DB\PIRLS2016.sav;NONE
Russian Federation;ASRREA0;ASBG01;Girl;Girl;49,1527064893512;,844917470908003;49,1527064893512;,844917470908003;0; ; ;588,148107262157;2,24534530165515;588,148107262157;2,24534530165515;0; ; ; ;TOTWGT;JRR;FULL;N;25-FEB-26;21h 8m;150;5;Z:\RandA\Work\AndresStrello\ILSAreport_checks\DB\PIRLS2016.sav;NONE
Russian Federation;ASRREA0;ASBG01;Girl;Boy;49,1527064893512;,844917470908003;50,8472935106488;,844917470908008;1,69458702129756;1,68983494181601;1,00281215600646;588,148107262157;2,24534530165515;573,635569450714;2,57643965953277;-14,5125378114435;2,10692494417186;-6,88801841355946;-19 to -10;TOTWGT;JRR;FULL;N;25-FEB-26;21h 8m;150;5;Z:\RandA\Work\AndresStrello\ILSAreport_checks\DB\PIRLS2016.sav;NONE
Russian Federation;ASRREA0;ASBG01;Boy;Girl;50,8472935106488;,844917470908008;49,1527064893512;,844917470908003;-1,69458702129756;1,68983494181601;-1,00281215600646;573,635569450714;2,57643965953277;588,148107262157;2,24534530165515;14,5125378114435;2,10692494417186;6,88801841355946;10 to 19;TOTWGT;JRR;FULL;N;25-FEB-26;21h 8m;150;5;Z:\RandA\Work\AndresStrello\ILSAreport_checks\DB\PIRLS2016.sav;NONE
Russian Federation;ASRREA0;ASBG01;Boy;Boy;50,8472935106488;,844917470908008;50,8472935106488;,844917470908008;0; ; ;573,635569450714;2,57643965953277;573,635569450714;2,57643965953277;0; ; ; ;TOTWGT;JRR;FULL;N;25-FEB-26;21h 8m;150;5;Z:\RandA\Work\AndresStrello\ILSAreport_checks\DB\PIRLS2016.sav;NONE
Saudi Arabia;ASRREA0;ASBG01;Girl;Girl;48,3337671986276;2,66495203601423;48,3337671986276;2,66495203601423;0; ; ;464,513361129897;5,47064913914814;464,513361129897;5,47064913914814;0; ; ; ;TOTWGT;JRR;FULL;N;25-FEB-26;21h 8m;150;5;Z:\RandA\Work\AndresStrello\ILSAreport_checks\DB\PIRLS2016.sav;NONE
Saudi Arabia;ASRREA0;ASBG01;Girl;Boy;48,3337671986276;2,66495203601423;51,6662328013724;2,66495203601423;3,33246560274481;5,32990407202846;,625239320953958;464,513361129897;5,47064913914814;398,982499750529;5,87377423370302;-65,5308613793675;7,57195481969607;-8,65441790657671;-80 to -51;TOTWGT;JRR;FULL;N;25-FEB-26;21h 8m;150;5;Z:\RandA\Work\AndresStrello\ILSAreport_checks\DB\PIRLS2016.sav;NONE
Saudi Arabia;ASRREA0;ASBG01;Boy;Girl;51,6662328013724;2,66495203601423;48,3337671986276;2,66495203601423;-3,33246560274481;5,32990407202846;-,625239320953958;398,982499750529;5,87377423370302;464,513361129897;5,47064913914814;65,5308613793675;7,57195481969607;8,65441790657671;51 to 80;TOTWGT;JRR;FULL;N;25-FEB-26;21h 8m;150;5;Z:\RandA\Work\AndresStrello\ILSAreport_checks\DB\PIRLS2016.sav;NONE
Saudi Arabia;ASRREA0;ASBG01;Boy;Boy;51,6662328013724;2,66495203601423;51,6662328013724;2,66495203601423;0; ; ;398,982499750529;5,87377423370302;398,982499750529;5,87377423370302;0; ; ; ;TOTWGT;JRR;FULL;N;25-FEB-26;21h 8m;150;5;Z:\RandA\Work\AndresStrello\ILSAreport_checks\DB\PIRLS2016.sav;NONE
Singapore;ASRREA0;ASBG01;Girl;Girl;49,3692359688867;,631736483719135;49,3692359688867;,631736483719135;0; ; ;585,042945512088;3,46232422106859;585,042945512088;3,46232422106859;0; ; ; ;TOTWGT;JRR;FULL;N;25-FEB-26;21h 8m;150;5;Z:\RandA\Work\AndresStrello\ILSAreport_checks\DB\PIRLS2016.sav;NONE
Singapore;ASRREA0;ASBG01;Girl;Boy;49,3692359688867;,631736483719135;50,6307640311133;,631736483719132;1,26152806222669;1,26347296743827;,998460667333844;585,042945512088;3,46232422106859;567,674123253264;3,44535000734784;-17,3688222588247;3,0234399110914;-5,74472216071093;-23 to -11;TOTWGT;JRR;FULL;N;25-FEB-26;21h 8m;150;5;Z:\RandA\Work\AndresStrello\ILSAreport_checks\DB\PIRLS2016.sav;NONE
Singapore;ASRREA0;ASBG01;Boy;Girl;50,6307640311133;,631736483719132;49,3692359688867;,631736483719135;-1,26152806222669;1,26347296743827;-,998460667333844;567,674123253264;3,44535000734784;585,042945512088;3,46232422106859;17,3688222588247;3,0234399110914;5,74472216071093;11 to 23;TOTWGT;JRR;FULL;N;25-FEB-26;21h 8m;150;5;Z:\RandA\Work\AndresStrello\ILSAreport_checks\DB\PIRLS2016.sav;NONE
Singapore;ASRREA0;ASBG01;Boy;Boy;50,6307640311133;,631736483719132;50,6307640311133;,631736483719132;0; ; ;567,674123253264;3,44535000734784;567,674123253264;3,44535000734784;0; ; ; ;TOTWGT;JRR;FULL;N;25-FEB-26;21h 8m;150;5;Z:\RandA\Work\AndresStrello\ILSAreport_checks\DB\PIRLS2016.sav;NONE
Slovak Republic;ASRREA0;ASBG01;Girl;Girl;48,9892229645315;,967117003772357;48,9892229645315;,967117003772357;0; ; ;539,456074635588;3,66524906241856;539,456074635588;3,66524906241856;0; ; ; ;TOTWGT;JRR;FULL;N;25-FEB-26;21h 8m;150;5;Z:\RandA\Work\AndresStrello\ILSAreport_checks\DB\PIRLS2016.sav;NONE
Slovak Republic;ASRREA0;ASBG01;Girl;Boy;48,9892229645315;,967117003772357;51,0107770354685;,967117003772356;2,0215540709369;1,93423400754471;1,04514451873537;539,456074635588;3,66524906241856;530,308428476556;3,11654769237729;-9,1476461590318;2,68558775365638;-3,40619893972091;-14 to -4;TOTWGT;JRR;FULL;N;25-FEB-26;21h 8m;150;5;Z:\RandA\Work\AndresStrello\ILSAreport_checks\DB\PIRLS2016.sav;NONE
Slovak Republic;ASRREA0;ASBG01;Boy;Girl;51,0107770354685;,967117003772356;48,9892229645315;,967117003772357;-2,0215540709369;1,93423400754471;-1,04514451873537;530,308428476556;3,11654769237729;539,456074635588;3,66524906241856;9,1476461590318;2,68558775365638;3,40619893972091;4 to 14;TOTWGT;JRR;FULL;N;25-FEB-26;21h 8m;150;5;Z:\RandA\Work\AndresStrello\ILSAreport_checks\DB\PIRLS2016.sav;NONE
Slovak Republic;ASRREA0;ASBG01;Boy;Boy;51,0107770354685;,967117003772356;51,0107770354685;,967117003772356;0; ; ;530,308428476556;3,11654769237729;530,308428476556;3,11654769237729;0; ; ; ;TOTWGT;JRR;FULL;N;25-FEB-26;21h 8m;150;5;Z:\RandA\Work\AndresStrello\ILSAreport_checks\DB\PIRLS2016.sav;NONE
Slovenia;ASRREA0;ASBG01;Girl;Girl;49,5936916517065;,880752159676293;49,5936916517065;,880752159676293;0; ; ;551,892078609878;2,31119488898001;551,892078609878;2,31119488898001;0; ; ; ;TOTWGT;JRR;FULL;N;25-FEB-26;21h 8m;150;5;Z:\RandA\Work\AndresStrello\ILSAreport_checks\DB\PIRLS2016.sav;NONE
Slovenia;ASRREA0;ASBG01;Girl;Boy;49,5936916517065;,880752159676293;50,4063083482935;,880752159676293;,812616696586979;1,76150431935259;,461319729766909;551,892078609878;2,31119488898001;533,376683298526;2,58691704273186;-18,5153953113515;2,94779292642576;-6,28110446475687;-24 to -13;TOTWGT;JRR;FULL;N;25-FEB-26;21h 8m;150;5;Z:\RandA\Work\AndresStrello\ILSAreport_checks\DB\PIRLS2016.sav;NONE
Slovenia;ASRREA0;ASBG01;Boy;Girl;50,4063083482935;,880752159676293;49,5936916517065;,880752159676293;-,812616696586979;1,76150431935259;-,461319729766909;533,376683298526;2,58691704273186;551,892078609878;2,31119488898001;18,5153953113515;2,94779292642576;6,28110446475687;13 to 24;TOTWGT;JRR;FULL;N;25-FEB-26;21h 8m;150;5;Z:\RandA\Work\AndresStrello\ILSAreport_checks\DB\PIRLS2016.sav;NONE
Slovenia;ASRREA0;ASBG01;Boy;Boy;50,4063083482935;,880752159676293;50,4063083482935;,880752159676293;0; ; ;533,376683298526;2,58691704273186;533,376683298526;2,58691704273186;0; ; ; ;TOTWGT;JRR;FULL;N;25-FEB-26;21h 8m;150;5;Z:\RandA\Work\AndresStrello\ILSAreport_checks\DB\PIRLS2016.sav;NONE
South Africa;ASRREA0;ASBG01;Girl;Girl;48,0064933159891;,744557748424083;48,0064933159891;,744557748424083;0; ; ;347,173400689689;3,93667824213928;347,173400689689;3,93667824213928;0; ; ; ;TOTWGT;JRR;FULL;N;25-FEB-26;21h 8m;150;5;Z:\RandA\Work\AndresStrello\ILSAreport_checks\DB\PIRLS2016.sav;NONE
South Africa;ASRREA0;ASBG01;Girl;Boy;48,0064933159891;,744557748424083;51,9935066840109;,744557748424086;3,98701336802184;1,48911549684817;2,67743729513303;347,173400689689;3,93667824213928;294,863194766168;5,09696055185542;-52,3102059235207;2,97786175461314;-17,5663648060507;-58 to -46;TOTWGT;JRR;FULL;N;25-FEB-26;21h 8m;150;5;Z:\RandA\Work\AndresStrello\ILSAreport_checks\DB\PIRLS2016.sav;NONE
South Africa;ASRREA0;ASBG01;Boy;Girl;51,9935066840109;,744557748424086;48,0064933159891;,744557748424083;-3,98701336802184;1,48911549684817;-2,67743729513303;294,863194766168;5,09696055185542;347,173400689689;3,93667824213928;52,3102059235207;2,97786175461314;17,5663648060507;46 to 58;TOTWGT;JRR;FULL;N;25-FEB-26;21h 8m;150;5;Z:\RandA\Work\AndresStrello\ILSAreport_checks\DB\PIRLS2016.sav;NONE
South Africa;ASRREA0;ASBG01;Boy;Boy;51,9935066840109;,744557748424086;51,9935066840109;,744557748424086;0; ; ;294,863194766168;5,09696055185542;294,863194766168;5,09696055185542;0; ; ; ;TOTWGT;JRR;FULL;N;25-FEB-26;21h 8m;150;5;Z:\RandA\Work\AndresStrello\ILSAreport_checks\DB\PIRLS2016.sav;NONE
Spain;ASRREA0;ASBG01;Girl;Girl;49,3976972098326;,618326380967777;49,3976972098326;,618326380967777;0; ; ;532,061124494703;1,42301988461326;532,061124494703;1,42301988461326;0; ; ; ;TOTWGT;JRR;FULL;N;25-FEB-26;21h 8m;150;5;Z:\RandA\Work\AndresStrello\ILSAreport_checks\DB\PIRLS2016.sav;NONE
Spain;ASRREA0;ASBG01;Girl;Boy;49,3976972098326;,618326380967777;50,6023027901674;,618326380967768;1,20460558033472;1,23665276193555;,97408554560565;532,061124494703;1,42301988461326;523,72686093541;2,52654227288791;-8,33426355929298;2,39231646128155;-3,4837629946451;-13 to -4;TOTWGT;JRR;FULL;N;25-FEB-26;21h 8m;150;5;Z:\RandA\Work\AndresStrello\ILSAreport_checks\DB\PIRLS2016.sav;NONE
Spain;ASRREA0;ASBG01;Boy;Girl;50,6023027901674;,618326380967768;49,3976972098326;,618326380967777;-1,20460558033472;1,23665276193555;-,97408554560565;523,72686093541;2,52654227288791;532,061124494703;1,42301988461326;8,33426355929298;2,39231646128155;3,4837629946451;4 to 13;TOTWGT;JRR;FULL;N;25-FEB-26;21h 8m;150;5;Z:\RandA\Work\AndresStrello\ILSAreport_checks\DB\PIRLS2016.sav;NONE
Spain;ASRREA0;ASBG01;Boy;Boy;50,6023027901674;,618326380967768;50,6023027901674;,618326380967768;0; ; ;523,72686093541;2,52654227288791;523,72686093541;2,52654227288791;0; ; ; ;TOTWGT;JRR;FULL;N;25-FEB-26;21h 8m;150;5;Z:\RandA\Work\AndresStrello\ILSAreport_checks\DB\PIRLS2016.sav;NONE
Sweden;ASRREA0;ASBG01;Girl;Girl;48,7411464390473;,955231667759886;48,7411464390473;,955231667759886;0; ; ;563,385204757085;2,75362308236256;563,385204757085;2,75362308236256;0; ; ; ;TOTWGT;JRR;FULL;N;25-FEB-26;21h 8m;150;5;Z:\RandA\Work\AndresStrello\ILSAreport_checks\DB\PIRLS2016.sav;NONE
Sweden;ASRREA0;ASBG01;Girl;Boy;48,7411464390473;,955231667759886;51,2588535609527;,955231667759885;2,51770712190536;1,91046333551977;1,31785157825098;563,385204757085;2,75362308236256;548,260819335424;2,66124792685029;-15,1243854216607;2,48785686951631;-6,07928277827383;-20 to -10;TOTWGT;JRR;FULL;N;25-FEB-26;21h 8m;150;5;Z:\RandA\Work\AndresStrello\ILSAreport_checks\DB\PIRLS2016.sav;NONE
Sweden;ASRREA0;ASBG01;Boy;Girl;51,2588535609527;,955231667759885;48,7411464390473;,955231667759886;-2,51770712190536;1,91046333551977;-1,31785157825098;548,260819335424;2,66124792685029;563,385204757085;2,75362308236256;15,1243854216607;2,48785686951631;6,07928277827383;10 to 20;TOTWGT;JRR;FULL;N;25-FEB-26;21h 8m;150;5;Z:\RandA\Work\AndresStrello\ILSAreport_checks\DB\PIRLS2016.sav;NONE
Sweden;ASRREA0;ASBG01;Boy;Boy;51,2588535609527;,955231667759885;51,2588535609527;,955231667759885;0; ; ;548,260819335424;2,66124792685029;548,260819335424;2,66124792685029;0; ; ; ;TOTWGT;JRR;FULL;N;25-FEB-26;21h 8m;150;5;Z:\RandA\Work\AndresStrello\ILSAreport_checks\DB\PIRLS2016.sav;NONE
Trinidad And Tobago;ASRREA0;ASBG01;Girl;Girl;52,0487168687784;1,79934617600775;52,0487168687784;1,79934617600775;0; ; ;489,853848266493;3,79866895809252;489,853848266493;3,79866895809252;0; ; ; ;TOTWGT;JRR;FULL;N;25-FEB-26;21h 8m;150;5;Z:\RandA\Work\AndresStrello\ILSAreport_checks\DB\PIRLS2016.sav;NONE
Trinidad And Tobago;ASRREA0;ASBG01;Girl;Boy;52,0487168687784;1,79934617600775;47,9512831312216;1,79934617600774;-4,09743373755681;3,59869235201549;-1,13858961443648;489,853848266493;3,79866895809252;466,629622432067;4,3423527163116;-23,2242258344259;4,8850959180094;-4,75409822534036;-33 to -14;TOTWGT;JRR;FULL;N;25-FEB-26;21h 8m;150;5;Z:\RandA\Work\AndresStrello\ILSAreport_checks\DB\PIRLS2016.sav;NONE
Trinidad And Tobago;ASRREA0;ASBG01;Boy;Girl;47,9512831312216;1,79934617600774;52,0487168687784;1,79934617600775;4,09743373755681;3,59869235201549;1,13858961443648;466,629622432067;4,3423527163116;489,853848266493;3,79866895809252;23,2242258344259;4,8850959180094;4,75409822534036;14 to 33;TOTWGT;JRR;FULL;N;25-FEB-26;21h 8m;150;5;Z:\RandA\Work\AndresStrello\ILSAreport_checks\DB\PIRLS2016.sav;NONE
Trinidad And Tobago;ASRREA0;ASBG01;Boy;Boy;47,9512831312216;1,79934617600774;47,9512831312216;1,79934617600774;0; ; ;466,629622432067;4,3423527163116;466,629622432067;4,3423527163116;0; ; ; ;TOTWGT;JRR;FULL;N;25-FEB-26;21h 8m;150;5;Z:\RandA\Work\AndresStrello\ILSAreport_checks\DB\PIRLS2016.sav;NONE
United Arab Emirates;ASRREA0;ASBG01;Girl;Girl;48,7296571137058;2,08909363064045;48,7296571137058;2,08909363064045;0; ; ;465,450824894029;4,23820654891043;465,450824894029;4,23820654891043;0; ; ; ;TOTWGT;JRR;FULL;N;25-FEB-26;21h 8m;150;5;Z:\RandA\Work\AndresStrello\ILSAreport_checks\DB\PIRLS2016.sav;NONE
United Arab Emirates;ASRREA0;ASBG01;Girl;Boy;48,7296571137058;2,08909363064045;51,2703428862942;2,08909363064045;2,54068577258841;4,1781872612809;,60808327001828;465,450824894029;4,23820654891043;435,893086373277;4,47911003050312;-29,5577385207521;5,84575975807486;-5,05626979964811;-41 to -18;TOTWGT;JRR;FULL;N;25-FEB-26;21h 8m;150;5;Z:\RandA\Work\AndresStrello\ILSAreport_checks\DB\PIRLS2016.sav;NONE
United Arab Emirates;ASRREA0;ASBG01;Boy;Girl;51,2703428862942;2,08909363064045;48,7296571137058;2,08909363064045;-2,54068577258841;4,1781872612809;-,60808327001828;435,893086373277;4,47911003050312;465,450824894029;4,23820654891043;29,5577385207521;5,84575975807486;5,05626979964811;18 to 41;TOTWGT;JRR;FULL;N;25-FEB-26;21h 8m;150;5;Z:\RandA\Work\AndresStrello\ILSAreport_checks\DB\PIRLS2016.sav;NONE
United Arab Emirates;ASRREA0;ASBG01;Boy;Boy;51,2703428862942;2,08909363064045;51,2703428862942;2,08909363064045;0; ; ;435,893086373277;4,47911003050312;435,893086373277;4,47911003050312;0; ; ; ;TOTWGT;JRR;FULL;N;25-FEB-26;21h 8m;150;5;Z:\RandA\Work\AndresStrello\ILSAreport_checks\DB\PIRLS2016.sav;NONE
Egypt;ASRREA0;ASBG01;Girl;Girl;49,4541590210219;1,16350039650552;49,4541590210219;1,16350039650552;0; ; ;349,43913486752;5,56787577500747;349,43913486752;5,56787577500747;0; ; ; ;TOTWGT;JRR;FULL;N;25-FEB-26;21h 8m;150;5;Z:\RandA\Work\AndresStrello\ILSAreport_checks\DB\PIRLS2016.sav;NONE
Egypt;ASRREA0;ASBG01;Girl;Boy;49,4541590210219;1,16350039650552;50,5458409789781;1,16350039650552;1,09168195795615;2,32700079301104;,46913690843378;349,43913486752;5,56787577500747;312,181724214907;6,59075551773956;-37,2574106526132;4,81517078858439;-7,73750553997825;-47 to -28;TOTWGT;JRR;FULL;N;25-FEB-26;21h 8m;150;5;Z:\RandA\Work\AndresStrello\ILSAreport_checks\DB\PIRLS2016.sav;NONE
Egypt;ASRREA0;ASBG01;Boy;Girl;50,5458409789781;1,16350039650552;49,4541590210219;1,16350039650552;-1,09168195795615;2,32700079301104;-,46913690843378;312,181724214907;6,59075551773956;349,43913486752;5,56787577500747;37,2574106526132;4,81517078858439;7,73750553997825;28 to 47;TOTWGT;JRR;FULL;N;25-FEB-26;21h 8m;150;5;Z:\RandA\Work\AndresStrello\ILSAreport_checks\DB\PIRLS2016.sav;NONE
Egypt;ASRREA0;ASBG01;Boy;Boy;50,5458409789781;1,16350039650552;50,5458409789781;1,16350039650552;0; ; ;312,181724214907;6,59075551773956;312,181724214907;6,59075551773956;0; ; ; ;TOTWGT;JRR;FULL;N;25-FEB-26;21h 8m;150;5;Z:\RandA\Work\AndresStrello\ILSAreport_checks\DB\PIRLS2016.sav;NONE
United States;ASRREA0;ASBG01;Girl;Girl;49,5591204640494;,695888789858873;49,5591204640494;,695888789858873;0; ; ;553,743596690236;3,18418434984986;553,743596690236;3,18418434984986;0; ; ; ;TOTWGT;JRR;FULL;N;25-FEB-26;21h 8m;150;5;Z:\RandA\Work\AndresStrello\ILSAreport_checks\DB\PIRLS2016.sav;NONE
United States;ASRREA0;ASBG01;Girl;Boy;49,5591204640494;,695888789858873;50,4408795359507;,695888789858879;,881759071901311;1,39177757971775;,633548840526753;553,743596690236;3,18418434984986;545,55915841173;3,59902988816113;-8,18443827850583;2,85661367608079;-2,8650840493541;-14 to -3;TOTWGT;JRR;FULL;N;25-FEB-26;21h 8m;150;5;Z:\RandA\Work\AndresStrello\ILSAreport_checks\DB\PIRLS2016.sav;NONE
United States;ASRREA0;ASBG01;Boy;Girl;50,4408795359507;,695888789858879;49,5591204640494;,695888789858873;-,881759071901311;1,39177757971775;-,633548840526753;545,55915841173;3,59902988816113;553,743596690236;3,18418434984986;8,18443827850583;2,85661367608079;2,8650840493541;3 to 14;TOTWGT;JRR;FULL;N;25-FEB-26;21h 8m;150;5;Z:\RandA\Work\AndresStrello\ILSAreport_checks\DB\PIRLS2016.sav;NONE
United States;ASRREA0;ASBG01;Boy;Boy;50,4408795359507;,695888789858879;50,4408795359507;,695888789858879;0; ; ;545,55915841173;3,59902988816113;545,55915841173;3,59902988816113;0; ; ; ;TOTWGT;JRR;FULL;N;25-FEB-26;21h 8m;150;5;Z:\RandA\Work\AndresStrello\ILSAreport_checks\DB\PIRLS2016.sav;NONE
England;ASRREA0;ASBG01;Girl;Girl;50,0287426131318;,837530685276162;50,0287426131318;,837530685276162;0; ; ;566,817186095292;2,11940548019923;566,817186095292;2,11940548019923;0; ; ; ;TOTWGT;JRR;FULL;N;25-FEB-26;21h 8m;150;5;Z:\RandA\Work\AndresStrello\ILSAreport_checks\DB\PIRLS2016.sav;NONE
England;ASRREA0;ASBG01;Girl;Boy;50,0287426131318;,837530685276162;49,9712573868682;,837530685276153;-,0574852262636725;1,67506137055232;-,0343182806757211;566,817186095292;2,11940548019923;551,23886766423;2,42925458094211;-15,5783184310622;2,75807552302909;-5,64825665613141;-21 to -10;TOTWGT;JRR;FULL;N;25-FEB-26;21h 8m;150;5;Z:\RandA\Work\AndresStrello\ILSAreport_checks\DB\PIRLS2016.sav;NONE
England;ASRREA0;ASBG01;Boy;Girl;49,9712573868682;,837530685276153;50,0287426131318;,837530685276162;,0574852262636725;1,67506137055232;,0343182806757211;551,23886766423;2,42925458094211;566,817186095292;2,11940548019923;15,5783184310622;2,75807552302909;5,64825665613141;10 to 21;TOTWGT;JRR;FULL;N;25-FEB-26;21h 8m;150;5;Z:\RandA\Work\AndresStrello\ILSAreport_checks\DB\PIRLS2016.sav;NONE
England;ASRREA0;ASBG01;Boy;Boy;49,9712573868682;,837530685276153;49,9712573868682;,837530685276153;0; ; ;551,23886766423;2,42925458094211;551,23886766423;2,42925458094211;0; ; ; ;TOTWGT;JRR;FULL;N;25-FEB-26;21h 8m;150;5;Z:\RandA\Work\AndresStrello\ILSAreport_checks\DB\PIRLS2016.sav;NONE
Northern Ireland;ASRREA0;ASBG01;Girl;Girl;50,2882918063973;1,21366970341671;50,2882918063973;1,21366970341671;0; ; ;573,702627244172;2,79594109056189;573,702627244172;2,79594109056189;0; ; ; ;TOTWGT;JRR;FULL;N;25-FEB-26;21h 8m;150;5;Z:\RandA\Work\AndresStrello\ILSAreport_checks\DB\PIRLS2016.sav;NONE
Northern Ireland;ASRREA0;ASBG01;Girl;Boy;50,2882918063973;1,21366970341671;49,7117081936027;1,21366970341671;-,576583612794619;2,42733940683342;-,237537285132613;573,702627244172;2,79594109056189;555,830737795185;2,72309097076683;-17,8718894489869;3,5156067421063;-5,08358606636398;-25 to -11;TOTWGT;JRR;FULL;N;25-FEB-26;21h 8m;150;5;Z:\RandA\Work\AndresStrello\ILSAreport_checks\DB\PIRLS2016.sav;NONE
Northern Ireland;ASRREA0;ASBG01;Boy;Girl;49,7117081936027;1,21366970341671;50,2882918063973;1,21366970341671;,576583612794619;2,42733940683342;,237537285132613;555,830737795185;2,72309097076683;573,702627244172;2,79594109056189;17,8718894489869;3,5156067421063;5,08358606636398;11 to 25;TOTWGT;JRR;FULL;N;25-FEB-26;21h 8m;150;5;Z:\RandA\Work\AndresStrello\ILSAreport_checks\DB\PIRLS2016.sav;NONE
Northern Ireland;ASRREA0;ASBG01;Boy;Boy;49,7117081936027;1,21366970341671;49,7117081936027;1,21366970341671;0; ; ;555,830737795185;2,72309097076683;555,830737795185;2,72309097076683;0; ; ; ;TOTWGT;JRR;FULL;N;25-FEB-26;21h 8m;150;5;Z:\RandA\Work\AndresStrello\ILSAreport_checks\DB\PIRLS2016.sav;NONE
Belgium (Flemish);ASRREA0;ASBG01;Girl;Girl;50,4743863731034;,935196897735765;50,4743863731034;,935196897735765;0; ; ;530,269451849733;2,12108345488347;530,269451849733;2,12108345488347;0; ; ; ;TOTWGT;JRR;FULL;N;25-FEB-26;21h 8m;150;5;Z:\RandA\Work\AndresStrello\ILSAreport_checks\DB\PIRLS2016.sav;NONE
Belgium (Flemish);ASRREA0;ASBG01;Girl;Boy;50,4743863731034;,935196897735765;49,5256136268966;,935196897735765;-,948772746206885;1,87039379547153;-,5072582835251;530,269451849733;2,12108345488347;520,265338952303;2,24180089344642;-10,0041128974299;1,98240932642334;-5,04644160218882;-14 to -6;TOTWGT;JRR;FULL;N;25-FEB-26;21h 8m;150;5;Z:\RandA\Work\AndresStrello\ILSAreport_checks\DB\PIRLS2016.sav;NONE
Belgium (Flemish);ASRREA0;ASBG01;Boy;Girl;49,5256136268966;,935196897735765;50,4743863731034;,935196897735765;,948772746206885;1,87039379547153;,5072582835251;520,265338952303;2,24180089344642;530,269451849733;2,12108345488347;10,0041128974299;1,98240932642334;5,04644160218882;6 to 14;TOTWGT;JRR;FULL;N;25-FEB-26;21h 8m;150;5;Z:\RandA\Work\AndresStrello\ILSAreport_checks\DB\PIRLS2016.sav;NONE
Belgium (Flemish);ASRREA0;ASBG01;Boy;Boy;49,5256136268966;,935196897735765;49,5256136268966;,935196897735765;0; ; ;520,265338952303;2,24180089344642;520,265338952303;2,24180089344642;0; ; ; ;TOTWGT;JRR;FULL;N;25-FEB-26;21h 8m;150;5;Z:\RandA\Work\AndresStrello\ILSAreport_checks\DB\PIRLS2016.sav;NONE
Belgium (French);ASRREA0;ASBG01;Girl;Girl;49,9598292795792;1,0297964008373;49,9598292795792;1,0297964008373;0; ; ;503,179580232472;2,47828440576171;503,179580232472;2,47828440576171;0; ; ; ;TOTWGT;JRR;FULL;N;25-FEB-26;21h 8m;150;5;Z:\RandA\Work\AndresStrello\ILSAreport_checks\DB\PIRLS2016.sav;NONE
Belgium (French);ASRREA0;ASBG01;Girl;Boy;49,9598292795792;1,0297964008373;50,0401707204208;1,0297964008373;,0803414408416685;2,0595928016746;,0390084101946488;503,179580232472;2,47828440576171;491,837442432344;3,3679806244978;-11,3421378001277;2,97943525131381;-3,80680794963619;-17 to -6;TOTWGT;JRR;FULL;N;25-FEB-26;21h 8m;150;5;Z:\RandA\Work\AndresStrello\ILSAreport_checks\DB\PIRLS2016.sav;NONE
Belgium (French);ASRREA0;ASBG01;Boy;Girl;50,0401707204208;1,0297964008373;49,9598292795792;1,0297964008373;-,0803414408416685;2,0595928016746;-,0390084101946488;491,837442432344;3,3679806244978;503,179580232472;2,47828440576171;11,3421378001277;2,97943525131381;3,80680794963619;6 to 17;TOTWGT;JRR;FULL;N;25-FEB-26;21h 8m;150;5;Z:\RandA\Work\AndresStrello\ILSAreport_checks\DB\PIRLS2016.sav;NONE
Belgium (French);ASRREA0;ASBG01;Boy;Boy;50,0401707204208;1,0297964008373;50,0401707204208;1,0297964008373;0; ; ;491,837442432344;3,3679806244978;491,837442432344;3,3679806244978;0; ; ; ;TOTWGT;JRR;FULL;N;25-FEB-26;21h 8m;150;5;Z:\RandA\Work\AndresStrello\ILSAreport_checks\DB\PIRLS2016.sav;NONE
Norway (4);ASRREA0;ASBG01;Girl;Girl;49,5384471894052;,715432419391202;49,5384471894052;,715432419391202;0; ; ;525,792193562361;2,42062904089173;525,792193562361;2,42062904089173;0; ; ; ;TOTWGT;JRR;FULL;N;25-FEB-26;21h 8m;150;5;Z:\RandA\Work\AndresStrello\ILSAreport_checks\DB\PIRLS2016.sav;NONE
Norway (4);ASRREA0;ASBG01;Girl;Boy;49,5384471894052;,715432419391202;50,4615528105948;,715432419391203;,923105621189509;1,4308648387824;,645138238196577;525,792193562361;2,42062904089173;508,503622871388;2,13821160537194;-17,2885706909733;2,16327176290662;-7,99186259785685;-22 to -13;TOTWGT;JRR;FULL;N;25-FEB-26;21h 8m;150;5;Z:\RandA\Work\AndresStrello\ILSAreport_checks\DB\PIRLS2016.sav;NONE
Norway (4);ASRREA0;ASBG01;Boy;Girl;50,4615528105948;,715432419391203;49,5384471894052;,715432419391202;-,923105621189509;1,4308648387824;-,645138238196577;508,503622871388;2,13821160537194;525,792193562361;2,42062904089173;17,2885706909733;2,16327176290662;7,99186259785685;13 to 22;TOTWGT;JRR;FULL;N;25-FEB-26;21h 8m;150;5;Z:\RandA\Work\AndresStrello\ILSAreport_checks\DB\PIRLS2016.sav;NONE
Norway (4);ASRREA0;ASBG01;Boy;Boy;50,4615528105948;,715432419391203;50,4615528105948;,715432419391203;0; ; ;508,503622871388;2,13821160537194;508,503622871388;2,13821160537194;0; ; ; ;TOTWGT;JRR;FULL;N;25-FEB-26;21h 8m;150;5;Z:\RandA\Work\AndresStrello\ILSAreport_checks\DB\PIRLS2016.sav;NONE
South Africa (Eng/Afr);ASRREA0;ASBG01;Girl;Girl;50,5015094153549;,821091315394034;50,5015094153549;,821091315394034;0; ; ;422,030973431635;5,96439973978848;422,030973431635;5,96439973978848;0; ; ; ;TOTWGT;JRR;FULL;N;25-FEB-26;21h 8m;150;5;Z:\RandA\Work\AndresStrello\ILSAreport_checks\DB\PIRLS2016.sav;NONE
South Africa (Eng/Afr);ASRREA0;ASBG01;Girl;Boy;50,5015094153549;,821091315394034;49,4984905846451;,821091315394038;-1,00301883070987;1,64218263078807;-,610783972443141;422,030973431635;5,96439973978848;392,011389801547;6,56173208586295;-30,0195836300884;3,45298637231464;-8,6938031006376;-37 to -23;TOTWGT;JRR;FULL;N;25-FEB-26;21h 8m;150;5;Z:\RandA\Work\AndresStrello\ILSAreport_checks\DB\PIRLS2016.sav;NONE
South Africa (Eng/Afr);ASRREA0;ASBG01;Boy;Girl;49,4984905846451;,821091315394038;50,5015094153549;,821091315394034;1,00301883070987;1,64218263078807;,610783972443141;392,011389801547;6,56173208586295;422,030973431635;5,96439973978848;30,0195836300884;3,45298637231464;8,6938031006376;23 to 37;TOTWGT;JRR;FULL;N;25-FEB-26;21h 8m;150;5;Z:\RandA\Work\AndresStrello\ILSAreport_checks\DB\PIRLS2016.sav;NONE
South Africa (Eng/Afr);ASRREA0;ASBG01;Boy;Boy;49,4984905846451;,821091315394038;49,4984905846451;,821091315394038;0; ; ;392,011389801547;6,56173208586295;392,011389801547;6,56173208586295;0; ; ; ;TOTWGT;JRR;FULL;N;25-FEB-26;21h 8m;150;5;Z:\RandA\Work\AndresStrello\ILSAreport_checks\DB\PIRLS2016.sav;NONE
United Arab Emirates (Dubai);ASRREA0;ASBG01;Girl;Girl;48,0757552608303;3,01654118348904;48,0757552608303;3,01654118348904;0; ; ;522,217498057459;3,60322146680336;522,217498057459;3,60322146680336;0; ; ; ;TOTWGT;JRR;FULL;N;25-FEB-26;21h 8m;150;5;Z:\RandA\Work\AndresStrello\ILSAreport_checks\DB\PIRLS2016.sav;NONE
United Arab Emirates (Dubai);ASRREA0;ASBG01;Girl;Boy;48,0757552608303;3,01654118348904;51,9242447391697;3,01654118348904;3,84848947833939;6,03308236697808;,63789771865274;522,217498057459;3,60322146680336;508,716402008689;2,79463365295173;-13,5010960487705;5,39194208474413;-2,50393936666536;-24 to -3;TOTWGT;JRR;FULL;N;25-FEB-26;21h 8m;150;5;Z:\RandA\Work\AndresStrello\ILSAreport_checks\DB\PIRLS2016.sav;NONE
United Arab Emirates (Dubai);ASRREA0;ASBG01;Boy;Girl;51,9242447391697;3,01654118348904;48,0757552608303;3,01654118348904;-3,84848947833939;6,03308236697808;-,63789771865274;508,716402008689;2,79463365295173;522,217498057459;3,60322146680336;13,5010960487705;5,39194208474413;2,50393936666536;3 to 24;TOTWGT;JRR;FULL;N;25-FEB-26;21h 8m;150;5;Z:\RandA\Work\AndresStrello\ILSAreport_checks\DB\PIRLS2016.sav;NONE
United Arab Emirates (Dubai);ASRREA0;ASBG01;Boy;Boy;51,9242447391697;3,01654118348904;51,9242447391697;3,01654118348904;0; ; ;508,716402008689;2,79463365295173;508,716402008689;2,79463365295173;0; ; ; ;TOTWGT;JRR;FULL;N;25-FEB-26;21h 8m;150;5;Z:\RandA\Work\AndresStrello\ILSAreport_checks\DB\PIRLS2016.sav;NONE
United Arab Emirates (Abu Dhabi);ASRREA0;ASBG01;Girl;Girl;47,1937149665131;3,44325996966891;47,1937149665131;3,44325996966891;0; ; ;435,245384710597;7,34180679548793;435,245384710597;7,34180679548793;0; ; ; ;TOTWGT;JRR;FULL;N;25-FEB-26;21h 8m;150;5;Z:\RandA\Work\AndresStrello\ILSAreport_checks\DB\PIRLS2016.sav;NONE
United Arab Emirates (Abu Dhabi);ASRREA0;ASBG01;Girl;Boy;47,1937149665131;3,44325996966891;52,8062850334869;3,44325996966891;5,61257006697388;6,88651993933781;,81500817777543;435,245384710597;7,34180679548793;395,91082477166;6,35161716960626;-39,3345599389362;10,2352833917793;-3,84303574540286;-59 to -19;TOTWGT;JRR;FULL;N;25-FEB-26;21h 8m;150;5;Z:\RandA\Work\AndresStrello\ILSAreport_checks\DB\PIRLS2016.sav;NONE
United Arab Emirates (Abu Dhabi);ASRREA0;ASBG01;Boy;Girl;52,8062850334869;3,44325996966891;47,1937149665131;3,44325996966891;-5,61257006697388;6,88651993933781;-,81500817777543;395,91082477166;6,35161716960626;435,245384710597;7,34180679548793;39,3345599389362;10,2352833917793;3,84303574540286;19 to 59;TOTWGT;JRR;FULL;N;25-FEB-26;21h 8m;150;5;Z:\RandA\Work\AndresStrello\ILSAreport_checks\DB\PIRLS2016.sav;NONE
United Arab Emirates (Abu Dhabi);ASRREA0;ASBG01;Boy;Boy;52,8062850334869;3,44325996966891;52,8062850334869;3,44325996966891;0; ; ;395,91082477166;6,35161716960626;395,91082477166;6,35161716960626;0; ; ; ;TOTWGT;JRR;FULL;N;25-FEB-26;21h 8m;150;5;Z:\RandA\Work\AndresStrello\ILSAreport_checks\DB\PIRLS2016.sav;NONE
Canada (Ontario);ASRREA0;ASBG01;Girl;Girl;48,1816661722715;1,0597295999946;48,1816661722715;1,0597295999946;0; ; ;550,295079910256;3,61447406459041;550,295079910256;3,61447406459041;0; ; ; ;TOTWGT;JRR;FULL;N;25-FEB-26;21h 8m;150;5;Z:\RandA\Work\AndresStrello\ILSAreport_checks\DB\PIRLS2016.sav;NONE
Canada (Ontario);ASRREA0;ASBG01;Girl;Boy;48,1816661722715;1,0597295999946;51,8183338277285;1,0597295999946;3,63666765545705;2,1194591999892;1,71584697430155;550,295079910256;3,61447406459041;537,447804525395;3,84632501086807;-12,8472753848613;3,70019925168668;-3,47204961435661;-20 to -6;TOTWGT;JRR;FULL;N;25-FEB-26;21h 8m;150;5;Z:\RandA\Work\AndresStrello\ILSAreport_checks\DB\PIRLS2016.sav;NONE
Canada (Ontario);ASRREA0;ASBG01;Boy;Girl;51,8183338277285;1,0597295999946;48,1816661722715;1,0597295999946;-3,63666765545705;2,1194591999892;-1,71584697430155;537,447804525395;3,84632501086807;550,295079910256;3,61447406459041;12,8472753848613;3,70019925168668;3,47204961435661;6 to 20;TOTWGT;JRR;FULL;N;25-FEB-26;21h 8m;150;5;Z:\RandA\Work\AndresStrello\ILSAreport_checks\DB\PIRLS2016.sav;NONE
Canada (Ontario);ASRREA0;ASBG01;Boy;Boy;51,8183338277285;1,0597295999946;51,8183338277285;1,0597295999946;0; ; ;537,447804525395;3,84632501086807;537,447804525395;3,84632501086807;0; ; ; ;TOTWGT;JRR;FULL;N;25-FEB-26;21h 8m;150;5;Z:\RandA\Work\AndresStrello\ILSAreport_checks\DB\PIRLS2016.sav;NONE
Canada (Quebec);ASRREA0;ASBG01;Girl;Girl;51,8405024521569;1,11574980299724;51,8405024521569;1,11574980299724;0; ; ;552,595976762779;3,29355177778185;552,595976762779;3,29355177778185;0; ; ; ;TOTWGT;JRR;FULL;N;25-FEB-26;21h 8m;150;5;Z:\RandA\Work\AndresStrello\ILSAreport_checks\DB\PIRLS2016.sav;NONE
Canada (Quebec);ASRREA0;ASBG01;Girl;Boy;51,8405024521569;1,11574980299724;48,1594975478431;1,11574980299724;-3,68100490431388;2,23149960599448;-1,64956556318701;552,595976762779;3,29355177778185;542,193379081123;3,08409143615025;-10,4025976816556;3,09919679739863;-3,3565463446488;-16 to -4;TOTWGT;JRR;FULL;N;25-FEB-26;21h 8m;150;5;Z:\RandA\Work\AndresStrello\ILSAreport_checks\DB\PIRLS2016.sav;NONE
Canada (Quebec);ASRREA0;ASBG01;Boy;Girl;48,1594975478431;1,11574980299724;51,8405024521569;1,11574980299724;3,68100490431388;2,23149960599448;1,64956556318701;542,193379081123;3,08409143615025;552,595976762779;3,29355177778185;10,4025976816556;3,09919679739863;3,3565463446488;4 to 16;TOTWGT;JRR;FULL;N;25-FEB-26;21h 8m;150;5;Z:\RandA\Work\AndresStrello\ILSAreport_checks\DB\PIRLS2016.sav;NONE
Canada (Quebec);ASRREA0;ASBG01;Boy;Boy;48,1594975478431;1,11574980299724;48,1594975478431;1,11574980299724;0; ; ;542,193379081123;3,08409143615025;542,193379081123;3,08409143615025;0; ; ; ;TOTWGT;JRR;FULL;N;25-FEB-26;21h 8m;150;5;Z:\RandA\Work\AndresStrello\ILSAreport_checks\DB\PIRLS2016.sav;NONE
Argentina, Buenos Aires;ASRREA0;ASBG01;Girl;Girl;49,4243907306362;1,09164120942327;49,4243907306362;1,09164120942327;0; ; ;484,814325525581;3,87517636057394;484,814325525581;3,87517636057394;0; ; ; ;TOTWGT;JRR;FULL;N;25-FEB-26;21h 8m;150;5;Z:\RandA\Work\AndresStrello\ILSAreport_checks\DB\PIRLS2016.sav;NONE
Argentina, Buenos Aires;ASRREA0;ASBG01;Girl;Boy;49,4243907306362;1,09164120942327;50,5756092693638;1,09164120942327;1,15121853872753;2,18328241884654;,527287962743609;484,814325525581;3,87517636057394;475,086553623866;3,44261697594233;-9,72777190171513;3,77800969502746;-2,57484037548094;-17 to -2;TOTWGT;JRR;FULL;N;25-FEB-26;21h 8m;150;5;Z:\RandA\Work\AndresStrello\ILSAreport_checks\DB\PIRLS2016.sav;NONE
Argentina, Buenos Aires;ASRREA0;ASBG01;Boy;Girl;50,5756092693638;1,09164120942327;49,4243907306362;1,09164120942327;-1,15121853872753;2,18328241884654;-,527287962743609;475,086553623866;3,44261697594233;484,814325525581;3,87517636057394;9,72777190171513;3,77800969502746;2,57484037548094;2 to 17;TOTWGT;JRR;FULL;N;25-FEB-26;21h 8m;150;5;Z:\RandA\Work\AndresStrello\ILSAreport_checks\DB\PIRLS2016.sav;NONE
Argentina, Buenos Aires;ASRREA0;ASBG01;Boy;Boy;50,5756092693638;1,09164120942327;50,5756092693638;1,09164120942327;0; ; ;475,086553623866;3,44261697594233;475,086553623866;3,44261697594233;0; ; ; ;TOTWGT;JRR;FULL;N;25-FEB-26;21h 8m;150;5;Z:\RandA\Work\AndresStrello\ILSAreport_checks\DB\PIRLS2016.sav;NONE
Spain (Andalucia);ASRREA0;ASBG01;Girl;Girl;50,4462166151552;,836033582699228;50,4462166151552;,836033582699228;0; ; ;526,173469570063;2,72283775817617;526,173469570063;2,72283775817617;0; ; ; ;TOTWGT;JRR;FULL;N;25-FEB-26;21h 8m;150;5;Z:\RandA\Work\AndresStrello\ILSAreport_checks\DB\PIRLS2016.sav;NONE
Spain (Andalucia);ASRREA0;ASBG01;Girl;Boy;50,4462166151552;,836033582699228;49,5537833848448;,836033582699228;-,892433230310338;1,67206716539846;-,533730491680142;526,173469570063;2,72283775817617;523,097453217408;2,17058269755353;-3,07601635265466;2,7338868219525;-1,12514399936199;-8 to 2;TOTWGT;JRR;FULL;N;25-FEB-26;21h 8m;150;5;Z:\RandA\Work\AndresStrello\ILSAreport_checks\DB\PIRLS2016.sav;NONE
Spain (Andalucia);ASRREA0;ASBG01;Boy;Girl;49,5537833848448;,836033582699228;50,4462166151552;,836033582699228;,892433230310338;1,67206716539846;,533730491680142;523,097453217408;2,17058269755353;526,173469570063;2,72283775817617;3,07601635265466;2,7338868219525;1,12514399936199;-2 to 8;TOTWGT;JRR;FULL;N;25-FEB-26;21h 8m;150;5;Z:\RandA\Work\AndresStrello\ILSAreport_checks\DB\PIRLS2016.sav;NONE
Spain (Andalucia);ASRREA0;ASBG01;Boy;Boy;49,5537833848448;,836033582699228;49,5537833848448;,836033582699228;0; ; ;523,097453217408;2,17058269755353;523,097453217408;2,17058269755353;0; ; ; ;TOTWGT;JRR;FULL;N;25-FEB-26;21h 8m;150;5;Z:\RandA\Work\AndresStrello\ILSAreport_checks\DB\PIRLS2016.sav;NONE
Denmark (Grade 3);ASRREA0;ASBG01;Girl;Girl;50,3036484325943;,607911822946231;50,3036484325943;,607911822946231;0; ; ;510,724696799155;3,32381968517948;510,724696799155;3,32381968517948;0; ; ; ;TOTWGT;JRR;FULL;N;25-FEB-26;21h 8m;150;5;Z:\RandA\Work\AndresStrello\ILSAreport_checks\DB\PIRLS2016.sav;NONE
Denmark (Grade 3);ASRREA0;ASBG01;Girl;Boy;50,3036484325943;,607911822946231;49,6963515674057;,607911822946232;-,607296865188542;1,21582364589246;-,499494204805304;510,724696799155;3,32381968517948;491,124063540762;3,0664743705917;-19,6006332583929;3,28123852317457;-5,97354722003856;-26 to -13;TOTWGT;JRR;FULL;N;25-FEB-26;21h 8m;150;5;Z:\RandA\Work\AndresStrello\ILSAreport_checks\DB\PIRLS2016.sav;NONE
Denmark (Grade 3);ASRREA0;ASBG01;Boy;Girl;49,6963515674057;,607911822946232;50,3036484325943;,607911822946231;,607296865188542;1,21582364589246;,499494204805304;491,124063540762;3,0664743705917;510,724696799155;3,32381968517948;19,6006332583929;3,28123852317457;5,97354722003856;13 to 26;TOTWGT;JRR;FULL;N;25-FEB-26;21h 8m;150;5;Z:\RandA\Work\AndresStrello\ILSAreport_checks\DB\PIRLS2016.sav;NONE
Denmark (Grade 3);ASRREA0;ASBG01;Boy;Boy;49,6963515674057;,607911822946232;49,6963515674057;,607911822946232;0; ; ;491,124063540762;3,0664743705917;491,124063540762;3,0664743705917;0; ; ; ;TOTWGT;JRR;FULL;N;25-FEB-26;21h 8m;150;5;Z:\RandA\Work\AndresStrello\ILSAreport_checks\DB\PIRLS2016.sav;NONE
Russian Federation, Moscow;ASRREA0;ASBG01;Girl;Girl;49,1801029288179;,883201074291996;49,1801029288179;,883201074291996;0; ; ;620,269417129247;2,30296502649868;620,269417129247;2,30296502649868;0; ; ; ;TOTWGT;JRR;FULL;N;25-FEB-26;21h 8m;150;5;Z:\RandA\Work\AndresStrello\ILSAreport_checks\DB\PIRLS2016.sav;NONE
Russian Federation, Moscow;ASRREA0;ASBG01;Girl;Boy;49,1801029288179;,883201074291996;50,8198970711821;,883201074292001;1,63979414236422;1,766402148584;,928324359024772;620,269417129247;2,30296502649868;604,172746707224;2,61390641375678;-16,0966704220231;2,53782785584605;-6,34269593382521;-21 to -11;TOTWGT;JRR;FULL;N;25-FEB-26;21h 8m;150;5;Z:\RandA\Work\AndresStrello\ILSAreport_checks\DB\PIRLS2016.sav;NONE
Russian Federation, Moscow;ASRREA0;ASBG01;Boy;Girl;50,8198970711821;,883201074292001;49,1801029288179;,883201074291996;-1,63979414236422;1,766402148584;-,928324359024772;604,172746707224;2,61390641375678;620,269417129247;2,30296502649868;16,0966704220231;2,53782785584605;6,34269593382521;11 to 21;TOTWGT;JRR;FULL;N;25-FEB-26;21h 8m;150;5;Z:\RandA\Work\AndresStrello\ILSAreport_checks\DB\PIRLS2016.sav;NONE
Russian Federation, Moscow;ASRREA0;ASBG01;Boy;Boy;50,8198970711821;,883201074292001;50,8198970711821;,883201074292001;0; ; ;604,172746707224;2,61390641375678;604,172746707224;2,61390641375678;0; ; ; ;TOTWGT;JRR;FULL;N;25-FEB-26;21h 8m;150;5;Z:\RandA\Work\AndresStrello\ILSAreport_checks\DB\PIRLS2016.sav;NONE
South Africa (Gauteng);ASRREA0;ASBG01;Girl;Girl;47,4061003596775;4,38607310989863;47,4061003596775;4,38607310989863;0; ; ;496,768131884116;22,5099998763147;496,768131884116;22,5099998763147;0; ; ; ;TOTWGT;JRR;FULL;N;25-FEB-26;21h 8m;150;5;Z:\RandA\Work\AndresStrello\ILSAreport_checks\DB\PIRLS2016.sav;NONE
South Africa (Gauteng);ASRREA0;ASBG01;Girl;Boy;47,4061003596775;4,38607310989863;52,5938996403225;4,38607310989863;5,18779928064493;8,77214621979726;,591394528848247;496,768131884116;22,5099998763147;490,652280358902;20,5143543669236;-6,11585152521387;22,0063649581129;-,277912846435786;-49 to 37;TOTWGT;JRR;FULL;N;25-FEB-26;21h 8m;150;5;Z:\RandA\Work\AndresStrello\ILSAreport_checks\DB\PIRLS2016.sav;NONE
South Africa (Gauteng);ASRREA0;ASBG01;Boy;Girl;52,5938996403225;4,38607310989863;47,4061003596775;4,38607310989863;-5,18779928064493;8,77214621979726;-,591394528848247;490,652280358902;20,5143543669236;496,768131884116;22,5099998763147;6,11585152521387;22,0063649581129;,277912846435786;-37 to 49;TOTWGT;JRR;FULL;N;25-FEB-26;21h 8m;150;5;Z:\RandA\Work\AndresStrello\ILSAreport_checks\DB\PIRLS2016.sav;NONE
South Africa (Gauteng);ASRREA0;ASBG01;Boy;Boy;52,5938996403225;4,38607310989863;52,5938996403225;4,38607310989863;0; ; ;490,652280358902;20,5143543669236;490,652280358902;20,5143543669236;0; ; ; ;TOTWGT;JRR;FULL;N;25-FEB-26;21h 8m;150;5;Z:\RandA\Work\AndresStrello\ILSAreport_checks\DB\PIRLS2016.sav;NONE
Spain, Madrid, Bilingual;ASRREA0;ASBG01;Girl;Girl;49,498294500311;1,49419155219455;49,498294500311;1,49419155219455;0; ; ;419,442698115672;4,74715012565152;419,442698115672;4,74715012565152;0; ; ; ;TOTWGT;JRR;FULL;N;25-FEB-26;21h 8m;150;5;Z:\RandA\Work\AndresStrello\ILSAreport_checks\DB\PIRLS2016.sav;NONE
Spain, Madrid, Bilingual;ASRREA0;ASBG01;Girl;Boy;49,498294500311;1,49419155219455;50,501705499689;1,49419155219454;1,00341099937809;2,98838310438909;,335770536884765;419,442698115672;4,74715012565152;407,884188856723;6,16400576612545;-11,558509258949;4,46997790918115;-2,5858090339123;-20 to -3;TOTWGT;JRR;FULL;N;25-FEB-26;21h 8m;150;5;Z:\RandA\Work\AndresStrello\ILSAreport_checks\DB\PIRLS2016.sav;NONE
Spain, Madrid, Bilingual;ASRREA0;ASBG01;Boy;Girl;50,501705499689;1,49419155219454;49,498294500311;1,49419155219455;-1,00341099937809;2,98838310438909;-,335770536884765;407,884188856723;6,16400576612545;419,442698115672;4,74715012565152;11,558509258949;4,46997790918115;2,5858090339123;3 to 20;TOTWGT;JRR;FULL;N;25-FEB-26;21h 8m;150;5;Z:\RandA\Work\AndresStrello\ILSAreport_checks\DB\PIRLS2016.sav;NONE
Spain, Madrid, Bilingual;ASRREA0;ASBG01;Boy;Boy;50,501705499689;1,49419155219454;50,501705499689;1,49419155219454;0; ; ;407,884188856723;6,16400576612545;407,884188856723;6,16400576612545;0; ; ; ;TOTWGT;JRR;FULL;N;25-FEB-26;21h 8m;150;5;Z:\RandA\Work\AndresStrello\ILSAreport_checks\DB\PIRLS2016.sav;NONE
Spain, Madrid;ASRREA0;ASBG01;Girl;Girl;50,9288859631854;1,02204756958029;50,9288859631854;1,02204756958029;0; ; ;551,981219981192;2,39688765970959;551,981219981192;2,39688765970959;0; ; ; ;TOTWGT;JRR;FULL;N;25-FEB-26;21h 8m;150;5;Z:\RandA\Work\AndresStrello\ILSAreport_checks\DB\PIRLS2016.sav;NONE
Spain, Madrid;ASRREA0;ASBG01;Girl;Boy;50,9288859631854;1,02204756958029;49,0711140368146;1,02204756958028;-1,85777192637071;2,04409513916057;-,9088480720783;551,981219981192;2,39688765970959;545,234349487653;2,42805650533201;-6,74687049353915;2,7316479555018;-2,46989019209093;-12 to -1;TOTWGT;JRR;FULL;N;25-FEB-26;21h 8m;150;5;Z:\RandA\Work\AndresStrello\ILSAreport_checks\DB\PIRLS2016.sav;NONE
Spain, Madrid;ASRREA0;ASBG01;Boy;Girl;49,0711140368146;1,02204756958028;50,9288859631854;1,02204756958029;1,85777192637071;2,04409513916057;,9088480720783;545,234349487653;2,42805650533201;551,981219981192;2,39688765970959;6,74687049353915;2,7316479555018;2,46989019209093;1 to 12;TOTWGT;JRR;FULL;N;25-FEB-26;21h 8m;150;5;Z:\RandA\Work\AndresStrello\ILSAreport_checks\DB\PIRLS2016.sav;NONE
Spain, Madrid;ASRREA0;ASBG01;Boy;Boy;49,0711140368146;1,02204756958028;49,0711140368146;1,02204756958028;0; ; ;545,234349487653;2,42805650533201;545,234349487653;2,42805650533201;0; ; ; ;TOTWGT;JRR;FULL;N;25-FEB-26;21h 8m;150;5;Z:\RandA\Work\AndresStrello\ILSAreport_checks\DB\PIRLS2016.sav;NONE
