"";"IDCNTRY";"BSBG01";"dvar";"n";"TOTWGT";"sumw_se";"pct";"pct_se";"mnpv";"mnpv_se";"mnpv_ci";"mnx_svr";"mnx_ivr";"sdpv";"sdpv_se";"vrpv";"vrpv_se";"DEff1";"DEff2";"DEff3";"DEff4";"DEff5";"pctmiss";"nvarstrat";"weight";"reps";"method";"jk2type";"npv";"shortcut";"date";"time";"selcrit"
"1";"Azerbaijan, Republic of";"Girl";"BSMMAT0";2892;69154,4222619997;1807,39592870461;48,173025775456;0,831822972665367;479,230741333356;3,96343210876254;"471 to 487";14,8967420353449;0,812052045424906;99,6040307682824;2,9627053892268;9923,77074143964;588,504674914367;1,23664941246195;3,70184147788377;4,3412306761903;1,05451205662944;4,57788008865226;0;99;"TOTWGT";250;"JRR";"FULL";5;"N";"04-MAR-26";"13h 9m";"NONE"
"2";"Azerbaijan, Republic of";"Boy";"BSMMAT0";3122;74399,8202809998;1806,04406263086;51,826974224544;0,831822972665368;477,633691796743;4,48737248069863;"469 to 486";18,4583771822476;1,67813459828378;104,886797386973;3,07828421164779;11003,599191524;645,523717782471;1,47612932138401;3,87041887971096;5,23710947299558;1,09091452524319;5,71323879437958;0;99;"TOTWGT";250;"JRR";"FULL";5;"N";"04-MAR-26";"13h 9m";"NONE"
"3";"Australia";"Girl";"BSMMAT0";3779;133979,701064001;5912,89635456988;46,0780289547813;1,63565385876896;502,576565859101;4,44651128104327;"494 to 511";19,226964600001;0,544497972444013;90,4689556631468;2,91065543748227;8185,416740904;526,728151660683;1,25138095017001;7,29432910857927;8,87660354057666;1,02831949731909;9,12798449074667;0;122;"TOTWGT";250;"JRR";"FULL";5;"N";"04-MAR-26";"13h 9m";"NONE"
"4";"Australia";"Boy";"BSMMAT0";4053;150235,162452001;5633,65240804972;51,668574496839;1,65691747303072;518,048017093291;4,24196183345315;"510 to 526";16,1973490642756;1,79689113219755;94,6249903029852;2,58508987643619;8955,08628932218;488,838409694807;1,81325846826071;4,49138855268385;7,33078985914251;1,11093735925965;8,14404832740322;0;125;"TOTWGT";250;"JRR";"FULL";5;"N";"04-MAR-26";"13h 9m";"NONE"
"5";"Australia";"<Other>";"BSMMAT0";185;6552,133474;636,670533090986;2,25339654837969;0,203241387639566;477,078375894415;10,9693994155353;"456 to 499";112,602234866792;7,72548867075534;97,1135719751465;6,8856001109767;9434,17916836133;1336,73964530583;1,1514933497217;2,04914115067659;2,20807905792346;1,06860866198521;2,35957240764516;0;84;"TOTWGT";250;"JRR";"FULL";5;"N";"04-MAR-26";"13h 9m";"NONE"
"6";"Austria";"Girl";"BSMMAT0";2257;37824,578538;1031,35318056622;47,8333494401682;0,990796153505148;508,790352461001;2,47289667923153;"504 to 514";5,50956397291178;0,605654013242557;73,2657021507397;2,1119199637227;5368,65173819527;309,526537021992;1,25461906909759;2,04911524907125;2,31623999716586;1,10992775766291;2,57085906626345;0;79;"TOTWGT";250;"JRR";"FULL";5;"N";"04-MAR-26";"13h 9m";"NONE"
"7";"Austria";"Boy";"BSMMAT0";2259;39694,8252949999;1052,94776953764;50,1984826452096;0,990161010649341;515,367280603892;2,85469821466431;"510 to 521";6,97682159566307;1,17248030114456;74,5465410990304;1,85244663198602;5557,49778467261;276,260360733165;1,47658732453127;2,24335603066827;2,83592375476427;1,16805364521194;3,31251107929554;0;79;"TOTWGT";250;"JRR";"FULL";5;"N";"04-MAR-26";"13h 9m";"NONE"
"8";"Austria";"<Other>";"BSMMAT0";102;1556,343487;180,041021382816;1,96816791462225;0,229370550431671;517,452970065257;6,81653352473533;"504 to 531";42,4539140772835;4,0112152165571;65,5939630566955;4,91966578874139;4304,03388197481;644,934734172659;1,09506057882172;1,00557274833092;1,00610249701288;1,09448399055161;1,10116307583461;0;50;"TOTWGT";250;"JRR";"FULL";5;"N";"04-MAR-26";"13h 9m";"NONE"
"9";"Bahrain";"Girl";"BSMMAT0";2458;9059,510484;163,220863709469;49,7876094282282;0,789525201696447;431,251219842871;2,74269743660374;"426 to 437";5,06619659514919;2,45619263360351;91,993003067654;1,97302516113582;8463,93417954468;361,876627360205;1,7132996742801;1,27506425245468;1,47126749413671;1,48481984215837;2,18456716841681;0;70;"TOTWGT";250;"JRR";"FULL";5;"N";"04-MAR-26";"13h 9m";"NONE"
"10";"Bahrain";"Boy";"BSMMAT0";2676;9136,805001;144,70115109121;50,2123905717718;0,789525201696447;423,198782540246;3,6593127845747;"416 to 430";12,3751559702937;1,01541408505813;105,730067031121;2,15021667761562;11179,497965098;454,60744475371;1,24305636085795;2,57852919826583;2,96220076070434;1,08205262927559;3,20525712156228;0;73;"TOTWGT";250;"JRR";"FULL";5;"N";"04-MAR-26";"13h 9m";"NONE"
"11";"Brazil";"Girl";"BSMMAT0";11168;1247291,69561499;25245,2579454675;49,0237126866669;0,559422958431892;367,431520814768;2,80354672713355;"362 to 373";7,43470259303535;0,425171658185891;85,8261056174875;2,86301005051144;7366,31004346659;491,098754211451;1,64459913451939;7,24571006214509;11,2716893626628;1,05718744668875;11,9162884971822;0;125;"TOTWGT";250;"JRR";"FULL";5;"N";"04-MAR-26";"13h 9m";"NONE"
"12";"Brazil";"Boy";"BSMMAT0";11162;1256192,93667199;21240,2922195531;49,3735682061634;0,553700048969045;388,491793067152;3,26940282253063;"382 to 395";8,95678566413202;1,73220915183925;90,6776772143258;3,09816869300341;8222,73448633164;561,559513546316;3,35139765061969;4,32948916100812;12,1584421519663;1,19339629380392;14,509839802586;0;125;"TOTWGT";250;"JRR";"FULL";5;"N";"04-MAR-26";"13h 9m";"NONE"
"13";"Brazil";"<Other>";"BSMMAT0";380;40777,3733;4688,14449733484;1,60271910716964;0,181408453103637;389,321747076805;9,49222724481529;"371 to 408";81,009357757579;9,0930203096346;85,9880324363747;6,42184030579468;7407,59009011237;1108,13023803324;1,46646043795989;3,15190091956891;4,15567756495731;1,11224654239138;4,6221380029172;0;113;"TOTWGT";250;"JRR";"FULL";5;"N";"04-MAR-26";"13h 9m";"NONE"
"14";"Chile";"Girl";"BSMMAT0";2093;114294,286475;3487,7176650722;46,9490667886146;1,10310706639687;404,066359362215;3,43725233265324;"397 to 411";9,18651865059325;2,62818494773687;81,9895668980729;1,95585363513928;6722,88164192525;320,923456170384;1,8182192382072;2,02297420441939;2,85999137866504;1,28609150513913;3,67821061687224;0;85;"TOTWGT";250;"JRR";"FULL";5;"N";"04-MAR-26";"13h 9m";"NONE"
"15";"Chile";"Boy";"BSMMAT0";2198;121715,552242;3878,47533151783;49,9975262776825;1,12900199243236;427,401993206975;3,58201845525531;"420 to 434";9,21228535266205;3,61857086112757;83,8279648442259;2,84074127199588;7030,14211466797;479,03859191213;2,13135959743455;1,88218580151123;2,88025517477146;1,3927983906927;4,011614772206;0;85;"TOTWGT";250;"JRR";"FULL";5;"N";"04-MAR-26";"13h 9m";"NONE"
"16";"Chile";"<Other>";"BSMMAT0";132;7433,309982;873,70623361577;3,05340693370293;0,356972254121722;427,895136923577;8,60895930546345;"411 to 445";64,3412735489782;9,77290677414756;82,39878006701;6,07258438230501;6798,18820722769;1001,04074148777;1,18975992644863;1,20954692111131;1,24931052944893;1,1518917210538;1,43907045589756;0;58;"TOTWGT";250;"JRR";"FULL";5;"N";"04-MAR-26";"13h 9m";"NONE"
"17";"Chinese Taipei";"Girl";"BSMMAT0";2635;87666,59302;1769,16233813596;47,9574124847015;0,774237114674004;604,887493117466;3,38115591267311;"598 to 612";8,919082606391;2,5131326994133;93,027118531864;1,93928969545849;8654,5019159873;360,716686366058;1,76516300154965;1,97189651871508;2,71555577617077;1,28177031319482;3,48071877772042;0;93;"TOTWGT";250;"JRR";"FULL";5;"N";"04-MAR-26";"13h 9m";"NONE"
"18";"Chinese Taipei";"Boy";"BSMMAT0";2896;95090,2367830003;1512,44015740121;52,018466231828;0,776344914535874;600,512625755217;3,79784287205843;"593 to 608";12,8763241150157;1,54728636582938;101,994718600271;2,43461971545704;10404,5282533808;495,584504318618;1,43067222331641;2,80614432479949;3,5840005167912;1,12016522355359;4,01467274010761;0;92;"TOTWGT";250;"JRR";"FULL";5;"N";"04-MAR-26";"13h 9m";"NONE"
"19";"Chinese Taipei";"<Other>";"BSMMAT0";1;44,093929;44,093929;0,0241212834704517;0,0241465303576873;657,905436;NA;". to .";NA;199,545819042576;1,52587890625e-06;NA;1,16415321826935e-11;NA;17140855336829;NA;NA;NA;NA;0;1;"TOTWGT";250;"JRR";"FULL";5;"N";"04-MAR-26";"13h 9m";"NONE"
"20";"Cyprus";"Girl";"BSMMAT0";2069;4728,555619;82,0523826560555;49,4784013024527;0,734700056629575;491,667681050731;3,20435960743266;"485 to 498";9,12886198740051;1,1390585063455;90,7810009030498;2,30981244880007;8241,68194199554;419,184953634279;1,28595037593239;2,00448553982323;2,29171855755434;1,12477552053231;2,57766893348673;0;121;"TOTWGT";250;"JRR";"FULL";5;"N";"04-MAR-26";"13h 9m";"NONE"
"21";"Cyprus";"Boy";"BSMMAT0";2104;4828,251987;84,1456048080445;50,5215986975473;0,734700056629571;497,120711805395;3,19110420988993;"491 to 503";9,34363126799509;0,83951481038215;93,658302611597;2,5224639596877;8772,81736016613;472,188531507002;1,20134229273532;2,03292733206751;2,24089928933496;1,08984888062286;2,44224158207028;0;121;"TOTWGT";250;"JRR";"FULL";5;"N";"04-MAR-26";"13h 9m";"NONE"
"22";"Czech Republic";"Girl";"BSMMAT0";3967;54484,3400969995;1140,09067546654;48,3611180932062;0,654654630473704;508,270257117388;2,46147771206688;"503 to 513";5,9493859568183;0,109486570183689;82,0564880508962;1,52504797076036;6733,30723830234;250,26346259364;1,06450518423517;3,35334165284973;3,5051443897351;1,01840300343235;3,56964957397027;0;105;"TOTWGT";250;"JRR";"FULL";5;"N";"04-MAR-26";"13h 9m";"NONE"
"23";"Czech Republic";"Boy";"BSMMAT0";4127;58177,1165549995;1277,98405102787;51,6388819067938;0,654654630473704;527,579242085334;2,62800890055938;"522 to 533";6,11937570000489;0,787055081414436;83,9606893476951;1,69342882517762;7049,86059488378;284,410247078789;1,46074334056402;2,76779351906981;3,58229261047346;1,12861689165674;4,04303595103748;0;105;"TOTWGT";250;"JRR";"FULL";5;"N";"04-MAR-26";"13h 9m";"NONE"
"24";"Finland";"Girl";"BSMMAT0";2861;28126,2988510001;693,23773983663;48,9927388027346;0,874850332905715;503,30245107587;2,82073190642352;"498 to 509";7,10955320760835;0,846975280307327;78,4839240359052;1,5833988080726;6160,03721068088;248,434590642776;1,39337364273672;2,65210401612707;3,30199819113093;1,11913199825285;3,69537183386765;0;82;"TOTWGT";250;"JRR";"FULL";5;"N";"04-MAR-26";"13h 9m";"NONE"
"25";"Finland";"Boy";"BSMMAT0";2946;29282,8183740001;643,743638744269;51,0072611972654;0,874850332905712;505,476952094892;2,95821872945133;"500 to 511";8,39829486164395;0,352763189632695;84,6094633613007;1,60938461895834;7159,07051447608;272,530421767699;1,14516414589806;3,14462545081497;3,45594817265377;1,04200414434647;3,60111231855183;0;82;"TOTWGT";250;"JRR";"FULL";5;"N";"04-MAR-26";"13h 9m";"NONE"
"26";"France";"Girl";"BSMMAT0";2231;406396,453289996;9177,02916482332;49,7490993260901;0,727279817428013;472,895876693163;3,52039794743143;"466 to 480";11,6934716315831;0,699730076696278;78,9466526602298;2,0511796033318;6232,62859816618;323,856009297306;1,25047181562667;3,54762684686255;4,18573556873546;1,05983937865008;4,43620738436213;0;75;"TOTWGT";250;"JRR";"FULL";5;"N";"04-MAR-26";"13h 9m";"NONE"
"27";"France";"Boy";"BSMMAT0";2250;410495,628767997;8594,62476464619;50,2509006739099;0,727279817428016;484,748766571535;3,41347407975329;"478 to 491";11,2916633127397;0,360141980407869;83,2595743153942;2,17758307358239;6932,81873099827;362,331574211706;1,11688167358171;3,38577993530862;3,66463388694516;1,03189450220337;3,78151556052687;0;75;"TOTWGT";250;"JRR";"FULL";5;"N";"04-MAR-26";"13h 9m";"NONE"
"28";"Georgia";"Girl";"BSMMAT0";2383;20699,7370079999;474,221519296226;49,6073118140674;0,780774067391333;462,652814488956;3,46925191768023;"456 to 469";11,8952781077485;0,140430760579422;89,9164713832784;2,25194961100529;8086,53222799579;405,468423884746;1,04138319034978;3,40582894048973;3,50538981748302;1,01180558868043;3,5467730078328;0;80;"TOTWGT";250;"JRR";"FULL";5;"N";"04-MAR-26";"13h 9m";"NONE"
"29";"Georgia";"Boy";"BSMMAT0";2462;21027,4524949999;390,683304602871;50,3926881859326;0,78077406739133;471,091970545242;3,81549080036127;"464 to 479";10,3688508839654;4,18911916367613;94,0135476518789;2,60968416931251;8840,64805748541;490,240889320619;2,16661259603452;1,87121420029082;2,88758366019423;1,40400997280752;4,05419625622876;0;80;"TOTWGT";250;"JRR";"FULL";5;"N";"04-MAR-26";"13h 9m";"NONE"
"30";"Palestinian National Authority";"Girl";"BSMMAT0";3241;53605,2994560001;3038,80946502832;48,8652577680232;2,69987914119203;391,350908008186;4,09617540648679;"383 to 399";14,866062594171;1,91259036653618;86,8405896777014;1,80362789358276;7541,75206986828;313,416117097832;1,82191847736676;3,95762764465394;6,38855645496576;1,12865480381376;7,21047493233252;0;66;"TOTWGT";250;"JRR";"FULL";5;"N";"04-MAR-26";"13h 9m";"NONE"
"31";"Palestinian National Authority";"Boy";"BSMMAT0";3270;56094,9291;2944,93956759583;51,1347422319768;2,69987914119203;372,654058720545;4,17604217487484;"364 to 381";14,635134793664;2,80419345266932;90,7255475602346;1,81826422420356;8231,56448640848;329,658016634384;2,11396959901963;3,27715047087398;5,81382686782084;1,1916069439882;6,92779646684047;0;71;"TOTWGT";250;"JRR";"FULL";5;"N";"04-MAR-26";"13h 9m";"NONE"
"32";"Hong Kong, SAR";"Girl";"BSMMAT0";2092;25561,6001;951,147516293797;46,8440632375723;1,58186688602013;571,505586042395;5,69364538446409;"560 to 583";31,7451121802253;0,672485583803941;92,7857909309136;3,98205888120124;8609,3775134774;738,619140443309;1,16340784674798;6,77078103640408;7,71377193961696;1,02118390950979;7,87717978636495;0;69;"TOTWGT";250;"JRR";"FULL";5;"N";"04-MAR-26";"13h 9m";"NONE"
"33";"Hong Kong, SAR";"Boy";"BSMMAT0";2108;26699,7446230004;966,70877968068;48,9298213200222;1,59293133059605;580,531459906882;6,39230935798702;"568 to 593";39,3124271645852;1,54919176362332;101,608424026348;4,75384743755663;10324,9010512716;965,999467734795;1,31629322368332;6,33793282731196;8,02628480906746;1,039407176696;8,34257803275078;0;64;"TOTWGT";250;"JRR";"FULL";5;"N";"04-MAR-26";"13h 9m";"NONE"
"34";"Hong Kong, SAR";"<Other>";"BSMMAT0";205;2306,082467;202,176766813739;4,22611544240553;0,36612944812655;558,189104951999;6,90138775631545;"545 to 572";44,3610531500407;3,26809981298004;87,4815403683463;5,30095095347576;7656,31354769639;927,46088076295;1,08750431359521;1,17267055425347;1,18777997258152;1,07367047400625;1,27528428617673;0;61;"TOTWGT";250;"JRR";"FULL";5;"N";"04-MAR-26";"13h 9m";"NONE"
"35";"Hungary";"Girl";"BSMMAT0";2672;42687,4745369998;1120,95123556469;50,0449628194721;1,04643938598453;498,146792468549;3,84025635743181;"491 to 506";13,6901214541798;1,05744743661564;89,3400621230673;2,95205427494574;7982,7799037307;528,122106441954;1,35394932400886;3,64586280754255;4,58236415969242;1,07724164026995;4,93631348370128;0;80;"TOTWGT";250;"JRR";"FULL";5;"N";"04-MAR-26";"13h 9m";"NONE"
"36";"Hungary";"Boy";"BSMMAT0";2703;42610,7695459999;1059,44040108843;49,9550371805279;1,04643938598453;513,853030074816;4,52913727236862;"505 to 523";20,1150599601224;0,39802447183627;91,6633450175119;2,92093544015216;8402,41762988373;535,172439047436;1,12804173688619;5,84988839983434;6,4708765342533;1,01978738679504;6,59891827113949;0;80;"TOTWGT";250;"JRR";"FULL";5;"N";"04-MAR-26";"13h 9m";"NONE"
"37";"Iran, Islamic Republic of";"Girl";"BSMMAT0";3077;590307,713939003;17386,9108568784;48,5497587372755;1,37934248169335;423,176713405812;5,48667921717992;"412 to 434";29,0840885518565;1,01956028037755;88,7426325620804;3,72014006922644;7876,36004980564;660,315243065232;1,3983041611714;8,410453706078;11,3620682533768;1,03505560363563;11,7603724145482;0;59;"TOTWGT";250;"JRR";"FULL";5;"N";"04-MAR-26";"13h 9m";"NONE"
"38";"Iran, Islamic Republic of";"Boy";"BSMMAT0";3142;625574,155080002;17966,5162891899;51,4502412627245;1,37934248169335;423,594885290783;5,17421801945565;"413 to 434";23,7866138289726;2,98591828388694;91,203573080156;3,39170434771158;8319,83603747524;618,265725323335;2,12763703583992;4,75207536667943;8,98305451140981;1,12552935467637;10,1106915472497;0;63;"TOTWGT";250;"JRR";"FULL";5;"N";"04-MAR-26";"13h 9m";"NONE"
"39";"Ireland";"Girl";"BSMMAT0";2283;32283,9520680002;1199,35196780587;45,769985586492;1,5357720840411;514,123102405813;3,43473191287477;"507 to 521";11,0374427873771;0,759940525943299;78,299986355288;1,85669706457468;6131,38051949712;290,481886184589;1,28296143343438;3,42388942660632;4,10975665324529;1,0688511406657;4,39271808667967;0;73;"TOTWGT";250;"JRR";"FULL";5;"N";"04-MAR-26";"13h 9m";"NONE"
"40";"Ireland";"Boy";"BSMMAT0";2583;35934,9363090003;1276,64064104652;50,9461020586981;1,499019093655;529,985249581052;2,93685889866978;"524 to 536";8,37491434815929;0,250225842536559;79,5329590789692;2,38750467327536;6326,15014202549;379,653169370665;1,10216851272281;3,19523698177037;3,41952107927196;1,02987801810672;3,52168959199477;0;70;"TOTWGT";250;"JRR";"FULL";5;"N";"04-MAR-26";"13h 9m";"NONE"
"41";"Ireland";"<Other>";"BSMMAT0";177;2316,314233;262,474318464398;3,2839123548099;0,330545851405105;521,998736960723;6,95850217929787;"508 to 536";41,6745242945774;6,74622828471584;73,6657728466272;5,20606585962389;5429,27560525484;766,669989106134;1,21993401941854;1,29397704177558;1,35863259419006;1,16187895120362;1,5785666136086;0;72;"TOTWGT";250;"JRR";"FULL";5;"N";"04-MAR-26";"13h 9m";"NONE"
"42";"Israel";"Girl";"BSMMAT0";2578;55044,8639679999;1237,3695739913;49,9188810415208;0,980083304574736;480,610606346317;4,27078191408926;"472 to 489";17,5889277689385;0,650650388773432;95,5383258854694;2,61138347233102;9128,09232798132;498,932254299955;1,1837598308593;4,35165122022846;4,967550081557;1,0369920439336;5,1513099124163;0;92;"TOTWGT";250;"JRR";"FULL";5;"N";"04-MAR-26";"13h 9m";"NONE"
"43";"Israel";"Boy";"BSMMAT0";2578;55223,7614889999;1130,11223766089;50,0811189584792;0,98008330457474;494,988554956009;4,63800885573346;"486 to 504";20,1912664016613;1,31985974420077;103,478060494743;3,36048823318592;10709,1626800738;695,393330669478;1,31772777407525;3,92974929270754;4,86061201407805;1,06536785350384;5,1783397881533;0;92;"TOTWGT";250;"JRR";"FULL";5;"N";"04-MAR-26";"13h 9m";"NONE"
"44";"Italy";"Girl";"BSMMAT0";2237;260323,307551;8072,49726982138;49,1134209698383;0,724749557895953;492,647170180726;3,35601897648467;"486 to 499";10,3196061579666;0,943257212558663;84,4229767227245;1,56103103551908;7127,36612641132;263,590150579368;1,29605135292189;2,72749222580208;3,23891863641284;1,09140438095406;3,53496998933473;0;76;"TOTWGT";250;"JRR";"FULL";5;"N";"04-MAR-26";"13h 9m";"NONE"
"45";"Italy";"Boy";"BSMMAT0";2326;269721,845913;8172,5925239525;50,8865790301617;0,724749557895947;508,797418971265;3,35739626920389;"502 to 515";10,5890502688505;0,683059439613712;84,7808737019237;1,83056692854361;7187,97698945778;310,442692433255;1,2210352452257;2,98730825635027;3,42657342413171;1,0645062042649;3,64760866935741;0;76;"TOTWGT";250;"JRR";"FULL";5;"N";"04-MAR-26";"13h 9m";"NONE"
"46";"Ivory Coast";"Girl";"BSMMAT0";4016;194640,172109001;9288,28357394695;49,4586711063087;1,38300947180577;257,880957237575;8,6713260480756;"241 to 275";72,4128483650511;2,77904706698323;78,5076850992122;8,6942697975086;6166,1770029275;1340,19123284925;2,8099793463123;17,4279225708316;47,1621231268545;1,03837781733116;48,9721024731668;0;77;"TOTWGT";250;"JRR";"FULL";5;"N";"04-MAR-26";"13h 9m";"NONE"
"47";"Ivory Coast";"Boy";"BSMMAT0";4233;198900,874901001;6047,08376649187;50,5413288936913;1,38300947180576;268,372286858603;3,6459201767421;"261 to 276";12,2421500479661;1,05058388720903;70,9931154772885;2,62771209345794;5041,50623219548;373,087592753188;1,88210177469505;5,93006109787125;10,2788767416585;1,08581694253809;11,1609785163536;0;77;"TOTWGT";250;"JRR";"FULL";5;"N";"04-MAR-26";"13h 9m";"NONE"
"48";"Japan";"Girl";"BSMMAT0";1813;497742,501264001;19884,9038556609;47,9933093763009;1,29014699872148;587,597477975184;3,36871874022313;"581 to 594";10,3798439972941;0,968421953436393;81,1498382693041;1,70078859045288;6585,38477001796;275,989368489647;1,26661297143544;2,46661985433335;2,85763973166338;1,09329831485799;3,12425270309882;0;68;"TOTWGT";250;"JRR";"FULL";5;"N";"04-MAR-26";"13h 9m";"NONE"
"49";"Japan";"Boy";"BSMMAT0";1984;524173,653794001;13860,7188326567;50,5418530054326;1,32597613037302;601,89842744059;3,52637577060841;"595 to 609";10,1616333763334;2,27369269920064;87,065114378007;1,97558618677903;7581,33896586844;344,163990945912;1,59501446057521;2,04027311165655;2,65925065603977;1,22375267980993;3,25426511661498;0;68;"TOTWGT";250;"JRR";"FULL";5;"N";"04-MAR-26";"13h 9m";"NONE"
"50";"Japan";"<Other>";"BSMMAT0";49;15191,94966;1899,10157631657;1,4648376182665;0,18000472310906;589,108039369905;14,4526379893537;"561 to 617";203,612030943857;5,26671390745121;78,1219547326473;8,84285259897504;6109,35716924147;1374,33921296269;1,04224159339781;1,60740906222813;1,63306698886091;1,02586641802568;1,67530858225873;0;33;"TOTWGT";250;"JRR";"FULL";5;"N";"04-MAR-26";"13h 9m";"NONE"
"51";"Kazakhstan";"Girl";"BSMMAT0";3068;147045,078026001;3381,11750831727;47,4454085602607;0,792863971159607;451,793893922497;4,00497477438091;"444 to 460";14,3319695953679;1,70785334805956;91,4500334709417;3,22344785998125;8364,32925322485;589,569674167251;1,62643326359093;3,61732522905509;5,25690481417094;1,11916389695744;5,88333807776187;0;94;"TOTWGT";250;"JRR";"FULL";5;"N";"04-MAR-26";"13h 9m";"NONE"
"52";"Kazakhstan";"Boy";"BSMMAT0";3287;162879,701817002;4349,14272573147;52,5545914397393;0,7928639711596;456,327309590189;3,57048693708615;"449 to 463";10,9569905910903;1,79138637681248;92,9329912541937;2,92988966781678;8639,23950423647;546,297428754143;1,68157469389466;2,88444939487167;4,1688424143413;1,16349255408407;4,85041710823596;0;94;"TOTWGT";250;"JRR";"FULL";5;"N";"04-MAR-26";"13h 9m";"NONE"
"53";"Jordan";"Girl";"BSMMAT0";3434;82839,0413489994;4244,46032815723;48,289772317815;2,07839751587388;393,688321496527;4,10730981104977;"386 to 402";16,1702331640463;0,699760719899401;84,16079502686;2,31728134550646;7083,75476893259;389,956225510715;1,33922381427902;6,10658679889335;7,83886265076086;1,04327462150981;8,17808646503989;0;64;"TOTWGT";250;"JRR";"FULL";5;"N";"04-MAR-26";"13h 9m";"NONE"
"54";"Jordan";"Boy";"BSMMAT0";3514;88706,686396001;3754,35530785801;51,710227682185;2,07839751587388;383,233846354927;5,28096005880227;"373 to 394";26,2888643369702;1,59967480569463;90,1334866408105;2,56499019902831;8124,47681025687;462,313187060769;1,69189160095999;7,12950839838868;11,3704637772475;1,06084990150925;12,0623553782075;0;64;"TOTWGT";250;"JRR";"FULL";5;"N";"04-MAR-26";"13h 9m";"NONE"
"55";"Korea, Republic of";"Girl";"BSMMAT0";2121;199888,682236002;5079,68334894834;49,3071137082008;0,996958943896182;593,1198244024;3,56547151317474;"586 to 600";9,286268341837;3,42631876942358;95,573723393871;2,00289365954363;9135,15149214817;383,239731949693;1,79552288937887;1,64387166864306;2,15608631887117;1,36896615984993;2,95160920825005;0;80;"TOTWGT";250;"JRR";"FULL";5;"N";"04-MAR-26";"13h 9m";"NONE"
"56";"Korea, Republic of";"Boy";"BSMMAT0";2126;205506,538053999;5068,75697174277;50,6928862917992;0,996958943896187;599,102736354369;3,5009622325335;"592 to 606";10,8275766167181;1,42915993690786;100,810662191295;2,09903114210545;10163,7154386409;423,298471745531;1,29894520800086;1,97376199485874;2,26486347695512;1,13199259515755;2,56380868495599;0;76;"TOTWGT";250;"JRR";"FULL";5;"N";"04-MAR-26";"13h 9m";"NONE"
"57";"Kuwait";"Girl";"BSMMAT0";2217;21865,3705040001;745,258108351269;49,4379800180549;1,40916340561995;397,900845982858;5,50040683650621;"387 to 409";27,8554928510644;2,39898251601984;88,0257560748219;3,46646782026436;7750,43807563768;610,232937128534;1,68622498317018;5,13231790196478;7,96801768469438;1,086122422204;8,65424266786456;0;54;"TOTWGT";250;"JRR";"FULL";5;"N";"04-MAR-26";"13h 9m";"NONE"
"58";"Kuwait";"Boy";"BSMMAT0";2102;22362,5095509996;693,136811261627;50,5620199819451;1,40916340561995;399,601116846229;8,2225134185358;"383 to 416";66,1326568584441;1,47707005955725;101,705312661618;4,42193625555322;10345,0194239023;898,619435973237;1,30012522335295;10,5663598992736;13,4374658007179;1,02233495718642;13,7375910240708;0;52;"TOTWGT";250;"JRR";"FULL";5;"N";"04-MAR-26";"13h 9m";"NONE"
"59";"Lithuania";"Girl";"BSMMAT0";2686;13112,6661209999;380,074690752056;50,3314604670363;0,835165153138632;509,952820284701;3,08196596708766;"504 to 516";8,3682760788047;1,13023814348188;89,604323345988;2,08599607726385;8029,56259049701;373,943439234444;1,37808032743717;2,30565999788673;2,79930435740935;1,13506224374511;3,17738468484652;0;105;"TOTWGT";250;"JRR";"FULL";5;"N";"04-MAR-26";"13h 9m";"NONE"
"60";"Lithuania";"Boy";"BSMMAT0";2662;12939,9578229999;387,093761454851;49,6685395329637;0,83516515313863;516,991782853508;3,99244159029785;"509 to 525";15,3632017515773;0,57638810036274;95,095193526276;2,30289979054851;9044,55146708626;438,402556570478;1,16964303080691;4,01092758813461;4,52171046972591;1,0375174465377;4,69135350053283;0;105;"TOTWGT";250;"JRR";"FULL";5;"N";"04-MAR-26";"13h 9m";"NONE"
"61";"Malaysia";"Girl";"BSMMAT0";4509;213206,137346999;5157,87425559423;51,6975468152477;1,13590493788811;410,870860789391;3,71806455080259;"404 to 418";12,8806318580639;0,943372145870931;84,1172582005382;1,91665021953994;7076,34155127147;322,45924085215;1,60111075404037;5,50153556753348;8,20745700687309;1,07323958609067;8,80856776091347;0;90;"TOTWGT";250;"JRR";"FULL";5;"N";"04-MAR-26";"13h 9m";"NONE"
"62";"Malaysia";"Boy";"BSMMAT0";4264;199204,413019998;4786,24429032128;48,3024531847523;1,13590493788811;410,474894476516;3,87507732228702;"403 to 418";14,5071433145128;0,509080939190354;91,194409889857;2,16362390844367;8316,81866841411;394,495654826157;1,26100378176474;6,10526219502724;7,4377549348299;1,03509174260939;7,69875871659464;0;88;"TOTWGT";250;"JRR";"FULL";5;"N";"04-MAR-26";"13h 9m";"NONE"
"63";"Malta";"Girl";"BSMMAT0";1927;2076,510407;29,8073530143707;48,5062293738703;0,682207093774956;496,245333821407;1,91712102907014;"492 to 500";2,89055046547055;0,784802574632392;86,8432504148994;1,62506465877632;7542,17752070834;282,338044523357;1,20051431528419;0,782197968049298;0,738525542745198;1,271506269829;0,939039858029385;0;123;"TOTWGT";250;"JRR";"FULL";5;"N";"04-MAR-26";"13h 9m";"NONE"
"64";"Malta";"Boy";"BSMMAT0";1922;2081,952135;29,9253256883657;48,6333453785233;0,678368082470875;503,150235252679;1,98175716425888;"499 to 507";3,51158373937872;0,415777718712697;91,9509073662481;1,94064098959463;8456,43714131261;357,255015957467;1,09449899077022;0,815551642396729;0,798121458753996;1,11840176671574;0,892620449524211;0;125;"TOTWGT";250;"JRR";"FULL";5;"N";"04-MAR-26";"13h 9m";"NONE"
"65";"Malta";"<Other>";"BSMMAT0";113;122,452371;11,7298506378709;2,86042524760641;0,273981205148612;503,603636012238;8,80826396751272;"486 to 521";69,5087630587532;8,07675106262962;88,6152201074112;5,36435397422323;7853,58159642771;950,840625651447;1,11621103809404;1,00010365079121;1,00011569615726;1,11619759447888;1,1163267342513;0;62;"TOTWGT";250;"JRR";"FULL";5;"N";"04-MAR-26";"13h 9m";"NONE"
"66";"Morocco";"Girl";"BSMMAT0";4380;299988,498425003;5877,82423011899;50,3077898259251;0,631228015482492;374,523575715886;3,3543328778928;"368 to 381";9,53741636229646;1,71413269341615;75,7814770389789;1,56759496787465;5743,05495982608;237,4587312489;2,30730094865575;3,71911160826149;7,27380879324261;1,17972715338218;8,58110974189836;0;125;"TOTWGT";250;"JRR";"FULL";5;"N";"04-MAR-26";"13h 9m";"NONE"
"67";"Morocco";"Boy";"BSMMAT0";4316;296317,758445002;6270,1902222182;49,6922101740749;0,631228015482482;381,426509306836;3,13420434217696;"375 to 388";8,97457396332747;0,848662895193468;74,2875669342583;1,91267443014173;5519,25759045585;283,977896412622;1,66364524496717;4,61736987630518;7,01802019400261;1,0945630286921;7,68166543896978;0;125;"TOTWGT";250;"JRR";"FULL";5;"N";"04-MAR-26";"13h 9m";"NONE"
"68";"Oman";"Girl";"BSMMAT0";4044;31444,9784410003;588,311798202688;48,482779042038;0,849163995830589;418,47993883999;3,15145794175898;"412 to 425";7,61237255891058;2,31931459976515;86,7401837492438;1,60896085055818;7524,29105292962;279,42736919546;2,2465371389107;2,37604679158706;4,09134022217924;1,30467696921248;5,33787736108994;0;73;"TOTWGT";250;"JRR";"FULL";5;"N";"04-MAR-26";"13h 9m";"NONE"
"69";"Oman";"Boy";"BSMMAT0";4132;33413,0578810003;581,853434765078;51,517220957962;0,849163995830588;404,256423966289;3,6488324355641;"397 to 411";12,1967884641877;1,11718967863696;94,3488583958138;1,79472001487128;8902,43945444798;338,522460292492;1,51853514710751;4,06943649440467;5,66104719856796;1,09159703654099;6,17958234567547;0;75;"TOTWGT";250;"JRR";"FULL";5;"N";"04-MAR-26";"13h 9m";"NONE"
"70";"New Zealand";"Girl";"BSMMAT0";1836;26277,3496720001;1219,36372963343;44,0901556625666;1,66838644958221;474,704460392953;5,32506990263422;"464 to 485";26,5826809172727;1,77368855066813;92,9770855973513;2,90201526145167;8645,46648739355;539,462611681076;1,37667049936232;4,37426274131047;5,64524797305954;1,06672346390449;6,02191847242186;0;43;"TOTWGT";250;"JRR";"FULL";5;"N";"04-MAR-26";"13h 9m";"NONE"
"71";"New Zealand";"Boy";"BSMMAT0";1942;32024,3832330002;1513,08768843469;53,7329700051596;1,74968251137817;497,179474625581;5,87486279480528;"486 to 509";33,3012989165759;1,2127139412114;97,0843705576419;3,53914641634316;9426,83909996682;686,753895442404;1,24982822437702;5,68889947525029;6,86031890543439;1,03641641559536;7,11014712981141;0;42;"TOTWGT";250;"JRR";"FULL";5;"N";"04-MAR-26";"13h 9m";"NONE"
"72";"New Zealand";"<Other>";"BSMMAT0";85;1297,398187;202,027039206264;2,17687433227385;0,332164998841367;465,906048467115;12,0729809136621;"442 to 490";131,426317946003;14,3305501956475;83,6835897767437;9,19795082580637;7010,34943167282;1541,06335109491;1,17375692588542;1,50567111863667;1,59353497772001;1,1090386645507;1,76729190360543;0;37;"TOTWGT";250;"JRR";"FULL";5;"N";"04-MAR-26";"13h 9m";"NONE"
"73";"Norway";"Girl";"BSMMAT0";2904;27417,0542090001;605,691319754637;47,0873731842267;0,752662461382375;501,390593291758;2,67842941738287;"496 to 507";7,13683841534698;0,0371457285549811;80,2172149979008;1,32457257201856;6435,10212246586;212,489350890236;1,01676293455345;3,18406463556479;3,22067596811127;1,00520478766552;3,23743890266472;0;79;"TOTWGT";250;"JRR";"FULL";5;"N";"04-MAR-26";"13h 9m";"NONE"
"74";"Norway";"Boy";"BSMMAT0";3224;30778,8018850001;692,045020101441;52,8610010205482;0,751485036305417;502,508812038245;2,64493976801324;"497 to 508";6,41381185353855;0,581894522879365;83,6366980302279;1,18551346556506;6995,21139563722;198,313177894881;1,26818745505434;2,54239080919452;2,9560406750116;1,09072522490012;3,22422813006594;0;79;"TOTWGT";250;"JRR";"FULL";5;"N";"04-MAR-26";"13h 9m";"NONE"
"75";"Norway";"<Other>";"BSMMAT0";3;30,059592;17,4138684653156;0,0516257952251105;0,0299034366827497;519,879624722954;51,5670389742486;"419 to 621";2458,40480269139;200,754705880284;68,4044538075718;45,459209028707;5199,26670805051;6647,84644279691;1,11583635759795;1,37506440375836;1,41851049815437;1,08166055714686;1,53434685575232;0;3;"TOTWGT";250;"JRR";"FULL";5;"N";"04-MAR-26";"13h 9m";"NONE"
"76";"Portugal";"Girl";"BSMMAT0";2617;49391,4595659998;1479,17095049102;48,8042766257817;0,986793519400215;468,458125518292;3,31940374277801;"462 to 475";9,44720757388823;1,5712336336804;82,6916977873973;1,69208274284986;6838,27528838967;279,756818282063;1,60130928427567;2,63331055229172;3,61543535149015;1,16631725527268;4,21674463576582;0;82;"TOTWGT";250;"JRR";"FULL";5;"N";"04-MAR-26";"13h 9m";"NONE"
"77";"Portugal";"Boy";"BSMMAT0";2752;51811,6787259997;1508,60669991646;51,1957233742183;0,986793519400208;482,855175378013;2,83812494863064;"477 to 488";7,5707905510893;0,484162672950397;81,7642507810531;1,54415865217258;6685,95665651524;252,511310505568;1,19928571847098;2,76455499363369;3,11620560332154;1,06395140239096;3,31549132179253;0;82;"TOTWGT";250;"JRR";"FULL";5;"N";"04-MAR-26";"13h 9m";"NONE"
"78";"Qatar";"Girl";"BSMMAT0";2073;11104,347318;506,968041625892;47,866532250906;2,06087443035708;447,613217010935;4,87927897992756;"438 to 457";21,2809700984813;2,52639326548162;95,6869190983394;2,89609554361556;9156,91714032789;554,271371520583;1,5719406607141;3,42866591810197;4,81771870795504;1,11871607609006;5,38965936866914;0;82;"TOTWGT";250;"JRR";"FULL";5;"N";"04-MAR-26";"13h 9m";"NONE"
"79";"Qatar";"Boy";"BSMMAT0";2215;12094,215009;567,939192955387;52,133467749094;2,06087443035708;455,154691983686;5,89960348782467;"444 to 467";32,9378742992683;1,86744701428478;103,637239439258;3,77525121184064;10742,3276829081;782,095270952129;1,38505575874604;5,18147878984799;6,79158127795339;1,05669603925613;7,17663703669943;0;85;"TOTWGT";250;"JRR";"FULL";5;"N";"04-MAR-26";"13h 9m";"NONE"
"80";"Romania";"Girl";"BSMMAT0";1755;74970,940141;3095,22084222845;48,2884434653477;1,03960033258651;495,79674718965;5,34933042607744;"485 to 506";27,4920190526356;1,12331695472232;98,229971328695;3,1115326862291;9649,92568528532;611,476683104168;1,20429393135574;4,32135061010034;4,99988238364852;1,04085974742603;5,20417631500426;0;67;"TOTWGT";250;"JRR";"FULL";5;"N";"04-MAR-26";"13h 9m";"NONE"
"81";"Romania";"Boy";"BSMMAT0";1866;80285,5451810003;2906,49597656664;51,7115565346523;1,03960033258651;498,300124311446;5,10826656454877;"488 to 508";24,8462695535374;1,24811774094946;100,802549074913;3,51100571995402;10162,1233929219;707,44902518981;1,22918317506692;3,89814215175198;4,56234757188578;1,05023360703143;4,7915307469527;0;67;"TOTWGT";250;"JRR";"FULL";5;"N";"04-MAR-26";"13h 9m";"NONE"
"82";"Saudi Arabia";"Girl";"BSMMAT0";2883;201520,325532001;2732,57532164819;48,1767119803031;0,542659114156241;399,408011632924;4,27460732003767;"391 to 408";15,9043343096649;2,36793343085473;81,8435119777449;2,07055167242711;6698,72612466551;338,767467220287;2,01911198548889;3,89479374365126;6,84491274332452;1,1488860448196;7,86402472881341;0;53;"TOTWGT";250;"JRR";"FULL";5;"N";"04-MAR-26";"13h 9m";"NONE"
"83";"Saudi Arabia";"Boy";"BSMMAT0";2949;216773,736575001;3682,19255824425;51,8232880196969;0,542659114156247;395,153413119654;4,57775183853911;"386 to 404";18,7725752441361;2,18323665111209;84,4642124856379;1,8402392410674;7134,5489114635;310,906721319972;1,90242073661933;4,55308935205587;7,75947086241243;1,1162992622333;8,66189159903176;0;51;"TOTWGT";250;"JRR";"FULL";5;"N";"04-MAR-26";"13h 9m";"NONE"
"84";"Singapore";"Girl";"BSMMAT0";2304;18482,2528669999;905,820817750665;47,5421284196775;2,32174329658285;601,863465990549;6,91160603613559;"588 to 615";43,6705783749842;4,0997196237618;93,5307281880151;3,7092773305827;8749,12150620629;693,337856840207;2,07962313775694;6,0491079739479;11,5002417676551;1,09387829921919;12,5798649054121;0;71;"TOTWGT";250;"JRR";"FULL";5;"N";"04-MAR-26";"13h 9m";"NONE"
"85";"Singapore";"Boy";"BSMMAT0";2466;20393,273916;899,848085739039;52,4578715803225;2,32174329658285;608,43402097592;8,26074869628632;"592 to 625";66,0066007022424;2,23336832095368;99,9295907826738;4,08729288593241;9986,83420582959;817,284975859094;1,55147468817064;10,8607385377655;16,2986862480119;1,03383553004083;16,8501609361826;0;71;"TOTWGT";250;"JRR";"FULL";5;"N";"04-MAR-26";"13h 9m";"NONE"
"86";"South Africa";"Girl";"BSMMAT0";5281;430912,696478;12904,6163823606;49,5597930352033;0,638645586993601;398,259163007147;3,20488244545504;"392 to 405";9,2412022724385;1,0300692167474;74,1426674600904;2,46279535195604;5497,80213538457;365,102800497499;1,98944912888584;4,95927774779938;8,87678166637657;1,11146484909431;9,86623079526242;0;125;"TOTWGT";250;"JRR";"FULL";5;"N";"04-MAR-26";"13h 9m";"NONE"
"87";"South Africa";"Boy";"BSMMAT0";5176;430756,926849002;14528,6367098346;49,5418777808202;0,624613862015245;392,927189388777;3,61377037911139;"386 to 400";11,3038862372908;1,75545011565212;81,508596212325;2,74434458278033;6644,12100246647;447,458145057763;2,36755633969374;4,29712037322085;8,80611824235243;1,15529615910863;10,1736745820462;0;125;"TOTWGT";250;"JRR";"FULL";5;"N";"04-MAR-26";"13h 9m";"NONE"
"88";"South Africa";"<Other>";"BSMMAT0";83;7810,796359;982,198464490355;0,898329183976419;0,110065773142978;395,703980934469;10,3717121684923;"375 to 416";106,768725366795;0,803687939256266;82,9041614477742;8,29864227944439;6881,73446168114;1372,91382912909;1,00969321024078;1,2849660620225;1,28772829797317;1,00752737223841;1,29742150821395;0;53;"TOTWGT";250;"JRR";"FULL";5;"N";"04-MAR-26";"13h 9m";"NONE"
"89";"Sweden";"Girl";"BSMMAT0";2416;55339,952408;1581,08043034971;48,8013270680624;0,67936278427634;514,916015825097;2,75348119215836;"510 to 520";7,08749448951633;0,494164186053498;78,8197194892354;1,73997706015467;6213,1163203164;274,774420654001;1,19215810745427;2,47296413326114;2,75600613345662;1,06972339615706;2,9481642409109;0;78;"TOTWGT";250;"JRR";"FULL";5;"N";"04-MAR-26";"13h 9m";"NONE"
"90";"Sweden";"Boy";"BSMMAT0";2555;58011,0221739997;1415,53647164446;51,1567998070184;0,677523766403102;522,234688327992;2,81882334643633;"517 to 528";7,59436702000969;0,351398038404827;84,6780343744517;1,66202681316006;7171,03878234581;281,319180150475;1,12520110619603;2,51602181543978;2,70582942375015;1,04627087912382;2,83103052994618;0;78;"TOTWGT";250;"JRR";"FULL";5;"N";"04-MAR-26";"13h 9m";"NONE"
"91";"Sweden";"<Other>";"BSMMAT0";2;47,483478;37,2958241454488;0,0418731249192791;0,0329568025460017;432,340235215736;54,6936580008645;"325 to 540";2977,45845078829;13,9377747272476;40,1574202837236;44,6935661712383;1748,82820677374;2334,37870470989;1,01593955846922;3,36735509792129;3,40508969292202;1,00468109797588;3,42102925139124;0;2;"TOTWGT";250;"JRR";"FULL";5;"N";"04-MAR-26";"13h 9m";"NONE"
"92";"United Arab Emirates";"Girl";"BSMMAT0";16413;38171,881892;493,29283551168;49,482946884242;0,402170742384907;482,404788399047;1,87013719115231;"479 to 486";3,32420200397208;0,17321110975898;99,5095017794985;1,42356340263882;9902,45539426854;283,108946314068;1,2870918202893;4,50383507217615;5,50975746104069;1,0521060722399;5,79684928132999;0;125;"TOTWGT";250;"JRR";"FULL";5;"N";"04-MAR-26";"13h 9m";"NONE"
"93";"United Arab Emirates";"Boy";"BSMMAT0";15692;38969,6068339998;523,664433467937;50,517053115758;0,402170742384905;495,857427800854;2,18324278178801;"492 to 500";4,601470599353;0,16507844487644;107,303094999479;1,70588844470013;11514,9282652634;365,038956237894;1,22496110243391;5,30272164486382;6,27066664955865;1,03587514932718;6,49562775199256;0;125;"TOTWGT";250;"JRR";"FULL";5;"N";"04-MAR-26";"13h 9m";"NONE"
"94";"Turkey";"Girl";"BSMMAT0";2393;498493,102004998;16436,7484920744;51,3512308319016;1,71349595880351;509,873127915291;4,50809575914421;"501 to 519";19,4453539653487;0,877573408265368;109,595716713899;2,37720609933479;12012,7446381587;520,42798772421;1,17481709877593;3,44600941643109;3,87361368619018;1,04513023572773;4,04843078496611;0;71;"TOTWGT";250;"JRR";"FULL";5;"N";"04-MAR-26";"13h 9m";"NONE"
"95";"Turkey";"Boy";"BSMMAT0";2452;472258,901265998;18811,8578028857;48,6487691680984;1,71349595880351;507,437030235964;5,91724096727438;"496 to 519";34,5144138656811;0,499326799109162;119,881255694368;3,13468276726309;14372,712618828;751,560693983968;1,0851856809418;5,50447850332571;5,88819557191921;1,01446719625755;5,97338125286101;0;71;"TOTWGT";250;"JRR";"FULL";5;"N";"04-MAR-26";"13h 9m";"NONE"
"96";"United States";"Girl";"BSMMAT0";3846;1713612,37304699;59253,7505423594;48,9352379992091;0,693977434047126;481,790132153687;4,35552013204728;"473 to 490";18,7488672018965;0,221688418772647;91,4502444877227;2,17140041338536;8363,83431509114;397,075541189852;1,10194052470183;7,91636399677697;8,6214217716373;1,01182409669797;8,72336229633913;0;106;"TOTWGT";250;"JRR";"FULL";5;"N";"04-MAR-26";"13h 9m";"NONE"
"97";"United States";"Boy";"BSMMAT0";4032;1788183,96658599;48742,9076578305;51,0647620007909;0,693977434047127;496,263155186456;4,42126236476539;"488 to 505";19,1015039105532;0,446056987537656;96,3489587337522;2,0869401551322;9283,68452693648;401,842602689245;1,19372715310753;7,11193291672123;8,29598028066184;1,02335193027871;8,48970743376937;0;106;"TOTWGT";250;"JRR";"FULL";5;"N";"04-MAR-26";"13h 9m";"NONE"
"98";"Uzbekistan";"Girl";"BSMMAT0";2148;273271,013197001;7007,78930160481;49,8210138691407;0,895428909211241;415,609201170903;3,69510976066433;"408 to 423";13,0357591127682;0,618077030588588;83,4932598134343;2,06522706857989;6971,71556770259;344,764929651895;1,19043081273348;3,53382585396939;4,0163443706659;1,04741396532736;4,20677518339938;0;83;"TOTWGT";250;"JRR";"FULL";5;"N";"04-MAR-26";"13h 9m";"NONE"
"99";"Uzbekistan";"Boy";"BSMMAT0";2188;275234,510827001;7388,69607479057;50,1789861308593;0,895428909211238;426,273734221668;5,72646311778681;"415 to 437";31,5171730876838;1,27520675168886;91,5362799564784;4,03900067589396;8379,10705639455;737,415994725441;1,33298922593021;6,42385715400959;8,2299431492793;1,04046069576548;8,56293237520952;0;83;"TOTWGT";250;"JRR";"FULL";5;"N";"04-MAR-26";"13h 9m";"NONE"
"100";"England";"Girl";"BSMMAT0";2024;264303,140248999;9558,40421555102;47,5991474341517;1,66020653547802;512,191865775134;5,10381263328596;"502 to 522";25,1596886676106;0,889214728078757;94,7758040371165;2,96416153023153;8982,91844833844;562,015722415582;1,20035477556454;4,88959481159349;5,6688937071073;1,0353428351132;5,86924848267184;0;70;"TOTWGT";250;"JRR";"FULL";5;"N";"04-MAR-26";"13h 9m";"NONE"
"101";"England";"Boy";"BSMMAT0";1953;275250,12043;14685,5386313836;49,5706220186129;1,69461931339175;538,905677035873;6,04549757922827;"527 to 551";35,9848742837453;0,563166696709536;98,0861034946104;3,2679946689566;9621,54565648487;640,785405865906;1,11431266845701;6,65754994934428;7,30427958098264;1,01565009487789;7,41859224943965;0;69;"TOTWGT";250;"JRR";"FULL";5;"N";"04-MAR-26";"13h 9m";"NONE"
"102";"England";"<Other>";"BSMMAT0";106;15715,382766;2079,18550365911;2,8302305472354;0,351005015330349;532,75276186337;10,6035316935934;"512 to 554";110,461594337053;1,9732900399866;97,0742477640307;8,95391001865025;9442,8159903963;1763,4233704659;1,02215109819479;1,23478207556625;1,23998275637649;1,01786403728671;1,26213385457128;0;51;"TOTWGT";250;"JRR";"FULL";5;"N";"04-MAR-26";"13h 9m";"NONE"
"103";"United Arab Emirates (Dubai)";"Girl";"BSMMAT0";3998;11206,0395320001;235,067123388068;48,550099531187;0,738272585843895;534,431974068593;3,39276383944079;"528 to 541";10,7968845200619;0,713961950155104;95,230830143594;2,4967397311824;9069,54709418556;475,760688153921;1,31472573515276;3,85948437296218;4,75943769440053;1,06612666356007;5,07416342955329;0;120;"TOTWGT";250;"JRR";"FULL";5;"N";"04-MAR-26";"13h 9m";"NONE"
"104";"United Arab Emirates (Dubai)";"Boy";"BSMMAT0";4058;11875,3539980002;261,227573498969;51,449900468813;0,738272585843898;557,100517908862;3,82064645003233;"550 to 565";14,2024172393981;0,394922056746532;99,1257324436572;2,8991135064907;9826,98536352104;574,075612974419;1,16308090904729;5,18269329972791;5,86481072531355;1,02780667896807;6,02789163436084;0;119;"TOTWGT";250;"JRR";"FULL";5;"N";"04-MAR-26";"13h 9m";"NONE"
"105";"United Arab Emirates (Abu Dhabi)";"Girl";"BSMMAT0";6182;13225,1035619997;293,562782848868;49,9888632205124;0,503617323416349;450,156607065784;3,17568471409857;"444 to 456";9,89076222420881;0,19421117915048;96,1712913919439;1,93971385559669;9249,31658345273;372,600383046642;1,1298056454956;5,96609786141656;6,61072539991207;1,01963561298391;6,74053104540767;0;112;"TOTWGT";250;"JRR";"FULL";5;"N";"04-MAR-26";"13h 9m";"NONE"
"106";"United Arab Emirates (Abu Dhabi)";"Boy";"BSMMAT0";5578;13230,9962769999;303,064014877051;50,0111367794876;0,503617323416344;460,179562143697;3,39790121062062;"454 to 467";11,3603743362861;0,185358300850995;104,18916136898;2,27503975528923;10856,7103873043;473,17738953382;1,09523405942153;5,41620149321542;5,83677428863774;1,01631621418134;5,93200834805927;0;109;"TOTWGT";250;"JRR";"FULL";5;"N";"04-MAR-26";"13h 9m";"NONE"
"107";"United Arab Emirates (Sharjah)";"Girl";"BSMMAT0";3143;7812,492906;250,674730091269;49,613550962311;0,850423503603399;490,520301717701;5,36470314069476;"480 to 501";27,6388977926765;1,14114199510376;90,7846823880986;3,2860685679816;8242,39862172266;596,012480735149;1,43514145034901;7,64693588197517;10,5392932020348;1,04128753627093;10,9744346523838;0;68;"TOTWGT";250;"JRR";"FULL";5;"N";"04-MAR-26";"13h 9m";"NONE"
"108";"United Arab Emirates (Sharjah)";"Boy";"BSMMAT0";3135;7934,198783;211,883522209474;50,386449037689;0,850423503603398;500,230980217787;5,3866944127863;"490 to 511";28,1198714542083;0,896605242534898;92,2754517870209;3,75119088931634;8515,3904257698;691,155042086123;1,33009143383966;8,03149070722535;10,3525255568036;1,0318851117081;10,6826169906433;0;68;"TOTWGT";250;"JRR";"FULL";5;"N";"04-MAR-26";"13h 9m";"NONE"
"109";"Table Average";"Girl";"BSMMAT0";NA;NA;NA;48,6790233636841;0,173571878057104;471,915443844012;0,598254143241092;"471 to 473";NA;NA;87,9454160585657;0,39557801943179;7791,84700512451;69,1686485364302;NA;NA;NA;NA;NA;NA;NA;"TOTWGT";250;"JRR";"FULL";5;"N";"04-MAR-26";"13h 9m";"NONE"
"110";"Table Average";"Boy";"BSMMAT0";NA;NA;NA;50,7521248185699;0,174231627742896;479,210802741883;0,640211439816424;"478 to 480";NA;NA;92,6713258650825;0,399777039285059;8682,23779759526;76,4673449239305;NA;NA;NA;NA;NA;NA;NA;"TOTWGT";250;"JRR";"FULL";5;"N";"04-MAR-26";"13h 9m";"NONE"
"111";"Table Average";"<Other>";"BSMMAT0";NA;NA;NA;0,568851817746029;0,0196535274947233;499,223988175612;5,85968737222801;"488 to 511";NA;NA;73,6573364425701;4,84957565104725;6091,10814749079;578,907920175743;NA;NA;NA;NA;NA;NA;NA;"TOTWGT";250;"JRR";"FULL";5;"N";"04-MAR-26";"13h 9m";"NONE"
