"";"IDCNTRY";"EqVar";"TOTWGT";"mean";"stdev";"var";"TOTWGT.se";"mean.se";"stdev.se";"var.se";"NObs";"xvar";"dvar";"weight";"method";"jk2type";"shortcut";"missoptn";"date";"time";"reps";"npv";"selcrit"
"1";"Australia";"BSDAGE";279602,746733996;14,0686861939683;0,385887064454196;0,148908826513077;6603,02219652651;0,00820448276769702;0,00673027959262974;0,00519394535953303;7755;" BSDGSLM_d2 BSDGSLM_d3 BSBG01_d2 BSDAGE BSSSCI0_";"BSMALG0_";"TOTWGT";"JRR";"FULL";"N";"listwise";"04-MAR-26";"19h19m";250;5;"NONE"
"2";"Australia";"BSMALG0_";279602,746733996;502,492981178483;94,0108086272484;8838,6599311073;6603,02219652651;3,37573623922772;2,16620811612739;406,875675075417;7755;" BSDGSLM_d2 BSDGSLM_d3 BSBG01_d2 BSDAGE BSSSCI0_";"BSMALG0_";"TOTWGT";"JRR";"FULL";"N";"listwise";"04-MAR-26";"19h19m";250;5;"NONE"
"3";"Australia";"BSDGSLM_D2";279602,746733996;0,31214220076683;0,463368336400915;0,214710215178951;6603,02219652651;0,00865661206868663;0,00350962578410329;0,00325246155532261;7755;" BSDGSLM_d2 BSDGSLM_d3 BSBG01_d2 BSDAGE BSSSCI0_";"BSMALG0_";"TOTWGT";"JRR";"FULL";"N";"listwise";"04-MAR-26";"19h19m";250;5;"NONE"
"4";"Australia";"BSDGSLM_D3";279602,746733996;0,58298006795361;0,493067112901002;0,243115177824529;6603,02219652651;0,0104088658208018;0,00175190777536618;0,00172758809194046;7755;" BSDGSLM_d2 BSDGSLM_d3 BSBG01_d2 BSDAGE BSSSCI0_";"BSMALG0_";"TOTWGT";"JRR";"FULL";"N";"listwise";"04-MAR-26";"19h19m";250;5;"NONE"
"5";"Australia";"BSBG01_D2";279602,746733996;0,514763898456727;0,499782873507757;0,24978292065167;6603,02219652651;0,0171005541786452;0,000511978506463103;0,000511721107855966;7755;" BSDGSLM_d2 BSDGSLM_d3 BSBG01_d2 BSDAGE BSSSCI0_";"BSMALG0_";"TOTWGT";"JRR";"FULL";"N";"listwise";"04-MAR-26";"19h19m";250;5;"NONE"
"6";"Australia";"BSSSCI0_";279602,746733996;524,918057599704;92,8910123609846;8629,1416612171;6603,02219652651;3,12482210470513;2,07465997702602;385,35939695739;7755;" BSDGSLM_d2 BSDGSLM_d3 BSBG01_d2 BSDAGE BSSSCI0_";"BSMALG0_";"TOTWGT";"JRR";"FULL";"N";"listwise";"04-MAR-26";"19h19m";250;5;"NONE"
"7";"Austria";"BSDAGE";77583,7589900007;14,418952174976;0,558741300986181;0,31219184142773;1310,30327726047;0,0128145313347017;0,0112567414673894;0,0125784497694686;4540;" BSDGSLM_d2 BSDGSLM_d3 BSBG01_d2 BSDAGE BSSSCI0_";"BSMALG0_";"TOTWGT";"JRR";"FULL";"N";"listwise";"04-MAR-26";"19h19m";250;5;"NONE"
"8";"Austria";"BSMALG0_";77583,7589900007;518,388588496457;77,2090167233185;5962,51656542017;1310,30327726047;2,7355334049184;2,06006331811557;316,888527287314;4540;" BSDGSLM_d2 BSDGSLM_d3 BSBG01_d2 BSDAGE BSSSCI0_";"BSMALG0_";"TOTWGT";"JRR";"FULL";"N";"listwise";"04-MAR-26";"19h19m";250;5;"NONE"
"9";"Austria";"BSDGSLM_D2";77583,7589900007;0,28478512023177;0,451314946445211;0,203685180884843;1310,30327726047;0,00923412358567037;0,00440364538577528;0,00397477967338964;4540;" BSDGSLM_d2 BSDGSLM_d3 BSBG01_d2 BSDAGE BSSSCI0_";"BSMALG0_";"TOTWGT";"JRR";"FULL";"N";"listwise";"04-MAR-26";"19h19m";250;5;"NONE"
"10";"Austria";"BSDGSLM_D3";77583,7589900007;0,613166438998288;0,487028145366502;0,237196414379135;1310,30327726047;0,00918966608366576;0,00213543094496331;0,00208000913957961;4540;" BSDGSLM_d2 BSDGSLM_d3 BSBG01_d2 BSDAGE BSSSCI0_";"BSMALG0_";"TOTWGT";"JRR";"FULL";"N";"listwise";"04-MAR-26";"19h19m";250;5;"NONE"
"11";"Austria";"BSBG01_D2";77583,7589900007;0,499864468412755;0,500003203986107;0,250003203996372;1310,30327726047;0,00988655686936533;1,92165465169679e-05;1,92165625420226e-05;4540;" BSDGSLM_d2 BSDGSLM_d3 BSBG01_d2 BSDAGE BSSSCI0_";"BSMALG0_";"TOTWGT";"JRR";"FULL";"N";"listwise";"04-MAR-26";"19h19m";250;5;"NONE"
"12";"Austria";"BSSSCI0_";77583,7589900007;513,021126646911;83,8031109776352;7023,35703205023;1310,30327726047;2,34947062566083;1,72803365320869;289,310638903924;4540;" BSDGSLM_d2 BSDGSLM_d3 BSBG01_d2 BSDAGE BSSSCI0_";"BSMALG0_";"TOTWGT";"JRR";"FULL";"N";"listwise";"04-MAR-26";"19h19m";250;5;"NONE"
"13";"Azerbaijan, Republic of";"BSDAGE";128451,509287;14,2260343441496;0,451803658042584;0,20412654542066;2915,08649418037;0,0105380984204716;0,00718108263517618;0,0064887616204945;5480;" BSDGSLM_d2 BSDGSLM_d3 BSBG01_d2 BSDAGE BSSSCI0_";"BSMALG0_";"TOTWGT";"JRR";"FULL";"N";"listwise";"04-MAR-26";"19h19m";250;5;"NONE"
"14";"Azerbaijan, Republic of";"BSMALG0_";128451,509287;496,930412419502;109,060672422214;11895,4759403553;2915,08649418037;4,07982671413601;2,47046648772874;538,596703778699;5480;" BSDGSLM_d2 BSDGSLM_d3 BSBG01_d2 BSDAGE BSSSCI0_";"BSMALG0_";"TOTWGT";"JRR";"FULL";"N";"listwise";"04-MAR-26";"19h19m";250;5;"NONE"
"15";"Azerbaijan, Republic of";"BSDGSLM_D2";128451,509287;0,315823255313868;0,464844714837947;0,216080608912773;2915,08649418037;0,00778418658639453;0,00308422788392895;0,00286735553538454;5480;" BSDGSLM_d2 BSDGSLM_d3 BSBG01_d2 BSDAGE BSSSCI0_";"BSMALG0_";"TOTWGT";"JRR";"FULL";"N";"listwise";"04-MAR-26";"19h19m";250;5;"NONE"
"16";"Azerbaijan, Republic of";"BSDGSLM_D3";128451,509287;0,267150077998134;0,442473092964563;0,195782437997626;2915,08649418037;0,00997924545261307;0,00525170937492694;0,00464740335264376;5480;" BSDGSLM_d2 BSDGSLM_d3 BSBG01_d2 BSDAGE BSSSCI0_";"BSMALG0_";"TOTWGT";"JRR";"FULL";"N";"listwise";"04-MAR-26";"19h19m";250;5;"NONE"
"17";"Azerbaijan, Republic of";"BSBG01_D2";128451,509287;0,495098903321615;0,499977924851915;0,249977925339227;2915,08649418037;0,00953820867369417;9,49577665138076e-05;9,4952730867878e-05;5480;" BSDGSLM_d2 BSDGSLM_d3 BSBG01_d2 BSDAGE BSSSCI0_";"BSMALG0_";"TOTWGT";"JRR";"FULL";"N";"listwise";"04-MAR-26";"19h19m";250;5;"NONE"
"18";"Azerbaijan, Republic of";"BSSSCI0_";128451,509287;418,691668910396;78,0309522204402;6089,14866205366;2915,08649418037;2,93569641133227;1,56267649375421;243,962019429367;5480;" BSDGSLM_d2 BSDGSLM_d3 BSBG01_d2 BSDAGE BSSSCI0_";"BSMALG0_";"TOTWGT";"JRR";"FULL";"N";"listwise";"04-MAR-26";"19h19m";250;5;"NONE"
"19";"Bahrain";"BSDAGE";17178,137029;13,8989983247909;0,500584522800837;0,250584864467742;137,345969892373;0,00720067726327414;0,0156764412252343;0,0156928407703113;4841;" BSDGSLM_d2 BSDGSLM_d3 BSBG01_d2 BSDAGE BSSSCI0_";"BSMALG0_";"TOTWGT";"JRR";"FULL";"N";"listwise";"04-MAR-26";"19h19m";250;5;"NONE"
"20";"Bahrain";"BSMALG0_";17178,137029;438,758660778521;107,472584519084;11551,0960054426;137,345969892373;2,87043632274682;1,71763690639046;369,042048381222;4841;" BSDGSLM_d2 BSDGSLM_d3 BSBG01_d2 BSDAGE BSSSCI0_";"BSMALG0_";"TOTWGT";"JRR";"FULL";"N";"listwise";"04-MAR-26";"19h19m";250;5;"NONE"
"21";"Bahrain";"BSDGSLM_D2";17178,137029;0,317476407703185;0,465508059002496;0,216697752996272;137,345969892373;0,00869603126671559;0,00340999630201591;0,00317469550221096;4841;" BSDGSLM_d2 BSDGSLM_d3 BSBG01_d2 BSDAGE BSSSCI0_";"BSMALG0_";"TOTWGT";"JRR";"FULL";"N";"listwise";"04-MAR-26";"19h19m";250;5;"NONE"
"22";"Bahrain";"BSDGSLM_D3";17178,137029;0,40812807879948;0,491501386516621;0,241573612947761;137,345969892373;0,0106107240862824;0,00198365753359792;0,00194991263540271;4841;" BSDGSLM_d2 BSDGSLM_d3 BSBG01_d2 BSDAGE BSSSCI0_";"BSMALG0_";"TOTWGT";"JRR";"FULL";"N";"listwise";"04-MAR-26";"19h19m";250;5;"NONE"
"23";"Bahrain";"BSBG01_D2";17178,137029;0,488435295796941;0,499880789849386;0,249880804060446;137,345969892373;0,00839175737493642;0,000195727709801961;0,000195676016368922;4841;" BSDGSLM_d2 BSDGSLM_d3 BSBG01_d2 BSDAGE BSSSCI0_";"BSMALG0_";"TOTWGT";"JRR";"FULL";"N";"listwise";"04-MAR-26";"19h19m";250;5;"NONE"
"24";"Bahrain";"BSSSCI0_";17178,137029;458,070409729611;103,501377808225;10713,7496292128;137,345969892373;2,65604187447846;1,81057965059046;375,248795048735;4841;" BSDGSLM_d2 BSDGSLM_d3 BSBG01_d2 BSDAGE BSSSCI0_";"BSMALG0_";"TOTWGT";"JRR";"FULL";"N";"listwise";"04-MAR-26";"19h19m";250;5;"NONE"
"25";"Chile";"BSDAGE";236200,282279;14,1868393653797;0,534685358240786;0,285888432317078;5018,19095191586;0,0126017835001327;0,015345086637238;0,0164086437069552;4298;" BSDGSLM_d2 BSDGSLM_d3 BSBG01_d2 BSDAGE BSSSCI0_";"BSMALG0_";"TOTWGT";"JRR";"FULL";"N";"listwise";"04-MAR-26";"19h19m";250;5;"NONE"
"26";"Chile";"BSMALG0_";236200,282279;416,698357380795;87,1980513009076;7605,86753926228;5018,19095191586;3,57864845766476;2,3788303473092;416,074512318206;4298;" BSDGSLM_d2 BSDGSLM_d3 BSBG01_d2 BSDAGE BSSSCI0_";"BSMALG0_";"TOTWGT";"JRR";"FULL";"N";"listwise";"04-MAR-26";"19h19m";250;5;"NONE"
"27";"Chile";"BSDGSLM_D2";236200,282279;0,350334849791825;0,477075786859616;0,227601306407722;5018,19095191586;0,010625576439504;0,003333597055618;0,00318068974073716;4298;" BSDGSLM_d2 BSDGSLM_d3 BSBG01_d2 BSDAGE BSSSCI0_";"BSMALG0_";"TOTWGT";"JRR";"FULL";"N";"listwise";"04-MAR-26";"19h19m";250;5;"NONE"
"28";"Chile";"BSDGSLM_D3";236200,282279;0,482346109503906;0,499689300725116;0,249689397259156;5018,19095191586;0,0127732930280479;0,000452865037988964;0,000452572758401785;4298;" BSDGSLM_d2 BSDGSLM_d3 BSBG01_d2 BSDAGE BSSSCI0_";"BSMALG0_";"TOTWGT";"JRR";"FULL";"N";"listwise";"04-MAR-26";"19h19m";250;5;"NONE"
"29";"Chile";"BSBG01_D2";236200,282279;0,495456919639781;0,499980418378299;0,249980418761738;5018,19095191586;0,0117488049544248;0,000110708672461039;0,000110702329442709;4298;" BSDGSLM_d2 BSDGSLM_d3 BSBG01_d2 BSDAGE BSSSCI0_";"BSMALG0_";"TOTWGT";"JRR";"FULL";"N";"listwise";"04-MAR-26";"19h19m";250;5;"NONE"
"30";"Chile";"BSSSCI0_";236200,282279;458,65366134828;80,7125452372572;6514,83030166889;5018,19095191586;2,53674213378435;1,40049907819623;226,216522328532;4298;" BSDGSLM_d2 BSDGSLM_d3 BSBG01_d2 BSDAGE BSSSCI0_";"BSMALG0_";"TOTWGT";"JRR";"FULL";"N";"listwise";"04-MAR-26";"19h19m";250;5;"NONE"
"31";"Chinese Taipei";"BSDAGE";180358,515900001;14,2353247908526;0,29903571501209;0,0894223588527921;1741,11942658882;0,00576066180480627;0,00275206458122727;0,00164591281880939;5452;" BSDGSLM_d2 BSDGSLM_d3 BSBG01_d2 BSDAGE BSSSCI0_";"BSMALG0_";"TOTWGT";"JRR";"FULL";"N";"listwise";"04-MAR-26";"19h19m";250;5;"NONE"
"32";"Chinese Taipei";"BSMALG0_";180358,515900001;613,0768462356;108,743335384116;11825,6812526329;1741,11942658882;3,24029096830391;1,88322265650507;409,437996487177;5452;" BSDGSLM_d2 BSDGSLM_d3 BSBG01_d2 BSDAGE BSSSCI0_";"BSMALG0_";"TOTWGT";"JRR";"FULL";"N";"listwise";"04-MAR-26";"19h19m";250;5;"NONE"
"33";"Chinese Taipei";"BSDGSLM_D2";180358,515900001;0,272879949291043;0,445440885746557;0,198417582694678;1741,11942658882;0,0082198972316672;0,00419125372371472;0,00373386192245318;5452;" BSDGSLM_d2 BSDGSLM_d3 BSBG01_d2 BSDAGE BSSSCI0_";"BSMALG0_";"TOTWGT";"JRR";"FULL";"N";"listwise";"04-MAR-26";"19h19m";250;5;"NONE"
"34";"Chinese Taipei";"BSDGSLM_D3";180358,515900001;0,610060450342174;0,487737651041517;0,237888016243497;1741,11942658882;0,00993337740972653;0,00224166953725159;0,00218666043227394;5452;" BSDGSLM_d2 BSDGSLM_d3 BSBG01_d2 BSDAGE BSSSCI0_";"BSMALG0_";"TOTWGT";"JRR";"FULL";"N";"listwise";"04-MAR-26";"19h19m";250;5;"NONE"
"35";"Chinese Taipei";"BSBG01_D2";180358,515900001;0,519195260699081;0,499632791217221;0,249632926059511;1741,11942658882;0,00791637876674293;0,00030485110498113;0,000304621106001073;5452;" BSDGSLM_d2 BSDGSLM_d3 BSBG01_d2 BSDAGE BSSSCI0_";"BSMALG0_";"TOTWGT";"JRR";"FULL";"N";"listwise";"04-MAR-26";"19h19m";250;5;"NONE"
"36";"Chinese Taipei";"BSSSCI0_";180358,515900001;572,580071607518;90,1598305652671;8129,08367682053;1741,11942658882;2,42843594185265;1,28005598932317;230,523605002493;5452;" BSDGSLM_d2 BSDGSLM_d3 BSBG01_d2 BSDAGE BSSSCI0_";"BSMALG0_";"TOTWGT";"JRR";"FULL";"N";"listwise";"04-MAR-26";"19h19m";250;5;"NONE"
"37";"Cyprus";"BSDAGE";9079,77401599998;13,8193063890314;0,407978330339759;0,166446318026818;100,204057288674;0,00840273829166301;0,0167015598754287;0,0136245549210978;3968;" BSDGSLM_d2 BSDGSLM_d3 BSBG01_d2 BSDAGE BSSSCI0_";"BSMALG0_";"TOTWGT";"JRR";"FULL";"N";"listwise";"04-MAR-26";"19h19m";250;5;"NONE"
"38";"Cyprus";"BSMALG0_";9079,77401599998;511,818858838554;92,0594239102179;8475,79000125582;100,204057288674;2,9606883302931;2,02495952440047;373,389788587932;3968;" BSDGSLM_d2 BSDGSLM_d3 BSBG01_d2 BSDAGE BSSSCI0_";"BSMALG0_";"TOTWGT";"JRR";"FULL";"N";"listwise";"04-MAR-26";"19h19m";250;5;"NONE"
"39";"Cyprus";"BSDGSLM_D2";9079,77401599998;0,287411092104432;0,45257984379302;0,204828515007714;100,204057288674;0,00740954564257219;0,0034808772154887;0,00315072747854123;3968;" BSDGSLM_d2 BSDGSLM_d3 BSBG01_d2 BSDAGE BSSSCI0_";"BSMALG0_";"TOTWGT";"JRR";"FULL";"N";"listwise";"04-MAR-26";"19h19m";250;5;"NONE"
"40";"Cyprus";"BSDGSLM_D3";9079,77401599998;0,55128587365494;0,497390195126422;0,2473970062079;100,204057288674;0,00916321312026345;0,000945062697410094;0,000940121308717275;3968;" BSDGSLM_d2 BSDGSLM_d3 BSBG01_d2 BSDAGE BSSSCI0_";"BSMALG0_";"TOTWGT";"JRR";"FULL";"N";"listwise";"04-MAR-26";"19h19m";250;5;"NONE"
"41";"Cyprus";"BSBG01_D2";9079,77401599998;0,490145431941111;0,499930408706439;0,249930413549387;100,204057288674;0,00755774683451585;0,000149668194056975;0,000149645740819532;3968;" BSDGSLM_d2 BSDGSLM_d3 BSBG01_d2 BSDAGE BSSSCI0_";"BSMALG0_";"TOTWGT";"JRR";"FULL";"N";"listwise";"04-MAR-26";"19h19m";250;5;"NONE"
"42";"Cyprus";"BSSSCI0_";9079,77401599998;469,314891321893;89,4345898898447;7999,00125481712;100,204057288674;3,01693689119682;1,95552410073828;349,676170372175;3968;" BSDGSLM_d2 BSDGSLM_d3 BSBG01_d2 BSDAGE BSSSCI0_";"BSMALG0_";"TOTWGT";"JRR";"FULL";"N";"listwise";"04-MAR-26";"19h19m";250;5;"NONE"
"43";"Czech Republic";"BSDAGE";110851,504074998;14,3389561135058;0,446312126122905;0,199194513924348;1865,26131116698;0,00771683746875307;0,0062448491584562;0,00557426403493441;7974;" BSDGSLM_d2 BSDGSLM_d3 BSBG01_d2 BSDAGE BSSSCI0_";"BSMALG0_";"TOTWGT";"JRR";"FULL";"N";"listwise";"04-MAR-26";"19h19m";250;5;"NONE"
"44";"Czech Republic";"BSMALG0_";110851,504074998;514,453509931702;87,4098978658433;7641,31606808524;1865,26131116698;2,64491178058839;1,7393837887883;303,800569106351;7974;" BSDGSLM_d2 BSDGSLM_d3 BSBG01_d2 BSDAGE BSSSCI0_";"BSMALG0_";"TOTWGT";"JRR";"FULL";"N";"listwise";"04-MAR-26";"19h19m";250;5;"NONE"
"45";"Czech Republic";"BSDGSLM_D2";110851,504074998;0,256027851717721;0,436439353394175;0,190479309191126;1865,26131116698;0,0074518933987369;0,00416575679909761;0,00363615383291617;7974;" BSDGSLM_d2 BSDGSLM_d3 BSBG01_d2 BSDAGE BSSSCI0_";"BSMALG0_";"TOTWGT";"JRR";"FULL";"N";"listwise";"04-MAR-26";"19h19m";250;5;"NONE"
"46";"Czech Republic";"BSDGSLM_D3";110851,504074998;0,668298340930744;0,470826579763046;0,221677668211368;1865,26131116698;0,0101314163776353;0,00362175026511868;0,00341035617385246;7974;" BSDGSLM_d2 BSDGSLM_d3 BSBG01_d2 BSDAGE BSSSCI0_";"BSMALG0_";"TOTWGT";"JRR";"FULL";"N";"listwise";"04-MAR-26";"19h19m";250;5;"NONE"
"47";"Czech Republic";"BSBG01_D2";110851,504074998;0,513356150309866;0,499823835895558;0,24982386692935;1865,26131116698;0,00671327275812122;0,000179627682464241;0,000179563398871882;7974;" BSDGSLM_d2 BSDGSLM_d3 BSBG01_d2 BSDAGE BSSSCI0_";"BSMALG0_";"TOTWGT";"JRR";"FULL";"N";"listwise";"04-MAR-26";"19h19m";250;5;"NONE"
"48";"Czech Republic";"BSSSCI0_";110851,504074998;528,107573705836;76,6749681226492;5879,14065364062;1865,26131116698;1,98515670576584;1,20638610793118;184,961128102899;7974;" BSDGSLM_d2 BSDGSLM_d3 BSBG01_d2 BSDAGE BSSSCI0_";"BSMALG0_";"TOTWGT";"JRR";"FULL";"N";"listwise";"04-MAR-26";"19h19m";250;5;"NONE"
"49";"England";"BSDAGE";539430,586033997;14,0343059175269;0,3037270723701;0,0922501344905118;17334,0307969168;0,00556543577732131;0,00533575775426914;0,00324070112635753;3970;" BSDGSLM_d2 BSDGSLM_d3 BSBG01_d2 BSDAGE BSSSCI0_";"BSMALG0_";"TOTWGT";"JRR";"FULL";"N";"listwise";"04-MAR-26";"19h19m";250;5;"NONE"
"50";"England";"BSMALG0_";539430,586033997;516,441923575504;100,499033873447;10101,0306668849;17334,0307969168;4,99238754902419;2,85435347010601;574,17972588828;3970;" BSDGSLM_d2 BSDGSLM_d3 BSBG01_d2 BSDAGE BSSSCI0_";"BSMALG0_";"TOTWGT";"JRR";"FULL";"N";"listwise";"04-MAR-26";"19h19m";250;5;"NONE"
"51";"England";"BSDGSLM_D2";539430,586033997;0,304204356287017;0,460070058021598;0,211664458287997;17334,0307969168;0,00940128125118094;0,00400126685603367;0,00368164523979756;3970;" BSDGSLM_d2 BSDGSLM_d3 BSBG01_d2 BSDAGE BSSSCI0_";"BSMALG0_";"TOTWGT";"JRR";"FULL";"N";"listwise";"04-MAR-26";"19h19m";250;5;"NONE"
"52";"England";"BSDGSLM_D3";539430,586033997;0,586684717590436;0,492428887514543;0,242486209258811;17334,0307969168;0,0145707056516428;0,00256754049825745;0,00252845226590762;3970;" BSDGSLM_d2 BSDGSLM_d3 BSBG01_d2 BSDAGE BSSSCI0_";"BSMALG0_";"TOTWGT";"JRR";"FULL";"N";"listwise";"04-MAR-26";"19h19m";250;5;"NONE"
"53";"England";"BSBG01_D2";539430,586033997;0,494379233546449;0,499968869409314;0,249968870378427;17334,0307969168;0,0167009195153572;0,000210006393124745;0,000209975977211462;3970;" BSDGSLM_d2 BSDGSLM_d3 BSBG01_d2 BSDAGE BSSSCI0_";"BSMALG0_";"TOTWGT";"JRR";"FULL";"N";"listwise";"04-MAR-26";"19h19m";250;5;"NONE"
"54";"England";"BSSSCI0_";539430,586033997;534,344979148245;97,5226067676185;9511,14978083178;17334,0307969168;4,44639172268081;2,52984912836823;493,703160685616;3970;" BSDGSLM_d2 BSDGSLM_d3 BSBG01_d2 BSDAGE BSSSCI0_";"BSMALG0_";"TOTWGT";"JRR";"FULL";"N";"listwise";"04-MAR-26";"19h19m";250;5;"NONE"
"55";"Finland";"BSDAGE";55016,9998710004;14,858675606486;0,343795058613014;0,118195042326726;876,925144360599;0,00645993629113007;0,0066635833168698;0,00458153308186054;5588;" BSDGSLM_d2 BSDGSLM_d3 BSBG01_d2 BSDAGE BSSSCI0_";"BSMALG0_";"TOTWGT";"JRR";"FULL";"N";"listwise";"04-MAR-26";"19h19m";250;5;"NONE"
"56";"Finland";"BSMALG0_";55016,9998710004;494,490700871072;84,7421637594369;7181,50058836096;876,925144360599;2,68020418715925;1,31669774589185;223,221230529774;5588;" BSDGSLM_d2 BSDGSLM_d3 BSBG01_d2 BSDAGE BSSSCI0_";"BSMALG0_";"TOTWGT";"JRR";"FULL";"N";"listwise";"04-MAR-26";"19h19m";250;5;"NONE"
"57";"Finland";"BSDGSLM_D2";55016,9998710004;0,245385163670404;0,43031924299567;0,185174650892366;876,925144360599;0,00738408820848877;0,00436924287800885;0,00376028685748235;5588;" BSDGSLM_d2 BSDGSLM_d3 BSBG01_d2 BSDAGE BSSSCI0_";"BSMALG0_";"TOTWGT";"JRR";"FULL";"N";"listwise";"04-MAR-26";"19h19m";250;5;"NONE"
"58";"Finland";"BSDGSLM_D3";55016,9998710004;0,688464953156518;0,463125101836912;0,21448485995145;876,925144360599;0,00902409282557553;0,00367254219405233;0,00340160436624106;5588;" BSDGSLM_d2 BSDGSLM_d3 BSBG01_d2 BSDAGE BSSSCI0_";"BSMALG0_";"TOTWGT";"JRR";"FULL";"N";"listwise";"04-MAR-26";"19h19m";250;5;"NONE"
"59";"Finland";"BSBG01_D2";55016,9998710004;0,499791418424723;0,500004500605305;0,25000450062556;876,925144360599;0,00878501694065371;1,70604155142074e-05;1,70604695787476e-05;5588;" BSDGSLM_d2 BSDGSLM_d3 BSBG01_d2 BSDAGE BSSSCI0_";"BSMALG0_";"TOTWGT";"JRR";"FULL";"N";"listwise";"04-MAR-26";"19h19m";250;5;"NONE"
"60";"Finland";"BSSSCI0_";55016,9998710004;536,217948926862;90,8116995195145;8247,04115342085;876,925144360599;3,07214473806861;1,55505689531713;282,451457406674;5588;" BSDGSLM_d2 BSDGSLM_d3 BSBG01_d2 BSDAGE BSSSCI0_";"BSMALG0_";"TOTWGT";"JRR";"FULL";"N";"listwise";"04-MAR-26";"19h19m";250;5;"NONE"
"61";"France";"BSDAGE";780332,321001006;13,9096794089651;0,383995993882452;0,147452923317772;15353,9684031914;0,00705582170307611;0,0087781798355689;0,00674118718943208;4299;" BSDGSLM_d2 BSDGSLM_d3 BSBG01_d2 BSDAGE BSSSCI0_";"BSMALG0_";"TOTWGT";"JRR";"FULL";"N";"listwise";"04-MAR-26";"19h19m";250;5;"NONE"
"62";"France";"BSMALG0_";780332,321001006;469,273303177969;86,1275562757466;7418,34468466037;15353,9684031914;3,4761730545875;2,03708640765552;350,906224656584;4299;" BSDGSLM_d2 BSDGSLM_d3 BSBG01_d2 BSDAGE BSSSCI0_";"BSMALG0_";"TOTWGT";"JRR";"FULL";"N";"listwise";"04-MAR-26";"19h19m";250;5;"NONE"
"63";"France";"BSDGSLM_D2";780332,321001006;0,335747379465091;0,472251376335183;0,223021362450475;15353,9684031914;0,0102516515501474;0,0035657705142555;0,00336782061764963;4299;" BSDGSLM_d2 BSDGSLM_d3 BSBG01_d2 BSDAGE BSSSCI0_";"BSMALG0_";"TOTWGT";"JRR";"FULL";"N";"listwise";"04-MAR-26";"19h19m";250;5;"NONE"
"64";"France";"BSDGSLM_D3";780332,321001006;0,568992033272994;0,495217541714493;0,245240413621745;15353,9684031914;0,0124471791669878;0,00173441947010136;0,00171779693554677;4299;" BSDGSLM_d2 BSDGSLM_d3 BSBG01_d2 BSDAGE BSSSCI0_";"BSMALG0_";"TOTWGT";"JRR";"FULL";"N";"listwise";"04-MAR-26";"19h19m";250;5;"NONE"
"65";"France";"BSBG01_D2";780332,321001006;0,494546220806224;0,499970575765334;0,24997057663112;15353,9684031914;0,00720702393055142;7,92211277658188e-05;7,92160186420875e-05;4299;" BSDGSLM_d2 BSDGSLM_d3 BSBG01_d2 BSDAGE BSSSCI0_";"BSMALG0_";"TOTWGT";"JRR";"FULL";"N";"listwise";"04-MAR-26";"19h19m";250;5;"NONE"
"66";"France";"BSSSCI0_";780332,321001006;489,652782226314;79,6091161172054;6337,8776942357;15353,9684031914;2,98821614842507;1,5383481453298;244,878095596204;4299;" BSDGSLM_d2 BSDGSLM_d3 BSBG01_d2 BSDAGE BSSSCI0_";"BSMALG0_";"TOTWGT";"JRR";"FULL";"N";"listwise";"04-MAR-26";"19h19m";250;5;"NONE"
"67";"Georgia";"BSDAGE";39101,0310300003;14,077264904634;0,300307028974469;0,0901843116514728;624,339895993598;0,00775219616659821;0,0147975131215459;0,00887916903974912;4557;" BSDGSLM_d2 BSDGSLM_d3 BSBG01_d2 BSDAGE BSSSCI0_";"BSMALG0_";"TOTWGT";"JRR";"FULL";"N";"listwise";"04-MAR-26";"19h19m";250;5;"NONE"
"68";"Georgia";"BSMALG0_";39101,0310300003;480,390430525849;100,424147555881;10085,3459270761;624,339895993598;3,43541707820742;1,60783005550027;323,142888835511;4557;" BSDGSLM_d2 BSDGSLM_d3 BSBG01_d2 BSDAGE BSSSCI0_";"BSMALG0_";"TOTWGT";"JRR";"FULL";"N";"listwise";"04-MAR-26";"19h19m";250;5;"NONE"
"69";"Georgia";"BSDGSLM_D2";39101,0310300003;0,384309695170713;0,486437873646265;0,236621804917499;624,339895993598;0,00851311952295371;0,00202475318200105;0,00196980298276006;4557;" BSDGSLM_d2 BSDGSLM_d3 BSBG01_d2 BSDAGE BSSSCI0_";"BSMALG0_";"TOTWGT";"JRR";"FULL";"N";"listwise";"04-MAR-26";"19h19m";250;5;"NONE"
"70";"Georgia";"BSDGSLM_D3";39101,0310300003;0,370077249904166;0,482831276071839;0,233126041153161;624,339895993598;0,0116937418439224;0,00314683376639611;0,00303872629686596;4557;" BSDGSLM_d2 BSDGSLM_d3 BSBG01_d2 BSDAGE BSSSCI0_";"BSMALG0_";"TOTWGT";"JRR";"FULL";"N";"listwise";"04-MAR-26";"19h19m";250;5;"NONE"
"71";"Georgia";"BSBG01_D2";39101,0310300003;0,489623856652554;0,499898716494142;0,24989872675249;624,339895993598;0,00803033643140739;0,000167144665864973;0,000167109595418001;4557;" BSDGSLM_d2 BSDGSLM_d3 BSBG01_d2 BSDAGE BSSSCI0_";"BSMALG0_";"TOTWGT";"JRR";"FULL";"N";"listwise";"04-MAR-26";"19h19m";250;5;"NONE"
"72";"Georgia";"BSSSCI0_";39101,0310300003;452,226245088609;77,4280830748507;5995,75952247452;624,339895993598;2,84949793468186;1,47547382805402;228,534620346511;4557;" BSDGSLM_d2 BSDGSLM_d3 BSBG01_d2 BSDAGE BSSSCI0_";"BSMALG0_";"TOTWGT";"JRR";"FULL";"N";"listwise";"04-MAR-26";"19h19m";250;5;"NONE"
"73";"Hong Kong, SAR";"BSDAGE";53130,6768719995;14,1732881078594;0,630943585140249;0,39808980762963;887,798254107286;0,0136228799704297;0,016461073083979;0,0207714788000129;4286;" BSDGSLM_d2 BSDGSLM_d3 BSBG01_d2 BSDAGE BSSSCI0_";"BSMALG0_";"TOTWGT";"JRR";"FULL";"N";"listwise";"04-MAR-26";"19h19m";250;5;"NONE"
"74";"Hong Kong, SAR";"BSMALG0_";53130,6768719995;579,520417656542;100,644442941261;10130,5683202235;887,798254107286;5,47346237784095;4,28923154263085;862,276680983896;4286;" BSDGSLM_d2 BSDGSLM_d3 BSBG01_d2 BSDAGE BSSSCI0_";"BSMALG0_";"TOTWGT";"JRR";"FULL";"N";"listwise";"04-MAR-26";"19h19m";250;5;"NONE"
"75";"Hong Kong, SAR";"BSDGSLM_D2";53130,6768719995;0,379986837578574;0,485387757591072;0,23560127521929;887,798254107286;0,0102599891441633;0,00253701616276245;0,00246281768359941;4286;" BSDGSLM_d2 BSDGSLM_d3 BSBG01_d2 BSDAGE BSSSCI0_";"BSMALG0_";"TOTWGT";"JRR";"FULL";"N";"listwise";"04-MAR-26";"19h19m";250;5;"NONE"
"76";"Hong Kong, SAR";"BSDGSLM_D3";53130,6768719995;0,442707119178378;0,496711354302433;0,246722169492957;887,798254107286;0,0121076829031753;0,00139712431266752;0,00138788870213593;4286;" BSDGSLM_d2 BSDGSLM_d3 BSBG01_d2 BSDAGE BSSSCI0_";"BSMALG0_";"TOTWGT";"JRR";"FULL";"N";"listwise";"04-MAR-26";"19h19m";250;5;"NONE"
"77";"Hong Kong, SAR";"BSBG01_D2";53130,6768719995;0,486124059424736;0,499812124820179;0,249812160117262;887,798254107286;0,0161832002161621;0,000464490819592142;0,000464243698654988;4286;" BSDGSLM_d2 BSDGSLM_d3 BSBG01_d2 BSDAGE BSSSCI0_";"BSMALG0_";"TOTWGT";"JRR";"FULL";"N";"listwise";"04-MAR-26";"19h19m";250;5;"NONE"
"78";"Hong Kong, SAR";"BSSSCI0_";53130,6768719995;529,950181619814;93,4048865979646;8724,89627621843;887,798254107286;4,69057986438344;2,97966974194825;556,598322122524;4286;" BSDGSLM_d2 BSDGSLM_d3 BSBG01_d2 BSDAGE BSSSCI0_";"BSMALG0_";"TOTWGT";"JRR";"FULL";"N";"listwise";"04-MAR-26";"19h19m";250;5;"NONE"
"79";"Hungary";"BSDAGE";84579,0357569994;14,5146677720922;0,526139203134232;0,276822461074725;1239,1203941026;0,013892266220532;0,0187488058930247;0,0197244290700503;5331;" BSDGSLM_d2 BSDGSLM_d3 BSBG01_d2 BSDAGE BSSSCI0_";"BSMALG0_";"TOTWGT";"JRR";"FULL";"N";"listwise";"04-MAR-26";"19h19m";250;5;"NONE"
"80";"Hungary";"BSMALG0_";84579,0357569994;505,06935326957;93,9069522559343;8819,64702295701;1239,1203941026;3,72909931521323;2,85480439043644;536,237867222374;5331;" BSDGSLM_d2 BSDGSLM_d3 BSBG01_d2 BSDAGE BSSSCI0_";"BSMALG0_";"TOTWGT";"JRR";"FULL";"N";"listwise";"04-MAR-26";"19h19m";250;5;"NONE"
"81";"Hungary";"BSDGSLM_D2";84579,0357569994;0,271442141619593;0,444706244147415;0,197763643583701;1239,1203941026;0,00905398234503459;0,00465347999827379;0,00413878269440677;5331;" BSDGSLM_d2 BSDGSLM_d3 BSBG01_d2 BSDAGE BSSSCI0_";"BSMALG0_";"TOTWGT";"JRR";"FULL";"N";"listwise";"04-MAR-26";"19h19m";250;5;"NONE"
"82";"Hungary";"BSDGSLM_D3";84579,0357569994;0,622537727425467;0,484754869674711;0,234987283673346;1239,1203941026;0,0115689196941889;0,00292459605152932;0,00283537753378626;5331;" BSDGSLM_d2 BSDGSLM_d3 BSBG01_d2 BSDAGE BSSSCI0_";"BSMALG0_";"TOTWGT";"JRR";"FULL";"N";"listwise";"04-MAR-26";"19h19m";250;5;"NONE"
"83";"Hungary";"BSBG01_D2";84579,0357569994;0,498240342028402;0,49999985941735;0,249999859417369;1239,1203941026;0,010549242312711;6,15897184371499e-05;6,15866572666825e-05;5331;" BSDGSLM_d2 BSDGSLM_d3 BSBG01_d2 BSDAGE BSSSCI0_";"BSMALG0_";"TOTWGT";"JRR";"FULL";"N";"listwise";"04-MAR-26";"19h19m";250;5;"NONE"
"84";"Hungary";"BSSSCI0_";84579,0357569994;522,515676929475;83,4846117759402;6969,76855445029;1239,1203941026;3,1320661373036;2,00797079739535;335,286044825536;5331;" BSDGSLM_d2 BSDGSLM_d3 BSBG01_d2 BSDAGE BSSSCI0_";"BSMALG0_";"TOTWGT";"JRR";"FULL";"N";"listwise";"04-MAR-26";"19h19m";250;5;"NONE"
"85";"Iran, Islamic Republic of";"BSDAGE";1205285,77228899;14,1771093587113;0,452878932688318;0,20509932767291;11785,3704849359;0,0105534769494211;0,0178981349909771;0,0162070202401219;6167;" BSDGSLM_d2 BSDGSLM_d3 BSBG01_d2 BSDAGE BSSSCI0_";"BSMALG0_";"TOTWGT";"JRR";"FULL";"N";"listwise";"04-MAR-26";"19h19m";250;5;"NONE"
"86";"Iran, Islamic Republic of";"BSMALG0_";1205285,77228899;424,419553478437;101,926596337164;10390,8301310352;11785,3704849359;3,74790568949455;2,83334352342641;578,245989458869;6167;" BSDGSLM_d2 BSDGSLM_d3 BSBG01_d2 BSDAGE BSSSCI0_";"BSMALG0_";"TOTWGT";"JRR";"FULL";"N";"listwise";"04-MAR-26";"19h19m";250;5;"NONE"
"87";"Iran, Islamic Republic of";"BSDGSLM_D2";1205285,77228899;0,353264521384321;0,477984193118571;0,228468888871212;11785,3704849359;0,00639219224917202;0,00196235518795411;0,00187594175394532;6167;" BSDGSLM_d2 BSDGSLM_d3 BSBG01_d2 BSDAGE BSSSCI0_";"BSMALG0_";"TOTWGT";"JRR";"FULL";"N";"listwise";"04-MAR-26";"19h19m";250;5;"NONE"
"88";"Iran, Islamic Republic of";"BSDGSLM_D3";1205285,77228899;0,314169619487725;0,464184498284101;0,215467248447262;11785,3704849359;0,00971796708534452;0,00389054309084719;0,0036118216720322;6167;" BSDGSLM_d2 BSDGSLM_d3 BSBG01_d2 BSDAGE BSSSCI0_";"BSMALG0_";"TOTWGT";"JRR";"FULL";"N";"listwise";"04-MAR-26";"19h19m";250;5;"NONE"
"89";"Iran, Islamic Republic of";"BSBG01_D2";1205285,77228899;0,51405766756736;0,499802550252066;0,249802589238469;11785,3704849359;0,0138723195183966;0,000396775438522623;0,000396587836409877;6167;" BSDGSLM_d2 BSDGSLM_d3 BSBG01_d2 BSDAGE BSSSCI0_";"BSMALG0_";"TOTWGT";"JRR";"FULL";"N";"listwise";"04-MAR-26";"19h19m";250;5;"NONE"
"90";"Iran, Islamic Republic of";"BSSSCI0_";1205285,77228899;419,703939731841;93,1827485363882;8683,1641216611;11785,3704849359;3,52135487897308;2,06868292306604;385,531625642237;6167;" BSDGSLM_d2 BSDGSLM_d3 BSBG01_d2 BSDAGE BSSSCI0_";"BSMALG0_";"TOTWGT";"JRR";"FULL";"N";"listwise";"04-MAR-26";"19h19m";250;5;"NONE"
"91";"Ireland";"BSDAGE";70077,8275400006;14,4421845863456;0,406769578933416;0,165461490345669;1368,63651974488;0,00933142218715169;0,0076451789972738;0,00621955767907031;5015;" BSDGSLM_d2 BSDGSLM_d3 BSBG01_d2 BSDAGE BSSSCI0_";"BSMALG0_";"TOTWGT";"JRR";"FULL";"N";"listwise";"04-MAR-26";"19h19m";250;5;"NONE"
"92";"Ireland";"BSMALG0_";70077,8275400006;504,318054732418;84,1292275416038;7078,08406231843;1368,63651974488;2,87750654537532;1,55609895726903;261,793430600056;5015;" BSDGSLM_d2 BSDGSLM_d3 BSBG01_d2 BSDAGE BSSSCI0_";"BSMALG0_";"TOTWGT";"JRR";"FULL";"N";"listwise";"04-MAR-26";"19h19m";250;5;"NONE"
"93";"Ireland";"BSDGSLM_D2";70077,8275400006;0,301188234737333;0,458777599133243;0,210476885466462;1368,63651974488;0,00831899087232676;0,00360530911838489;0,00330799685988885;5015;" BSDGSLM_d2 BSDGSLM_d3 BSBG01_d2 BSDAGE BSSSCI0_";"BSMALG0_";"TOTWGT";"JRR";"FULL";"N";"listwise";"04-MAR-26";"19h19m";250;5;"NONE"
"94";"Ireland";"BSDGSLM_D3";70077,8275400006;0,593213829841847;0,49123785017995;0,241314625449419;1368,63651974488;0,0138597076359892;0,0026339071238209;0,00258730699688916;5015;" BSDGSLM_d2 BSDGSLM_d3 BSBG01_d2 BSDAGE BSSSCI0_";"BSMALG0_";"TOTWGT";"JRR";"FULL";"N";"listwise";"04-MAR-26";"19h19m";250;5;"NONE"
"95";"Ireland";"BSBG01_D2";70077,8275400006;0,507820076081656;0,499942409733868;0,249942413050507;1368,63651974488;0,0150163023616209;0,000252826235611286;0,000252769283136427;5015;" BSDGSLM_d2 BSDGSLM_d3 BSBG01_d2 BSDAGE BSSSCI0_";"BSMALG0_";"TOTWGT";"JRR";"FULL";"N";"listwise";"04-MAR-26";"19h19m";250;5;"NONE"
"96";"Ireland";"BSSSCI0_";70077,8275400006;527,376901310897;86,3027091212652;7449,12981867393;1368,63651974488;3,54955152673521;1,95049490370596;336,903149638276;5015;" BSDGSLM_d2 BSDGSLM_d3 BSBG01_d2 BSDAGE BSSSCI0_";"BSMALG0_";"TOTWGT";"JRR";"FULL";"N";"listwise";"04-MAR-26";"19h19m";250;5;"NONE"
"97";"Israel";"BSDAGE";107511,760128001;13,962071907484;0,349166193473263;0,121917030664608;1100,54666833611;0,00665236638452287;0,00449624337687793;0,00313984930475514;5030;" BSDGSLM_d2 BSDGSLM_d3 BSBG01_d2 BSDAGE BSSSCI0_";"BSMALG0_";"TOTWGT";"JRR";"FULL";"N";"listwise";"04-MAR-26";"19h19m";250;5;"NONE"
"98";"Israel";"BSMALG0_";107511,760128001;497,05785568757;104,205932295593;10859,5066874117;1100,54666833611;4,10099570976554;2,79576849363231;582,959700641032;5030;" BSDGSLM_d2 BSDGSLM_d3 BSBG01_d2 BSDAGE BSSSCI0_";"BSMALG0_";"TOTWGT";"JRR";"FULL";"N";"listwise";"04-MAR-26";"19h19m";250;5;"NONE"
"99";"Israel";"BSDGSLM_D2";107511,760128001;0,306397262297454;0,460998868401717;0,212519956667663;1100,54666833611;0,00820511613090651;0,00344592673593588;0,00317711383555183;5030;" BSDGSLM_d2 BSDGSLM_d3 BSBG01_d2 BSDAGE BSSSCI0_";"BSMALG0_";"TOTWGT";"JRR";"FULL";"N";"listwise";"04-MAR-26";"19h19m";250;5;"NONE"
"100";"Israel";"BSDGSLM_D3";107511,760128001;0,533199971786806;0,498898864470186;0,248900076969641;1100,54666833611;0,0111078888567407;0,00073954610860694;0,000737908402686074;5030;" BSDGSLM_d2 BSDGSLM_d3 BSBG01_d2 BSDAGE BSSSCI0_";"BSMALG0_";"TOTWGT";"JRR";"FULL";"N";"listwise";"04-MAR-26";"19h19m";250;5;"NONE"
"101";"Israel";"BSBG01_D2";107511,760128001;0,495997779354665;0,499986307242065;0,249986307429556;1100,54666833611;0,00979856936589335;8,68442507519645e-05;8,68382532039027e-05;5030;" BSDGSLM_d2 BSDGSLM_d3 BSBG01_d2 BSDAGE BSSSCI0_";"BSMALG0_";"TOTWGT";"JRR";"FULL";"N";"listwise";"04-MAR-26";"19h19m";250;5;"NONE"
"102";"Israel";"BSSSCI0_";107511,760128001;483,673370829892;98,7242667064294;9746,91464138348;1100,54666833611;3,62132406380382;2,29291556399687;452,771298990411;5030;" BSDGSLM_d2 BSDGSLM_d3 BSBG01_d2 BSDAGE BSSSCI0_";"BSMALG0_";"TOTWGT";"JRR";"FULL";"N";"listwise";"04-MAR-26";"19h19m";250;5;"NONE"
"103";"Italy";"BSDAGE";521625,722263999;13,8251325643914;0,404576672958735;0,163682284302359;13820,8543166149;0,0103604545750571;0,0102158844286756;0,00826580475183923;4490;" BSDGSLM_d2 BSDGSLM_d3 BSBG01_d2 BSDAGE BSSSCI0_";"BSMALG0_";"TOTWGT";"JRR";"FULL";"N";"listwise";"04-MAR-26";"19h19m";250;5;"NONE"
"104";"Italy";"BSMALG0_";521625,722263999;492,845748767422;92,2235205216701;8506,48932823638;13820,8543166149;3,25289672349693;1,95413114362645;359,941493832315;4490;" BSDGSLM_d2 BSDGSLM_d3 BSBG01_d2 BSDAGE BSSSCI0_";"BSMALG0_";"TOTWGT";"JRR";"FULL";"N";"listwise";"04-MAR-26";"19h19m";250;5;"NONE"
"105";"Italy";"BSDGSLM_D2";521625,722263999;0,280652739919731;0,449318557962845;0,20188716652981;13820,8543166149;0,00890945207890274;0,0043496174477507;0,00390865221482749;4490;" BSDGSLM_d2 BSDGSLM_d3 BSBG01_d2 BSDAGE BSSSCI0_";"BSMALG0_";"TOTWGT";"JRR";"FULL";"N";"listwise";"04-MAR-26";"19h19m";250;5;"NONE"
"106";"Italy";"BSDGSLM_D3";521625,722263999;0,606215579783011;0,488588485593988;0,238718708255027;13820,8543166149;0,0117591834765703;0,00255662483506395;0,00249822951324879;4490;" BSDGSLM_d2 BSDGSLM_d3 BSBG01_d2 BSDAGE BSSSCI0_";"BSMALG0_";"TOTWGT";"JRR";"FULL";"N";"listwise";"04-MAR-26";"19h19m";250;5;"NONE"
"107";"Italy";"BSBG01_D2";521625,722263999;0,507284844870203;0,499947407439265;0,249947410205243;13820,8543166149;0,00728129758543979;0,000106616984105889;0,000106605114165597;4490;" BSDGSLM_d2 BSDGSLM_d3 BSBG01_d2 BSDAGE BSSSCI0_";"BSMALG0_";"TOTWGT";"JRR";"FULL";"N";"listwise";"04-MAR-26";"19h19m";250;5;"NONE"
"108";"Italy";"BSSSCI0_";521625,722263999;501,661495476312;82,1135461533908;6742,68684674995;13820,8543166149;3,12133019998556;1,40757208305909;231,158614703809;4490;" BSDGSLM_d2 BSDGSLM_d3 BSBG01_d2 BSDAGE BSSSCI0_";"BSMALG0_";"TOTWGT";"JRR";"FULL";"N";"listwise";"04-MAR-26";"19h19m";250;5;"NONE"
"109";"Japan";"BSDAGE";1007540,729704;14,4623183218152;0,288041911773084;0,0829681429378931;21330,9714304673;0,00566147621465578;0,00251931139373591;0,00145130495246936;3733;" BSDGSLM_d2 BSDGSLM_d3 BSBG01_d2 BSDAGE BSSSCI0_";"BSMALG0_";"TOTWGT";"JRR";"FULL";"N";"listwise";"04-MAR-26";"19h19m";250;5;"NONE"
"110";"Japan";"BSMALG0_";1007540,729704;593,510415579464;93,346661866832;8715,70703500565;21330,9714304673;3,55315012149999;2,30674337741469;432,408441673317;3733;" BSDGSLM_d2 BSDGSLM_d3 BSBG01_d2 BSDAGE BSSSCI0_";"BSMALG0_";"TOTWGT";"JRR";"FULL";"N";"listwise";"04-MAR-26";"19h19m";250;5;"NONE"
"111";"Japan";"BSDGSLM_D2";1007540,729704;0,309837815960762;0,462426811505942;0,213838555999552;21330,9714304673;0,0116739648764584;0,00480119902312679;0,00444015641380622;3733;" BSDGSLM_d2 BSDGSLM_d3 BSBG01_d2 BSDAGE BSSSCI0_";"BSMALG0_";"TOTWGT";"JRR";"FULL";"N";"listwise";"04-MAR-26";"19h19m";250;5;"NONE"
"112";"Japan";"BSDGSLM_D3";1007540,729704;0,585658162396424;0,492608282575137;0,242662920061626;21330,9714304673;0,012538197815523;0,00218087041152204;0,00214854339165663;3733;" BSDGSLM_d2 BSDGSLM_d3 BSBG01_d2 BSDAGE BSSSCI0_";"BSMALG0_";"TOTWGT";"JRR";"FULL";"N";"listwise";"04-MAR-26";"19h19m";250;5;"NONE"
"113";"Japan";"BSBG01_D2";1007540,729704;0,502107820781224;0,499995805198723;0,249995805216319;21330,9714304673;0,0137598417596671;0,000156334799068082;0,000156307035765524;3733;" BSDGSLM_d2 BSDGSLM_d3 BSBG01_d2 BSDAGE BSSSCI0_";"BSMALG0_";"TOTWGT";"JRR";"FULL";"N";"listwise";"04-MAR-26";"19h19m";250;5;"NONE"
"114";"Japan";"BSSSCI0_";1007540,729704;557,544220132921;78,5272416330215;6166,92675172589;21330,9714304673;3,07271587464122;1,68432293973583;264,751553386222;3733;" BSDGSLM_d2 BSDGSLM_d3 BSBG01_d2 BSDAGE BSSSCI0_";"BSMALG0_";"TOTWGT";"JRR";"FULL";"N";"listwise";"04-MAR-26";"19h19m";250;5;"NONE"
"115";"Jordan";"BSDAGE";160284,218533002;13,9541624024439;0,429164814674114;0,184182438154267;3642,679067123;0,00979561416972955;0,0207703558635447;0,0178040888829944;6431;" BSDGSLM_d2 BSDGSLM_d3 BSBG01_d2 BSDAGE BSSSCI0_";"BSMALG0_";"TOTWGT";"JRR";"FULL";"N";"listwise";"04-MAR-26";"19h19m";250;5;"NONE"
"116";"Jordan";"BSMALG0_";160284,218533002;409,95151772031;100,18327314355;10037,4754889464;3642,679067123;3,37954268899875;2,14504121774142;429,22030583541;6431;" BSDGSLM_d2 BSDGSLM_d3 BSBG01_d2 BSDAGE BSSSCI0_";"BSMALG0_";"TOTWGT";"JRR";"FULL";"N";"listwise";"04-MAR-26";"19h19m";250;5;"NONE"
"117";"Jordan";"BSDGSLM_D2";160284,218533002;0,329007197499871;0,46985406118737;0,220762838814265;3642,679067123;0,00747754626207369;0,00272130381427045;0,00255721295009456;6431;" BSDGSLM_d2 BSDGSLM_d3 BSBG01_d2 BSDAGE BSSSCI0_";"BSMALG0_";"TOTWGT";"JRR";"FULL";"N";"listwise";"04-MAR-26";"19h19m";250;5;"NONE"
"118";"Jordan";"BSDGSLM_D3";160284,218533002;0,296897191667074;0,456892275733271;0,208750551624728;3642,679067123;0,0104130315153388;0,00462922667134866;0,00423001624932346;6431;" BSDGSLM_d2 BSDGSLM_d3 BSBG01_d2 BSDAGE BSSSCI0_";"BSMALG0_";"TOTWGT";"JRR";"FULL";"N";"listwise";"04-MAR-26";"19h19m";250;5;"NONE"
"119";"Jordan";"BSBG01_D2";160284,218533002;0,500930825822185;0,500000693296476;0,250000693296957;3642,679067123;0,0215275560735032;0,000151495717154992;0,000151485579465739;6431;" BSDGSLM_d2 BSDGSLM_d3 BSBG01_d2 BSDAGE BSSSCI0_";"BSMALG0_";"TOTWGT";"JRR";"FULL";"N";"listwise";"04-MAR-26";"19h19m";250;5;"NONE"
"120";"Jordan";"BSSSCI0_";160284,218533002;418,536127212274;95,3132348814782;9084,92764714768;3642,679067123;3,51515309534395;1,76693094632513;336,893901452652;6431;" BSDGSLM_d2 BSDGSLM_d3 BSBG01_d2 BSDAGE BSSSCI0_";"BSMALG0_";"TOTWGT";"JRR";"FULL";"N";"listwise";"04-MAR-26";"19h19m";250;5;"NONE"
"121";"Kazakhstan";"BSDAGE";298139,989648002;14,3541429439018;0,458358219723466;0,210092257588065;5945,48578560573;0,0113384799746925;0,00599309044460014;0,00549389341405046;6099;" BSDGSLM_d2 BSDGSLM_d3 BSBG01_d2 BSDAGE BSSSCI0_";"BSMALG0_";"TOTWGT";"JRR";"FULL";"N";"listwise";"04-MAR-26";"19h19m";250;5;"NONE"
"122";"Kazakhstan";"BSMALG0_";298139,989648002;467,830316205768;101,351270558938;10272,8773250067;5945,48578560573;4,08905325268488;2,84865333644176;577,405334459136;6099;" BSDGSLM_d2 BSDGSLM_d3 BSBG01_d2 BSDAGE BSSSCI0_";"BSMALG0_";"TOTWGT";"JRR";"FULL";"N";"listwise";"04-MAR-26";"19h19m";250;5;"NONE"
"123";"Kazakhstan";"BSDGSLM_D2";298139,989648002;0,441738650475878;0,496594847236111;0,246606442301456;5945,48578560573;0,00829282415398254;0,000973074067697579;0,000966438383472122;6099;" BSDGSLM_d2 BSDGSLM_d3 BSBG01_d2 BSDAGE BSSSCI0_";"BSMALG0_";"TOTWGT";"JRR";"FULL";"N";"listwise";"04-MAR-26";"19h19m";250;5;"NONE"
"124";"Kazakhstan";"BSDGSLM_D3";298139,989648002;0,372093726997094;0,483364012921726;0,233640768987795;5945,48578560573;0,0103607493521365;0,00274171535797985;0,00265046102102376;6099;" BSDGSLM_d2 BSDGSLM_d3 BSBG01_d2 BSDAGE BSSSCI0_";"BSMALG0_";"TOTWGT";"JRR";"FULL";"N";"listwise";"04-MAR-26";"19h19m";250;5;"NONE"
"125";"Kazakhstan";"BSBG01_D2";298139,989648002;0,522191633215028;0,499508126358836;0,249508368298515;5945,48578560573;0,00804727259349691;0,000357706110661608;0,000357351802104739;6099;" BSDGSLM_d2 BSDGSLM_d3 BSBG01_d2 BSDAGE BSSSCI0_";"BSMALG0_";"TOTWGT";"JRR";"FULL";"N";"listwise";"04-MAR-26";"19h19m";250;5;"NONE"
"126";"Kazakhstan";"BSSSCI0_";298139,989648002;444,558125493475;82,0440923409108;6731,80761041049;5945,48578560573;2,9806069656271;1,89642468285334;311,654250365196;6099;" BSDGSLM_d2 BSDGSLM_d3 BSBG01_d2 BSDAGE BSSSCI0_";"BSMALG0_";"TOTWGT";"JRR";"FULL";"N";"listwise";"04-MAR-26";"19h19m";250;5;"NONE"
"127";"Korea, Republic of";"BSDAGE";404226,817700998;14,3692828833961;0,30862436063872;0,0952489959796589;6131,02241795976;0,00567652427607676;0,00675080287899039;0,00416625879393741;4234;" BSDGSLM_d2 BSDGSLM_d3 BSBG01_d2 BSDAGE BSSSCI0_";"BSMALG0_";"TOTWGT";"JRR";"FULL";"N";"listwise";"04-MAR-26";"19h19m";250;5;"NONE"
"128";"Korea, Republic of";"BSMALG0_";404226,817700998;595,07662430601;107,352890599287;11525,4152795147;6131,02241795976;3,10664279250412;1,74718163583475;374,731507398073;4234;" BSDGSLM_d2 BSDGSLM_d3 BSBG01_d2 BSDAGE BSSSCI0_";"BSMALG0_";"TOTWGT";"JRR";"FULL";"N";"listwise";"04-MAR-26";"19h19m";250;5;"NONE"
"129";"Korea, Republic of";"BSDGSLM_D2";404226,817700998;0,280610937270626;0,449298273477587;0,20186893854994;6131,02241795976;0,00725102229966089;0,00354071787489682;0,0031816424864319;4234;" BSDGSLM_d2 BSDGSLM_d3 BSBG01_d2 BSDAGE BSSSCI0_";"BSMALG0_";"TOTWGT";"JRR";"FULL";"N";"listwise";"04-MAR-26";"19h19m";250;5;"NONE"
"130";"Korea, Republic of";"BSDGSLM_D3";404226,817700998;0,596782504688837;0,490544332430836;0,240633742080015;6131,02241795976;0,00828998361235267;0,00163567095117279;0,00160472548253168;4234;" BSDGSLM_d2 BSDGSLM_d3 BSBG01_d2 BSDAGE BSSSCI0_";"BSMALG0_";"TOTWGT";"JRR";"FULL";"N";"listwise";"04-MAR-26";"19h19m";250;5;"NONE"
"131";"Korea, Republic of";"BSBG01_D2";404226,817700998;0,505503659126708;0,499970327247001;0,249970328127473;6131,02241795976;0,0100016112009033;0,000113331926529013;0,000113322800257973;4234;" BSDGSLM_d2 BSDGSLM_d3 BSBG01_d2 BSDAGE BSSSCI0_";"BSMALG0_";"TOTWGT";"JRR";"FULL";"N";"listwise";"04-MAR-26";"19h19m";250;5;"NONE"
"132";"Korea, Republic of";"BSSSCI0_";404226,817700998;545,72567533837;87,057748831197;7579,78002470222;6131,02241795976;2,23308248633175;1,51562532552096;263,511083704839;4234;" BSDGSLM_d2 BSDGSLM_d3 BSBG01_d2 BSDAGE BSSSCI0_";"BSMALG0_";"TOTWGT";"JRR";"FULL";"N";"listwise";"04-MAR-26";"19h19m";250;5;"NONE"
"133";"Kuwait";"BSDAGE";41792,2226340003;13,8020231539748;0,679696264204583;0,461987011573667;734,192015371042;0,0149855011101271;0,0269968018081494;0,0366909437469249;4063;" BSDGSLM_d2 BSDGSLM_d3 BSBG01_d2 BSDAGE BSSSCI0_";"BSMALG0_";"TOTWGT";"JRR";"FULL";"N";"listwise";"04-MAR-26";"19h19m";250;5;"NONE"
"134";"Kuwait";"BSMALG0_";41792,2226340003;382,9974999328;110,63409897293;12240,7957671992;734,192015371042;5,98712678357412;3,74963391660738;829,249358425494;4063;" BSDGSLM_d2 BSDGSLM_d3 BSBG01_d2 BSDAGE BSSSCI0_";"BSMALG0_";"TOTWGT";"JRR";"FULL";"N";"listwise";"04-MAR-26";"19h19m";250;5;"NONE"
"135";"Kuwait";"BSDGSLM_D2";41792,2226340003;0,293555913607212;0,455396312566921;0,207385801499549;734,192015371042;0,00902895714361013;0,00409338869412038;0,00372815171719878;4063;" BSDGSLM_d2 BSDGSLM_d3 BSBG01_d2 BSDAGE BSSSCI0_";"BSMALG0_";"TOTWGT";"JRR";"FULL";"N";"listwise";"04-MAR-26";"19h19m";250;5;"NONE"
"136";"Kuwait";"BSDGSLM_D3";41792,2226340003;0,487733943884975;0,499855501504781;0,249855522384596;734,192015371042;0,0113931445880239;0,000280674863883998;0,000280589728752862;4063;" BSDGSLM_d2 BSDGSLM_d3 BSBG01_d2 BSDAGE BSSSCI0_";"BSMALG0_";"TOTWGT";"JRR";"FULL";"N";"listwise";"04-MAR-26";"19h19m";250;5;"NONE"
"137";"Kuwait";"BSBG01_D2";41792,2226340003;0,491737500538689;0,499937707706149;0,249937711586479;734,192015371042;0,0144455079804188;0,000252308538915437;0,000252254090639573;4063;" BSDGSLM_d2 BSDGSLM_d3 BSBG01_d2 BSDAGE BSSSCI0_";"BSMALG0_";"TOTWGT";"JRR";"FULL";"N";"listwise";"04-MAR-26";"19h19m";250;5;"NONE"
"138";"Kuwait";"BSSSCI0_";41792,2226340003;423,817790372474;99,8461876175061;9969,88435081749;734,192015371042;5,44522322994633;3,69715498400493;737,567134472477;4063;" BSDGSLM_d2 BSDGSLM_d3 BSBG01_d2 BSDAGE BSSSCI0_";"BSMALG0_";"TOTWGT";"JRR";"FULL";"N";"listwise";"04-MAR-26";"19h19m";250;5;"NONE"
"139";"Lithuania";"BSDAGE";25302,9023500004;14,8194400092428;0,348811850690779;0,121669707182326;625,441328518694;0,00687731745305813;0,00483402143027454;0,00337229280762249;5197;" BSDGSLM_d2 BSDGSLM_d3 BSBG01_d2 BSDAGE BSSSCI0_";"BSMALG0_";"TOTWGT";"JRR";"FULL";"N";"listwise";"04-MAR-26";"19h19m";250;5;"NONE"
"140";"Lithuania";"BSMALG0_";25302,9023500004;513,871258974436;97,2297229588573;9454,90467618099;625,441328518694;3,28213448329695;2,02970296170152;395,78235877927;5197;" BSDGSLM_d2 BSDGSLM_d3 BSBG01_d2 BSDAGE BSSSCI0_";"BSMALG0_";"TOTWGT";"JRR";"FULL";"N";"listwise";"04-MAR-26";"19h19m";250;5;"NONE"
"141";"Lithuania";"BSDGSLM_D2";25302,9023500004;0,314117578136243;0,46417264064372;0,215456240322164;625,441328518694;0,00870906551300004;0,00348782381383797;0,00323787438671196;5197;" BSDGSLM_d2 BSDGSLM_d3 BSBG01_d2 BSDAGE BSSSCI0_";"BSMALG0_";"TOTWGT";"JRR";"FULL";"N";"listwise";"04-MAR-26";"19h19m";250;5;"NONE"
"142";"Lithuania";"BSDGSLM_D3";25302,9023500004;0,581498989462754;0,493322949885009;0,243367532883247;625,441328518694;0,0111616293517605;0,00184415287624944;0,00181950579413198;5197;" BSDGSLM_d2 BSDGSLM_d3 BSBG01_d2 BSDAGE BSSSCI0_";"BSMALG0_";"TOTWGT";"JRR";"FULL";"N";"listwise";"04-MAR-26";"19h19m";250;5;"NONE"
"143";"Lithuania";"BSBG01_D2";25302,9023500004;0,489953542463863;0,499908937089416;0,249908945381869;625,441328518694;0,00837383246617067;0,000168752305721785;0,000168720454486371;5197;" BSDGSLM_d2 BSDGSLM_d3 BSBG01_d2 BSDAGE BSSSCI0_";"BSMALG0_";"TOTWGT";"JRR";"FULL";"N";"listwise";"04-MAR-26";"19h19m";250;5;"NONE"
"144";"Lithuania";"BSSSCI0_";25302,9023500004;520,677229134639;84,74660517972;7182,09337266718;625,441328518694;2,94440878241332;1,32905134251131;225,243745788659;5197;" BSDGSLM_d2 BSDGSLM_d3 BSBG01_d2 BSDAGE BSSSCI0_";"BSMALG0_";"TOTWGT";"JRR";"FULL";"N";"listwise";"04-MAR-26";"19h19m";250;5;"NONE"
"145";"Malaysia";"BSDAGE";409642,334118002;14,2464416011344;0,32977195182243;0,108749540208775;3369,97703415713;0,00525128136455007;0,00614059007103447;0,00404983672702439;8714;" BSDGSLM_d2 BSDGSLM_d3 BSBG01_d2 BSDAGE BSSSCI0_";"BSMALG0_";"TOTWGT";"JRR";"FULL";"N";"listwise";"04-MAR-26";"19h19m";250;5;"NONE"
"146";"Malaysia";"BSMALG0_";409642,334118002;406,733886489139;92,0494017084702;8473,4203119756;3369,97703415713;3,68443877891997;1,90172598828624;350,035032201134;8714;" BSDGSLM_d2 BSDGSLM_d3 BSBG01_d2 BSDAGE BSSSCI0_";"BSMALG0_";"TOTWGT";"JRR";"FULL";"N";"listwise";"04-MAR-26";"19h19m";250;5;"NONE"
"147";"Malaysia";"BSDGSLM_D2";409642,334118002;0,486828555042731;0,499827093007372;0,249827122904201;3369,97703415713;0,0070149103252172;0,000185138898329182;0,000185073668752561;8714;" BSDGSLM_d2 BSDGSLM_d3 BSBG01_d2 BSDAGE BSSSCI0_";"BSMALG0_";"TOTWGT";"JRR";"FULL";"N";"listwise";"04-MAR-26";"19h19m";250;5;"NONE"
"148";"Malaysia";"BSDGSLM_D3";409642,334118002;0,320462164638447;0,466654794549161;0,217766697275719;3369,97703415713;0,00796183162014387;0,00306331079102438;0,0028589724656125;8714;" BSDGSLM_d2 BSDGSLM_d3 BSBG01_d2 BSDAGE BSSSCI0_";"BSMALG0_";"TOTWGT";"JRR";"FULL";"N";"listwise";"04-MAR-26";"19h19m";250;5;"NONE"
"149";"Malaysia";"BSBG01_D2";409642,334118002;0,481426836959163;0,499655528401844;0,249655647062526;3369,97703415713;0,0113567503824145;0,000423423271626967;0,000423121095642229;8714;" BSDGSLM_d2 BSDGSLM_d3 BSBG01_d2 BSDAGE BSSSCI0_";"BSMALG0_";"TOTWGT";"JRR";"FULL";"N";"listwise";"04-MAR-26";"19h19m";250;5;"NONE"
"150";"Malaysia";"BSSSCI0_";409642,334118002;426,953419912547;93,1584511611612;8678,92106133017;3369,97703415713;3,67276422388982;1,80967467075581;337,354077354659;8714;" BSDGSLM_d2 BSDGSLM_d3 BSBG01_d2 BSDAGE BSSSCI0_";"BSMALG0_";"TOTWGT";"JRR";"FULL";"N";"listwise";"04-MAR-26";"19h19m";250;5;"NONE"
"151";"Malta";"BSDAGE";4134,60770600001;13,7218686618052;0,359999857897508;0,129599897686226;17,5637294142886;0,00557131037494628;0,0128067606722215;0,0092192017245412;3834;" BSDGSLM_d2 BSDGSLM_d3 BSBG01_d2 BSDAGE BSSSCI0_";"BSMALG0_";"TOTWGT";"JRR";"FULL";"N";"listwise";"04-MAR-26";"19h19m";250;5;"NONE"
"152";"Malta";"BSMALG0_";4134,60770600001;499,890562931539;96,5193627665755;9317,30332983298;17,5637294142886;1,89686373733374;1,68909452113563;325,625234122548;3834;" BSDGSLM_d2 BSDGSLM_d3 BSBG01_d2 BSDAGE BSSSCI0_";"BSMALG0_";"TOTWGT";"JRR";"FULL";"N";"listwise";"04-MAR-26";"19h19m";250;5;"NONE"
"153";"Malta";"BSDGSLM_D2";4134,60770600001;0,310091295515037;0,462586682597545;0,213986438916602;17,5637294142886;0,00742091996430658;0,003047324725975;0,00281928668580942;3834;" BSDGSLM_d2 BSDGSLM_d3 BSBG01_d2 BSDAGE BSSSCI0_";"BSMALG0_";"TOTWGT";"JRR";"FULL";"N";"listwise";"04-MAR-26";"19h19m";250;5;"NONE"
"154";"Malta";"BSDGSLM_D3";4134,60770600001;0,536389758279042;0,498734343108091;0,248735944995459;17,5637294142886;0,007194870874696;0,000525185470595765;0,000523853164969395;3834;" BSDGSLM_d2 BSDGSLM_d3 BSBG01_d2 BSDAGE BSSSCI0_";"BSMALG0_";"TOTWGT";"JRR";"FULL";"N";"listwise";"04-MAR-26";"19h19m";250;5;"NONE"
"155";"Malta";"BSBG01_D2";4134,60770600001;0,480038969385115;0,499661826360631;0,249661940722042;17,5637294142886;0,0069416483529459;0,000277463510652732;0,000277274815326501;3834;" BSDGSLM_d2 BSDGSLM_d3 BSBG01_d2 BSDAGE BSSSCI0_";"BSMALG0_";"TOTWGT";"JRR";"FULL";"N";"listwise";"04-MAR-26";"19h19m";250;5;"NONE"
"156";"Malta";"BSSSCI0_";4134,60770600001;505,25084168003;102,904575332476;10589,8364254709;17,5637294142886;1,65688064414147;1,36891019528277;281,58521495714;3834;" BSDGSLM_d2 BSDGSLM_d3 BSBG01_d2 BSDAGE BSSSCI0_";"BSMALG0_";"TOTWGT";"JRR";"FULL";"N";"listwise";"04-MAR-26";"19h19m";250;5;"NONE"
"157";"Morocco";"BSDAGE";556967,653584997;14,3464461385894;1,05870097061506;1,12084774518128;9764,91520760148;0,0287994501520382;0,0210713824879968;0,0446147897682411;8172;" BSDGSLM_d2 BSDGSLM_d3 BSBG01_d2 BSDAGE BSSSCI0_";"BSMALG0_";"TOTWGT";"JRR";"FULL";"N";"listwise";"04-MAR-26";"19h19m";250;5;"NONE"
"158";"Morocco";"BSMALG0_";556967,653584997;375,6470595823;88,8044123338619;7886,74196130815;9764,91520760148;3,75219426912064;1,84245309959778;327,385109441691;8172;" BSDGSLM_d2 BSDGSLM_d3 BSBG01_d2 BSDAGE BSSSCI0_";"BSMALG0_";"TOTWGT";"JRR";"FULL";"N";"listwise";"04-MAR-26";"19h19m";250;5;"NONE"
"159";"Morocco";"BSDGSLM_D2";556967,653584997;0,35346883877693;0,478047099248554;0,228529029099957;9764,91520760148;0,00577980653218279;0,00177165040367608;0,00169385637540788;8172;" BSDGSLM_d2 BSDGSLM_d3 BSBG01_d2 BSDAGE BSSSCI0_";"BSMALG0_";"TOTWGT";"JRR";"FULL";"N";"listwise";"04-MAR-26";"19h19m";250;5;"NONE"
"160";"Morocco";"BSDGSLM_D3";556967,653584997;0,227182189761923;0,419011643803641;0,175570757643029;9764,91520760148;0,00799710964091654;0,00520705500141785;0,00436354900823176;8172;" BSDGSLM_d2 BSDGSLM_d3 BSBG01_d2 BSDAGE BSSSCI0_";"BSMALG0_";"TOTWGT";"JRR";"FULL";"N";"listwise";"04-MAR-26";"19h19m";250;5;"NONE"
"161";"Morocco";"BSBG01_D2";556967,653584997;0,488734613385336;0,499873523700215;0,24987353969647;9764,91520760148;0,00684508117944907;0,000154609756754267;0,000154569637472727;8172;" BSDGSLM_d2 BSDGSLM_d3 BSBG01_d2 BSDAGE BSSSCI0_";"BSMALG0_";"TOTWGT";"JRR";"FULL";"N";"listwise";"04-MAR-26";"19h19m";250;5;"NONE"
"162";"Morocco";"BSSSCI0_";556967,653584997;327,838406594515;81,2677960077966;6604,64341468734;9764,91520760148;3,31750214620008;1,53085296237277;248,850991691795;8172;" BSDGSLM_d2 BSDGSLM_d3 BSBG01_d2 BSDAGE BSSSCI0_";"BSMALG0_";"TOTWGT";"JRR";"FULL";"N";"listwise";"04-MAR-26";"19h19m";250;5;"NONE"
"163";"New Zealand";"BSDAGE";56716,142262;13,9305544111608;0,340900958288146;0,116213463361776;1737,61078729539;0,0135858438371011;0,00581002611468443;0,0039610402488634;3703;" BSDGSLM_d2 BSDGSLM_d3 BSBG01_d2 BSDAGE BSSSCI0_";"BSMALG0_";"TOTWGT";"JRR";"FULL";"N";"listwise";"04-MAR-26";"19h19m";250;5;"NONE"
"164";"New Zealand";"BSMALG0_";56716,142262;477,111842147611;100,723864943267;10147,1041346685;1737,61078729539;4,507025499173;3,03280811653927;610,646717669863;3703;" BSDGSLM_d2 BSDGSLM_d3 BSBG01_d2 BSDAGE BSSSCI0_";"BSMALG0_";"TOTWGT";"JRR";"FULL";"N";"listwise";"04-MAR-26";"19h19m";250;5;"NONE"
"165";"New Zealand";"BSDGSLM_D2";56716,142262;0,322996882322757;0,46762565361066;0,218673751914797;1737,61078729539;0,0112761149878727;0,00426868656494831;0,00399213095041663;3703;" BSDGSLM_d2 BSDGSLM_d3 BSBG01_d2 BSDAGE BSSSCI0_";"BSMALG0_";"TOTWGT";"JRR";"FULL";"N";"listwise";"04-MAR-26";"19h19m";250;5;"NONE"
"166";"New Zealand";"BSDGSLM_D3";56716,142262;0,560279419714532;0,496357467441626;0,246370735485065;1737,61078729539;0,0117857123894083;0,00143179900845931;0,00142132063426257;3703;" BSDGSLM_d2 BSDGSLM_d3 BSBG01_d2 BSDAGE BSSSCI0_";"BSMALG0_";"TOTWGT";"JRR";"FULL";"N";"listwise";"04-MAR-26";"19h19m";250;5;"NONE"
"167";"New Zealand";"BSBG01_D2";56716,142262;0,534506123723289;0,498812303803308;0,248813714425564;1737,61078729539;0,01818739606931;0,00126215624981212;0,00125902998023364;3703;" BSDGSLM_d2 BSDGSLM_d3 BSBG01_d2 BSDAGE BSSSCI0_";"BSMALG0_";"TOTWGT";"JRR";"FULL";"N";"listwise";"04-MAR-26";"19h19m";250;5;"NONE"
"168";"New Zealand";"BSSSCI0_";56716,142262;507,682472553518;94,3981680487009;8911,92259298719;1737,61078729539;3,87784643460026;2,06034271884044;388,688232387234;3703;" BSDGSLM_d2 BSDGSLM_d3 BSBG01_d2 BSDAGE BSSSCI0_";"BSMALG0_";"TOTWGT";"JRR";"FULL";"N";"listwise";"04-MAR-26";"19h19m";250;5;"NONE"
"169";"Norway";"BSDAGE";55901,6070929989;14,7763407798025;0,300071980351722;0,090043193392204;952,395431248838;0,00625319031614327;0,00435113758161563;0,00261120415577569;5899;" BSDGSLM_d2 BSDGSLM_d3 BSBG01_d2 BSDAGE BSSSCI0_";"BSMALG0_";"TOTWGT";"JRR";"FULL";"N";"listwise";"04-MAR-26";"19h19m";250;5;"NONE"
"170";"Norway";"BSMALG0_";55901,6070929989;489,501900781386;85,2198406695656;7263,72933642185;952,395431248838;2,5207793538447;1,65833220058145;282,162557319106;5899;" BSDGSLM_d2 BSDGSLM_d3 BSBG01_d2 BSDAGE BSSSCI0_";"BSMALG0_";"TOTWGT";"JRR";"FULL";"N";"listwise";"04-MAR-26";"19h19m";250;5;"NONE"
"171";"Norway";"BSDGSLM_D2";55901,6070929989;0,253901149020411;0,435245613803754;0,189438744335407;952,395431248838;0,00660952460624046;0,00373731271499279;0,00325327095648613;5899;" BSDGSLM_d2 BSDGSLM_d3 BSBG01_d2 BSDAGE BSSSCI0_";"BSMALG0_";"TOTWGT";"JRR";"FULL";"N";"listwise";"04-MAR-26";"19h19m";250;5;"NONE"
"172";"Norway";"BSDGSLM_D3";55901,6070929989;0,661017035083197;0,473368274011085;0,224077522840234;952,395431248838;0,00853370909911697;0,00290286501379771;0,00274822473931799;5899;" BSDGSLM_d2 BSDGSLM_d3 BSBG01_d2 BSDAGE BSSSCI0_";"BSMALG0_";"TOTWGT";"JRR";"FULL";"N";"listwise";"04-MAR-26";"19h19m";250;5;"NONE"
"173";"Norway";"BSBG01_D2";55901,6070929989;0,517668617520378;0,499692191847854;0,249692286593712;952,395431248838;0,00808210362516568;0,000286045407807003;0,000285867374473641;5899;" BSDGSLM_d2 BSDGSLM_d3 BSBG01_d2 BSDAGE BSSSCI0_";"BSMALG0_";"TOTWGT";"JRR";"FULL";"N";"listwise";"04-MAR-26";"19h19m";250;5;"NONE"
"174";"Norway";"BSSSCI0_";55901,6070929989;493,219878348267;89,4422261595323;8000,18751130252;952,395431248838;2,55648288154931;1,14394017596065;204,636830077359;5899;" BSDGSLM_d2 BSDGSLM_d3 BSBG01_d2 BSDAGE BSSSCI0_";"BSMALG0_";"TOTWGT";"JRR";"FULL";"N";"listwise";"04-MAR-26";"19h19m";250;5;"NONE"
"175";"Oman";"BSDAGE";59261,5878450002;13,7680103719264;0,487077202405648;0,237244201103312;549,947249953498;0,0130899784505665;0,0151454424709459;0,0147524219158405;7461;" BSDGSLM_d2 BSDGSLM_d3 BSBG01_d2 BSDAGE BSSSCI0_";"BSMALG0_";"TOTWGT";"JRR";"FULL";"N";"listwise";"04-MAR-26";"19h19m";250;5;"NONE"
"176";"Oman";"BSMALG0_";59261,5878450002;424,318425458501;95,2397678192837;9071,09909651176;549,947249953498;2,76944786283064;1,53336751584169;292,292745536087;7461;" BSDGSLM_d2 BSDGSLM_d3 BSBG01_d2 BSDAGE BSSSCI0_";"BSMALG0_";"TOTWGT";"JRR";"FULL";"N";"listwise";"04-MAR-26";"19h19m";250;5;"NONE"
"177";"Oman";"BSDGSLM_D2";59261,5878450002;0,364138428562552;0,481191791891771;0,231545540584013;549,947249953498;0,00722209770893915;0,00203918126396694;0,00196246409801206;7461;" BSDGSLM_d2 BSDGSLM_d3 BSBG01_d2 BSDAGE BSSSCI0_";"BSMALG0_";"TOTWGT";"JRR";"FULL";"N";"listwise";"04-MAR-26";"19h19m";250;5;"NONE"
"178";"Oman";"BSDGSLM_D3";59261,5878450002;0,318200826129078;0,465781838754119;0,216952721313168;549,947249953498;0,00965887017916485;0,00377009463317107;0,00351204573642437;7461;" BSDGSLM_d2 BSDGSLM_d3 BSBG01_d2 BSDAGE BSSSCI0_";"BSMALG0_";"TOTWGT";"JRR";"FULL";"N";"listwise";"04-MAR-26";"19h19m";250;5;"NONE"
"179";"Oman";"BSBG01_D2";59261,5878450002;0,496181735526699;0,499989639158465;0,249989639265812;549,947249953498;0,00833739119550527;6,95917448479158e-05;6,95881162222755e-05;7461;" BSDGSLM_d2 BSDGSLM_d3 BSBG01_d2 BSDAGE BSSSCI0_";"BSMALG0_";"TOTWGT";"JRR";"FULL";"N";"listwise";"04-MAR-26";"19h19m";250;5;"NONE"
"180";"Oman";"BSSSCI0_";59261,5878450002;462,57410174608;96,8130284588172;9373,17061453809;549,947249953498;2,62256560714471;1,33864395231746;259,332065644784;7461;" BSDGSLM_d2 BSDGSLM_d3 BSBG01_d2 BSDAGE BSSSCI0_";"BSMALG0_";"TOTWGT";"JRR";"FULL";"N";"listwise";"04-MAR-26";"19h19m";250;5;"NONE"
"181";"Portugal";"BSDAGE";99321,8226320004;14,0874014767023;0,610166340528809;0,372302963114318;2192,06022584661;0,0138393704291119;0,0174642297234674;0,0213115717706239;5276;" BSDGSLM_d2 BSDGSLM_d3 BSBG01_d2 BSDAGE BSSSCI0_";"BSMALG0_";"TOTWGT";"JRR";"FULL";"N";"listwise";"04-MAR-26";"19h19m";250;5;"NONE"
"182";"Portugal";"BSMALG0_";99321,8226320004;475,495232768878;92,5463961013581;8565,88040820572;2192,06022584661;3,23923753589104;1,77295281596367;327,965560399634;5276;" BSDGSLM_d2 BSDGSLM_d3 BSBG01_d2 BSDAGE BSSSCI0_";"BSMALG0_";"TOTWGT";"JRR";"FULL";"N";"listwise";"04-MAR-26";"19h19m";250;5;"NONE"
"183";"Portugal";"BSDGSLM_D2";99321,8226320004;0,286241434395911;0,452005898937847;0,204309332674611;2192,06022584661;0,00878056563366605;0,00415253759431357;0,00375389579095985;5276;" BSDGSLM_d2 BSDGSLM_d3 BSBG01_d2 BSDAGE BSSSCI0_";"BSMALG0_";"TOTWGT";"JRR";"FULL";"N";"listwise";"04-MAR-26";"19h19m";250;5;"NONE"
"184";"Portugal";"BSDGSLM_D3";99321,8226320004;0,582171730086334;0,493204071238771;0,243250255886499;2192,06022584661;0,0111244303983051;0,00185363561566051;0,00182841435035504;5276;" BSDGSLM_d2 BSDGSLM_d3 BSBG01_d2 BSDAGE BSSSCI0_";"BSMALG0_";"TOTWGT";"JRR";"FULL";"N";"listwise";"04-MAR-26";"19h19m";250;5;"NONE"
"185";"Portugal";"BSBG01_D2";99321,8226320004;0,507224371009159;0,499950322565729;0,249950325033577;2192,06022584661;0,00986348643192351;0,000144611158669417;0,000144594158911355;5276;" BSDGSLM_d2 BSDGSLM_d3 BSBG01_d2 BSDAGE BSSSCI0_";"BSMALG0_";"TOTWGT";"JRR";"FULL";"N";"listwise";"04-MAR-26";"19h19m";250;5;"NONE"
"186";"Portugal";"BSSSCI0_";99321,8226320004;506,871561843925;81,8187575006186;6694,52620431197;2192,06022584661;2,2640325415154;1,12449869895353;183,890899220069;5276;" BSDGSLM_d2 BSDGSLM_d3 BSBG01_d2 BSDAGE BSSSCI0_";"BSMALG0_";"TOTWGT";"JRR";"FULL";"N";"listwise";"04-MAR-26";"19h19m";250;5;"NONE"
"187";"Qatar";"BSDAGE";22196,5547969996;14,035179605458;0,72460222533044;0,525048384953826;488,005225017489;0,0208701582968336;0,0219880024231298;0,0318623292862399;4109;" BSDGSLM_d2 BSDGSLM_d3 BSBG01_d2 BSDAGE BSSSCI0_";"BSMALG0_";"TOTWGT";"JRR";"FULL";"N";"listwise";"04-MAR-26";"19h19m";250;5;"NONE"
"188";"Qatar";"BSMALG0_";22196,5547969996;463,087496288153;102,47347163397;10501,8788219283;488,005225017489;4,20962364076861;2,65570206834721;544,612354216037;4109;" BSDGSLM_d2 BSDGSLM_d3 BSBG01_d2 BSDAGE BSSSCI0_";"BSMALG0_";"TOTWGT";"JRR";"FULL";"N";"listwise";"04-MAR-26";"19h19m";250;5;"NONE"
"189";"Qatar";"BSDGSLM_D2";22196,5547969996;0,313551214305599;0,463946707724534;0,215246547608435;488,005225017489;0,00967024012001609;0,00388651234800714;0,00360617253370725;4109;" BSDGSLM_d2 BSDGSLM_d3 BSBG01_d2 BSDAGE BSSSCI0_";"BSMALG0_";"TOTWGT";"JRR";"FULL";"N";"listwise";"04-MAR-26";"19h19m";250;5;"NONE"
"190";"Qatar";"BSDGSLM_D3";22196,5547969996;0,434170747583886;0,495658731186672;0,245677577801582;488,005225017489;0,0153595923611417;0,00204139375784817;0,00202351217539007;4109;" BSDGSLM_d2 BSDGSLM_d3 BSBG01_d2 BSDAGE BSSSCI0_";"BSMALG0_";"TOTWGT";"JRR";"FULL";"N";"listwise";"04-MAR-26";"19h19m";250;5;"NONE"
"191";"Qatar";"BSBG01_D2";22196,5547969996;0,510509810402276;0,49990079258331;0,249900802425422;488,005225017489;0,0211094798848773;0,000474547592562105;0,000474363478558986;4109;" BSDGSLM_d2 BSDGSLM_d3 BSBG01_d2 BSDAGE BSSSCI0_";"BSMALG0_";"TOTWGT";"JRR";"FULL";"N";"listwise";"04-MAR-26";"19h19m";250;5;"NONE"
"192";"Qatar";"BSSSCI0_";22196,5547969996;485,283874782713;101,308564092428;10264,1395474922;488,005225017489;4,09546434939294;2,13294650291308;432,369967617263;4109;" BSDGSLM_d2 BSDGSLM_d3 BSBG01_d2 BSDAGE BSSSCI0_";"BSMALG0_";"TOTWGT";"JRR";"FULL";"N";"listwise";"04-MAR-26";"19h19m";250;5;"NONE"
"193";"Romania";"BSDAGE";144710,732524001;14,9978650761576;0,447720546018464;0,200453687327072;5342,35483877732;0,0128337844556575;0,0213540533573962;0,0191037777264701;3407;" BSDGSLM_d2 BSDGSLM_d3 BSBG01_d2 BSDAGE BSSSCI0_";"BSMALG0_";"TOTWGT";"JRR";"FULL";"N";"listwise";"04-MAR-26";"19h19m";250;5;"NONE"
"194";"Romania";"BSMALG0_";144710,732524001;508,358320860437;107,03734872576;11457,9558936384;5342,35483877732;4,85665296617916;2,63546982946913;565,163103173025;3407;" BSDGSLM_d2 BSDGSLM_d3 BSBG01_d2 BSDAGE BSSSCI0_";"BSMALG0_";"TOTWGT";"JRR";"FULL";"N";"listwise";"04-MAR-26";"19h19m";250;5;"NONE"
"195";"Romania";"BSDGSLM_D2";144710,732524001;0,327755043193728;0,469396631252888;0,22033319743156;5342,35483877732;0,00933917735404513;0,00342723590424413;0,00321741140753999;3407;" BSDGSLM_d2 BSDGSLM_d3 BSBG01_d2 BSDAGE BSSSCI0_";"BSMALG0_";"TOTWGT";"JRR";"FULL";"N";"listwise";"04-MAR-26";"19h19m";250;5;"NONE"
"196";"Romania";"BSDGSLM_D3";144710,732524001;0,4699801095936;0,499099717039291;0,2491005275487;5342,35483877732;0,0138426627967932;0,000833844578146295;0,00083231578059812;3407;" BSDGSLM_d2 BSDGSLM_d3 BSBG01_d2 BSDAGE BSSSCI0_";"BSMALG0_";"TOTWGT";"JRR";"FULL";"N";"listwise";"04-MAR-26";"19h19m";250;5;"NONE"
"197";"Romania";"BSBG01_D2";144710,732524001;0,514240996925768;0,499798879752049;0,249798920201403;5342,35483877732;0,0105029241268805;0,000300154566790595;0,000300028966765955;3407;" BSDGSLM_d2 BSDGSLM_d3 BSBG01_d2 BSDAGE BSSSCI0_";"BSMALG0_";"TOTWGT";"JRR";"FULL";"N";"listwise";"04-MAR-26";"19h19m";250;5;"NONE"
"198";"Romania";"BSSSCI0_";144710,732524001;473,437627154459;81,6583582816974;6668,78315671759;5342,35483877732;3,72584056150062;2,39158847433862;391,143308090647;3407;" BSDGSLM_d2 BSDGSLM_d3 BSBG01_d2 BSDAGE BSSSCI0_";"BSMALG0_";"TOTWGT";"JRR";"FULL";"N";"listwise";"04-MAR-26";"19h19m";250;5;"NONE"
"199";"Saudi Arabia";"BSDAGE";374635,788377001;14,0096553679844;0,61391844938963;0,376895862500968;5375,24375657809;0,0142454175042308;0,0225857722503794;0,0277295147514192;5241;" BSDGSLM_d2 BSDGSLM_d3 BSBG01_d2 BSDAGE BSSSCI0_";"BSMALG0_";"TOTWGT";"JRR";"FULL";"N";"listwise";"04-MAR-26";"19h19m";250;5;"NONE"
"200";"Saudi Arabia";"BSMALG0_";374635,788377001;408,293758579508;88,7512029029939;7877,08243474809;5375,24375657809;3,29410787905943;1,51644282999014;269,003659741346;5241;" BSDGSLM_d2 BSDGSLM_d3 BSBG01_d2 BSDAGE BSSSCI0_";"BSMALG0_";"TOTWGT";"JRR";"FULL";"N";"listwise";"04-MAR-26";"19h19m";250;5;"NONE"
"201";"Saudi Arabia";"BSDGSLM_D2";374635,788377001;0,325876855027381;0,468702162116065;0,219681716772274;5375,24375657809;0,00737414494818809;0,0027395475898479;0,00256804665113135;5241;" BSDGSLM_d2 BSDGSLM_d3 BSBG01_d2 BSDAGE BSSSCI0_";"BSMALG0_";"TOTWGT";"JRR";"FULL";"N";"listwise";"04-MAR-26";"19h19m";250;5;"NONE"
"202";"Saudi Arabia";"BSDGSLM_D3";374635,788377001;0,335352724893896;0,472114254981033;0,222891869756296;5375,24375657809;0,0107904409803335;0,00376324029235458;0,0035533174807568;5241;" BSDGSLM_d2 BSDGSLM_d3 BSBG01_d2 BSDAGE BSSSCI0_";"BSMALG0_";"TOTWGT";"JRR";"FULL";"N";"listwise";"04-MAR-26";"19h19m";250;5;"NONE"
"203";"Saudi Arabia";"BSBG01_D2";374635,788377001;0,486273434578212;0,499812212951369;0,249812248215345;5375,24375657809;0,00723340817122613;0,000199206605067159;0,000199129644024407;5241;" BSDGSLM_d2 BSDGSLM_d3 BSBG01_d2 BSDAGE BSSSCI0_";"BSMALG0_";"TOTWGT";"JRR";"FULL";"N";"listwise";"04-MAR-26";"19h19m";250;5;"NONE"
"204";"Saudi Arabia";"BSSSCI0_";374635,788377001;428,382371422104;92,2114853675861;8503,5574331346;5375,24375657809;3,35144390364653;1,61244135600401;297,522751031452;5241;" BSDGSLM_d2 BSDGSLM_d3 BSBG01_d2 BSDAGE BSSSCI0_";"BSMALG0_";"TOTWGT";"JRR";"FULL";"N";"listwise";"04-MAR-26";"19h19m";250;5;"NONE"
"205";"Singapore";"BSDAGE";38520,659406;14,3177084026644;0,390513657225613;0,152500916479724;71,9723171482204;0,00751027066957967;0,0118215857908695;0,00923212115023034;4726;" BSDGSLM_d2 BSDGSLM_d3 BSBG01_d2 BSDAGE BSSSCI0_";"BSMALG0_";"TOTWGT";"JRR";"FULL";"N";"listwise";"04-MAR-26";"19h19m";250;5;"NONE"
"206";"Singapore";"BSMALG0_";38520,659406;604,184466754089;109,094337149704;11904,4293489476;71,9723171482204;6,79294006391076;4,31942013087199;940,98795298803;4726;" BSDGSLM_d2 BSDGSLM_d3 BSBG01_d2 BSDAGE BSSSCI0_";"BSMALG0_";"TOTWGT";"JRR";"FULL";"N";"listwise";"04-MAR-26";"19h19m";250;5;"NONE"
"207";"Singapore";"BSDGSLM_D2";38520,659406;0,373565570550918;0,483756560929258;0,234020410242103;71,9723171482204;0,00753220026066038;0,00196870187089075;0,00190473422340588;4726;" BSDGSLM_d2 BSDGSLM_d3 BSBG01_d2 BSDAGE BSSSCI0_";"BSMALG0_";"TOTWGT";"JRR";"FULL";"N";"listwise";"04-MAR-26";"19h19m";250;5;"NONE"
"208";"Singapore";"BSDGSLM_D3";38520,659406;0,391180450006858;0,48802099167164;0,23816448831217;71,9723171482204;0,0124000534847599;0,00276529744623922;0,0026989887240801;4726;" BSDGSLM_d2 BSDGSLM_d3 BSBG01_d2 BSDAGE BSSSCI0_";"BSMALG0_";"TOTWGT";"JRR";"FULL";"N";"listwise";"04-MAR-26";"19h19m";250;5;"NONE"
"209";"Singapore";"BSBG01_D2";38520,659406;0,523970993052527;0,499431543624527;0,249431866767177;71,9723171482204;0,0231261709250618;0,00112551433485215;0,00112402086304072;4726;" BSDGSLM_d2 BSDGSLM_d3 BSBG01_d2 BSDAGE BSSSCI0_";"BSMALG0_";"TOTWGT";"JRR";"FULL";"N";"listwise";"04-MAR-26";"19h19m";250;5;"NONE"
"210";"Singapore";"BSSSCI0_";38520,659406;606,603338340135;98,5029898490426;9703,39197125009;71,9723171482204;5,7102506157061;3,46006374729474;681,502777529752;4726;" BSDGSLM_d2 BSDGSLM_d3 BSBG01_d2 BSDAGE BSSSCI0_";"BSMALG0_";"TOTWGT";"JRR";"FULL";"N";"listwise";"04-MAR-26";"19h19m";250;5;"NONE"
"211";"South Africa";"BSDAGE";851712,673098971;15,5157976718022;0,929569502182543;0,8640994593879;25001,8669105543;0,0236052964509788;0,020038886418805;0,0372484291947455;10299;" BSDGSLM_d2 BSDGSLM_d3 BSBG01_d2 BSDAGE BSSSCI0_";"BSMALG0_";"TOTWGT";"JRR";"FULL";"N";"listwise";"04-MAR-26";"19h19m";250;5;"NONE"
"212";"South Africa";"BSMALG0_";851712,673098971;410,311715462029;83,6198926198028;6993,1752887431;25001,8669105543;3,70336178853999;2,5077221630446;419,51533332192;10299;" BSDGSLM_d2 BSDGSLM_d3 BSBG01_d2 BSDAGE BSSSCI0_";"BSMALG0_";"TOTWGT";"JRR";"FULL";"N";"listwise";"04-MAR-26";"19h19m";250;5;"NONE"
"213";"South Africa";"BSDGSLM_D2";851712,673098971;0,408019454431224;0,491467051621988;0,241539862830009;25001,8669105543;0,00599883289678594;0,00112277895076466;0,00110361001677741;10299;" BSDGSLM_d2 BSDGSLM_d3 BSBG01_d2 BSDAGE BSSSCI0_";"BSMALG0_";"TOTWGT";"JRR";"FULL";"N";"listwise";"04-MAR-26";"19h19m";250;5;"NONE"
"214";"South Africa";"BSDGSLM_D3";851712,673098971;0,210374474169857;0,407574839540776;0,166117249826689;25001,8669105543;0,00662181369352324;0,00470558143816674;0,00383570253423971;10299;" BSDGSLM_d2 BSDGSLM_d3 BSBG01_d2 BSDAGE BSSSCI0_";"BSMALG0_";"TOTWGT";"JRR";"FULL";"N";"listwise";"04-MAR-26";"19h19m";250;5;"NONE"
"215";"South Africa";"BSBG01_D2";851712,673098971;0,491739849213602;0,499932058739436;0,24993206335545;25001,8669105543;0,0061063722687729;0,00010115539334241;0,000101141255605898;10299;" BSDGSLM_d2 BSDGSLM_d3 BSBG01_d2 BSDAGE BSSSCI0_";"BSMALG0_";"TOTWGT";"JRR";"FULL";"N";"listwise";"04-MAR-26";"19h19m";250;5;"NONE"
"216";"South Africa";"BSSSCI0_";851712,673098971;362,681470832114;105,49334022927;11129,1153733741;25001,8669105543;4,05573363992722;2,78124180502247;586,896976076218;10299;" BSDGSLM_d2 BSDGSLM_d3 BSBG01_d2 BSDAGE BSSSCI0_";"BSMALG0_";"TOTWGT";"JRR";"FULL";"N";"listwise";"04-MAR-26";"19h19m";250;5;"NONE"
"217";"Sweden";"BSDAGE";107785,476665;14,8273002512533;0,340970180381392;0,116260663909319;2611,7397429567;0,006052263743599;0,0144440102598222;0,00984174293796831;4704;" BSDGSLM_d2 BSDGSLM_d3 BSBG01_d2 BSDAGE BSSSCI0_";"BSMALG0_";"TOTWGT";"JRR";"FULL";"N";"listwise";"04-MAR-26";"19h19m";250;5;"NONE"
"218";"Sweden";"BSMALG0_";107785,476665;515,489486132624;81,8912799370242;6707,8078620367;2611,7397429567;2,80943632288714;1,87780482121515;307,636208228055;4704;" BSDGSLM_d2 BSDGSLM_d3 BSBG01_d2 BSDAGE BSSSCI0_";"BSMALG0_";"TOTWGT";"JRR";"FULL";"N";"listwise";"04-MAR-26";"19h19m";250;5;"NONE"
"219";"Sweden";"BSDGSLM_D2";107785,476665;0,264947549118862;0,441307321698194;0,194752152184434;2611,7397429567;0,0108811961853956;0,00579589993611572;0,0051153543725346;4704;" BSDGSLM_d2 BSDGSLM_d3 BSBG01_d2 BSDAGE BSSSCI0_";"BSMALG0_";"TOTWGT";"JRR";"FULL";"N";"listwise";"04-MAR-26";"19h19m";250;5;"NONE"
"220";"Sweden";"BSDGSLM_D3";107785,476665;0,647409279070893;0,477778842442735;0,22827262228592;2611,7397429567;0,0126890717096197;0,00391517944787553;0,00374108137020326;4704;" BSDGSLM_d2 BSDGSLM_d3 BSBG01_d2 BSDAGE BSSSCI0_";"BSMALG0_";"TOTWGT";"JRR";"FULL";"N";"listwise";"04-MAR-26";"19h19m";250;5;"NONE"
"221";"Sweden";"BSBG01_D2";107785,476665;0,504524324311479;0,499981849413635;0,249981849743078;2611,7397429567;0,00726893881083526;6,6894445751902e-05;6,68914632337161e-05;4704;" BSDGSLM_d2 BSDGSLM_d3 BSBG01_d2 BSDAGE BSSSCI0_";"BSMALG0_";"TOTWGT";"JRR";"FULL";"N";"listwise";"04-MAR-26";"19h19m";250;5;"NONE"
"222";"Sweden";"BSSSCI0_";107785,476665;527,621464165493;95,8521759567694;9188,13567143089;2611,7397429567;2,90501944534339;1,59437844940956;305,201763441455;4704;" BSDGSLM_d2 BSDGSLM_d3 BSBG01_d2 BSDAGE BSSSCI0_";"BSMALG0_";"TOTWGT";"JRR";"FULL";"N";"listwise";"04-MAR-26";"19h19m";250;5;"NONE"
"223";"Turkey";"BSDAGE";962106,386516005;13,8553784081154;0,428366830929837;0,183498141840872;12037,845638566;0,0105419695780985;0,0128863260777248;0,0110381173011224;4798;" BSDGSLM_d2 BSDGSLM_d3 BSBG01_d2 BSDAGE BSSSCI0_";"BSMALG0_";"TOTWGT";"JRR";"FULL";"N";"listwise";"04-MAR-26";"19h19m";250;5;"NONE"
"224";"Turkey";"BSMALG0_";962106,386516005;498,619579650335;132,110640748498;17455,0978156606;12037,845638566;4,91329467302169;2,88223658347856;761,987190086886;4798;" BSDGSLM_d2 BSDGSLM_d3 BSBG01_d2 BSDAGE BSSSCI0_";"BSMALG0_";"TOTWGT";"JRR";"FULL";"N";"listwise";"04-MAR-26";"19h19m";250;5;"NONE"
"225";"Turkey";"BSDGSLM_D2";962106,386516005;0,336197696139729;0,472407702317458;0,22316903720886;12037,845638566;0,00993971135138185;0,00344665129952633;0,00325637434149;4798;" BSDGSLM_d2 BSDGSLM_d3 BSBG01_d2 BSDAGE BSSSCI0_";"BSMALG0_";"TOTWGT";"JRR";"FULL";"N";"listwise";"04-MAR-26";"19h19m";250;5;"NONE"
"226";"Turkey";"BSDGSLM_D3";962106,386516005;0,43422623736845;0,49565519012666;0,245674067499496;12037,845638566;0,0116127975512371;0,00154128775365116;0,00152786992068693;4798;" BSDGSLM_d2 BSDGSLM_d3 BSBG01_d2 BSDAGE BSSSCI0_";"BSMALG0_";"TOTWGT";"JRR";"FULL";"N";"listwise";"04-MAR-26";"19h19m";250;5;"NONE"
"227";"Turkey";"BSBG01_D2";962106,386516005;0,484508893646392;0,499760227730567;0,249760285221308;12037,845638566;0,0170637954160218;0,000539738572277923;0,000539419624967612;4798;" BSDGSLM_d2 BSDGSLM_d3 BSBG01_d2 BSDAGE BSSSCI0_";"BSMALG0_";"TOTWGT";"JRR";"FULL";"N";"listwise";"04-MAR-26";"19h19m";250;5;"NONE"
"228";"Turkey";"BSSSCI0_";962106,386516005;530,140371753563;96,802328374431;9371,12487027918;12037,845638566;3,52314264144997;1,74867071544232;338,382092905761;4798;" BSDGSLM_d2 BSDGSLM_d3 BSBG01_d2 BSDAGE BSSSCI0_";"BSMALG0_";"TOTWGT";"JRR";"FULL";"N";"listwise";"04-MAR-26";"19h19m";250;5;"NONE"
"229";"United Arab Emirates";"BSDAGE";72756,8126900001;13,8226639237163;0,543229915507643;0,295098741102441;763,387364342745;0,00679029259626972;0,00663397706508217;0,0072074467430204;30181;" BSDGSLM_d2 BSDGSLM_d3 BSBG01_d2 BSDAGE BSSSCI0_";"BSMALG0_";"TOTWGT";"JRR";"FULL";"N";"listwise";"04-MAR-26";"19h19m";250;5;"NONE"
"230";"United Arab Emirates";"BSMALG0_";72756,8126900001;501,677311938771;106,727315373485;11391,2048130997;763,387364342745;1,74008514639566;1,32848931236731;283,707588603838;30181;" BSDGSLM_d2 BSDGSLM_d3 BSBG01_d2 BSDAGE BSSSCI0_";"BSMALG0_";"TOTWGT";"JRR";"FULL";"N";"listwise";"04-MAR-26";"19h19m";250;5;"NONE"
"231";"United Arab Emirates";"BSDGSLM_D2";72756,8126900001;0,340578346945721;0,473906977545429;0,224587823366244;763,387364342745;0,00371543343756343;0,00124989271325366;0,00118466310502975;30181;" BSDGSLM_d2 BSDGSLM_d3 BSBG01_d2 BSDAGE BSSSCI0_";"BSMALG0_";"TOTWGT";"JRR";"FULL";"N";"listwise";"04-MAR-26";"19h19m";250;5;"NONE"
"232";"United Arab Emirates";"BSDGSLM_D3";72756,8126900001;0,356391567199087;0,478936082081687;0,229379770719757;763,387364342745;0,00534482289818477;0,00160267440873875;0,00153515291030614;30181;" BSDGSLM_d2 BSDGSLM_d3 BSBG01_d2 BSDAGE BSSSCI0_";"BSMALG0_";"TOTWGT";"JRR";"FULL";"N";"listwise";"04-MAR-26";"19h19m";250;5;"NONE"
"233";"United Arab Emirates";"BSBG01_D2";72756,8126900001;0,492429951249417;0,499946126823527;0,249946129725846;763,387364342745;0,00398286568431071;6,04353943212132e-05;6,04287091627284e-05;30181;" BSDGSLM_d2 BSDGSLM_d3 BSBG01_d2 BSDAGE BSSSCI0_";"BSMALG0_";"TOTWGT";"JRR";"FULL";"N";"listwise";"04-MAR-26";"19h19m";250;5;"NONE"
"234";"United Arab Emirates";"BSSSCI0_";72756,8126900001;493,709538380729;114,602206729927;13134,4851771624;763,387364342745;1,96986383566542;1,565672389649;359,064738563654;30181;" BSDGSLM_d2 BSDGSLM_d3 BSBG01_d2 BSDAGE BSSSCI0_";"BSMALG0_";"TOTWGT";"JRR";"FULL";"N";"listwise";"04-MAR-26";"19h19m";250;5;"NONE"
"235";"United Arab Emirates (Abu Dhabi)";"BSDAGE";24153,9318679999;13,7785207269564;0,527642533789445;0,278406643463745;515,700624778284;0,00971183602219359;0,010861696710474;0,0114609877241887;10799;" BSDGSLM_d2 BSDGSLM_d3 BSBG01_d2 BSDAGE BSSSCI0_";"BSMALG0_";"TOTWGT";"JRR";"FULL";"N";"listwise";"04-MAR-26";"19h19m";250;5;"NONE"
"236";"United Arab Emirates (Abu Dhabi)";"BSMALG0_";24153,9318679999;470,165335991556;104,543439877993;10930,0743440194;515,700624778284;2,72935502635018;1,78708905960432;373,687729073537;10799;" BSDGSLM_d2 BSDGSLM_d3 BSBG01_d2 BSDAGE BSSSCI0_";"BSMALG0_";"TOTWGT";"JRR";"FULL";"N";"listwise";"04-MAR-26";"19h19m";250;5;"NONE"
"237";"United Arab Emirates (Abu Dhabi)";"BSDGSLM_D2";24153,9318679999;0,34395087323263;0,475034748761779;0,225658012531167;515,700624778284;0,00576138741200277;0,00189272424778875;0,00179820496702165;10799;" BSDGSLM_d2 BSDGSLM_d3 BSBG01_d2 BSDAGE BSSSCI0_";"BSMALG0_";"TOTWGT";"JRR";"FULL";"N";"listwise";"04-MAR-26";"19h19m";250;5;"NONE"
"238";"United Arab Emirates (Abu Dhabi)";"BSDGSLM_D3";24153,9318679999;0,386762063917898;0,487018469506586;0,237186989640537;515,700624778284;0,00797838198953774;0,00185527061301611;0,00180707493018272;10799;" BSDGSLM_d2 BSDGSLM_d3 BSBG01_d2 BSDAGE BSSSCI0_";"BSMALG0_";"TOTWGT";"JRR";"FULL";"N";"listwise";"04-MAR-26";"19h19m";250;5;"NONE"
"239";"United Arab Emirates (Abu Dhabi)";"BSBG01_D2";24153,9318679999;0,479392846236372;0,499585506537299;0,249585678342129;515,700624778284;0,00593395271997998;0,000245070700305164;0,000244864903689849;10799;" BSDGSLM_d2 BSDGSLM_d3 BSBG01_d2 BSDAGE BSSSCI0_";"BSMALG0_";"TOTWGT";"JRR";"FULL";"N";"listwise";"04-MAR-26";"19h19m";250;5;"NONE"
"240";"United Arab Emirates (Abu Dhabi)";"BSSSCI0_";24153,9318679999;455,231806704926;120,069912537633;14417,6174946384;515,700624778284;3,52568961603582;1,98800894142895;477,566548470537;10799;" BSDGSLM_d2 BSDGSLM_d3 BSBG01_d2 BSDAGE BSSSCI0_";"BSMALG0_";"TOTWGT";"JRR";"FULL";"N";"listwise";"04-MAR-26";"19h19m";250;5;"NONE"
"241";"United Arab Emirates (Dubai)";"BSDAGE";22323,2884339995;13,9308087607662;0,561162813613642;0,314903703382779;338,285377664582;0,0156983086979137;0,00926286597312224;0,0103948164147525;7768;" BSDGSLM_d2 BSDGSLM_d3 BSBG01_d2 BSDAGE BSSSCI0_";"BSMALG0_";"TOTWGT";"JRR";"FULL";"N";"listwise";"04-MAR-26";"19h19m";250;5;"NONE"
"242";"United Arab Emirates (Dubai)";"BSMALG0_";22323,2884339995;554,627837782962;101,404867653329;10283,5545681947;338,285377664582;2,70318282022093;1,99260492030835;404,249297960301;7768;" BSDGSLM_d2 BSDGSLM_d3 BSBG01_d2 BSDAGE BSSSCI0_";"BSMALG0_";"TOTWGT";"JRR";"FULL";"N";"listwise";"04-MAR-26";"19h19m";250;5;"NONE"
"243";"United Arab Emirates (Dubai)";"BSDGSLM_D2";22323,2884339995;0,364352212938853;0,481258821354277;0,231610053131308;338,285377664582;0,00713611178707038;0,00201157493282404;0,00193615431332827;7768;" BSDGSLM_d2 BSDGSLM_d3 BSBG01_d2 BSDAGE BSSSCI0_";"BSMALG0_";"TOTWGT";"JRR";"FULL";"N";"listwise";"04-MAR-26";"19h19m";250;5;"NONE"
"244";"United Arab Emirates (Dubai)";"BSDGSLM_D3";22323,2884339995;0,359125444161262;0,479754801993026;0,230164670035367;338,285377664582;0,00942477183167717;0,00276769049963527;0,0026555854000086;7768;" BSDGSLM_d2 BSDGSLM_d3 BSBG01_d2 BSDAGE BSSSCI0_";"BSMALG0_";"TOTWGT";"JRR";"FULL";"N";"listwise";"04-MAR-26";"19h19m";250;5;"NONE"
"245";"United Arab Emirates (Dubai)";"BSBG01_D2";22323,2884339995;0,508105744211274;0,499945490564699;0,249945493535977;338,285377664582;0,00746957545561303;0,000124718948755759;0,000124699387017479;7768;" BSDGSLM_d2 BSDGSLM_d3 BSBG01_d2 BSDAGE BSSSCI0_";"BSMALG0_";"TOTWGT";"JRR";"FULL";"N";"listwise";"04-MAR-26";"19h19m";250;5;"NONE"
"246";"United Arab Emirates (Dubai)";"BSSSCI0_";22323,2884339995;551,071296757166;101,65972950808;10335,7398979287;338,285377664582;2,96215148352612;2,13576272541305;434,258858783903;7768;" BSDGSLM_d2 BSDGSLM_d3 BSBG01_d2 BSDAGE BSSSCI0_";"BSMALG0_";"TOTWGT";"JRR";"FULL";"N";"listwise";"04-MAR-26";"19h19m";250;5;"NONE"
"247";"United Arab Emirates (Sharjah)";"BSDAGE";15102,6217840001;13,7628235854966;0,500495804268902;0,250496050090775;382,524078970776;0,0114157662291226;0,0115498858116706;0,0115606831319139;5967;" BSDGSLM_d2 BSDGSLM_d3 BSBG01_d2 BSDAGE BSSSCI0_";"BSMALG0_";"TOTWGT";"JRR";"FULL";"N";"listwise";"04-MAR-26";"19h19m";250;5;"NONE"
"248";"United Arab Emirates (Sharjah)";"BSMALG0_";15102,6217840001;505,531872608674;96,6596616586647;9343,64790910981;382,524078970776;5,1996184703617;3,46634157437504;669,453742081197;5967;" BSDGSLM_d2 BSDGSLM_d3 BSBG01_d2 BSDAGE BSSSCI0_";"BSMALG0_";"TOTWGT";"JRR";"FULL";"N";"listwise";"04-MAR-26";"19h19m";250;5;"NONE"
"249";"United Arab Emirates (Sharjah)";"BSDGSLM_D2";15102,6217840001;0,338410002521186;0,47318442301804;0,223903498186915;382,524078970776;0,0127623389214725;0,0043591626116311;0,00412512734363357;5967;" BSDGSLM_d2 BSDGSLM_d3 BSBG01_d2 BSDAGE BSSSCI0_";"BSMALG0_";"TOTWGT";"JRR";"FULL";"N";"listwise";"04-MAR-26";"19h19m";250;5;"NONE"
"250";"United Arab Emirates (Sharjah)";"BSDGSLM_D3";15102,6217840001;0,323275314433974;0,467742313596132;0,218782871928262;382,524078970776;0,0153346484865459;0,00579471568877465;0,00542041875212303;5967;" BSDGSLM_d2 BSDGSLM_d3 BSBG01_d2 BSDAGE BSSSCI0_";"BSMALG0_";"TOTWGT";"JRR";"FULL";"N";"listwise";"04-MAR-26";"19h19m";250;5;"NONE"
"251";"United Arab Emirates (Sharjah)";"BSBG01_D2";15102,6217840001;0,49362113423895;0,4999758613079;0,249975861890577;382,524078970776;0,00820087860686779;0,000108262480852265;0,000108253253472262;5967;" BSDGSLM_d2 BSDGSLM_d3 BSBG01_d2 BSDAGE BSSSCI0_";"BSMALG0_";"TOTWGT";"JRR";"FULL";"N";"listwise";"04-MAR-26";"19h19m";250;5;"NONE"
"252";"United Arab Emirates (Sharjah)";"BSSSCI0_";15102,6217840001;501,581971291048;101,135720165728;10228,8654431673;382,524078970776;5,07102332632999;3,40008004587997;686,854532531289;5967;" BSDGSLM_d2 BSDGSLM_d3 BSBG01_d2 BSDAGE BSSSCI0_";"BSMALG0_";"TOTWGT";"JRR";"FULL";"N";"listwise";"04-MAR-26";"19h19m";250;5;"NONE"
"253";"United States";"BSDAGE";3415420,88852998;14,2098887120346;0,428479659013628;0,183594818188435;94238,6877341225;0,0130541749104662;0,00807192877714888;0,00691668114321409;7683;" BSDGSLM_d2 BSDGSLM_d3 BSBG01_d2 BSDAGE BSSSCI0_";"BSMALG0_";"TOTWGT";"JRR";"FULL";"N";"listwise";"04-MAR-26";"19h19m";250;5;"NONE"
"254";"United States";"BSMALG0_";3415420,88852998;496,068804816228;100,800333540935;10161,9834609292;94238,6877341225;4,52320626214488;2,22556815350156;447,857008990301;7683;" BSDGSLM_d2 BSDGSLM_d3 BSBG01_d2 BSDAGE BSSSCI0_";"BSMALG0_";"TOTWGT";"JRR";"FULL";"N";"listwise";"04-MAR-26";"19h19m";250;5;"NONE"
"255";"United States";"BSDGSLM_D2";3415420,88852998;0,338982325652786;0,473363891899442;0,224073374154186;94238,6877341225;0,00894638019297635;0,0030432858019997;0,00288111157744621;7683;" BSDGSLM_d2 BSDGSLM_d3 BSBG01_d2 BSDAGE BSSSCI0_";"BSMALG0_";"TOTWGT";"JRR";"FULL";"N";"listwise";"04-MAR-26";"19h19m";250;5;"NONE"
"256";"United States";"BSDGSLM_D3";3415420,88852998;0,514069140217061;0,499802093265965;0,249802132433041;94238,6877341225;0,0115309420447416;0,000326086210941205;0,000325950167600172;7683;" BSDGSLM_d2 BSDGSLM_d3 BSBG01_d2 BSDAGE BSSSCI0_";"BSMALG0_";"TOTWGT";"JRR";"FULL";"N";"listwise";"04-MAR-26";"19h19m";250;5;"NONE"
"257";"United States";"BSBG01_D2";3415420,88852998;0,509201428324849;0,499915399732231;0,249915406889437;94238,6877341225;0,00703376050574106;0,000130531300248003;0,000130507247929162;7683;" BSDGSLM_d2 BSDGSLM_d3 BSBG01_d2 BSDAGE BSSSCI0_";"BSMALG0_";"TOTWGT";"JRR";"FULL";"N";"listwise";"04-MAR-26";"19h19m";250;5;"NONE"
"258";"United States";"BSSSCI0_";3415420,88852998;517,161468529609;94,0184210735523;8839,81104895236;94238,6877341225;3,76206501873478;1,71444145436683;322,489012715119;7683;" BSDGSLM_d2 BSDGSLM_d3 BSBG01_d2 BSDAGE BSSSCI0_";"BSMALG0_";"TOTWGT";"JRR";"FULL";"N";"listwise";"04-MAR-26";"19h19m";250;5;"NONE"
"259";"Uzbekistan";"BSDAGE";519095,237827004;14,7359832146931;0,36463796434516;0,132960845041782;10601,084694889;0,0106100120637109;0,00717759358124041;0,00523402306236944;4096;" BSDGSLM_d2 BSDGSLM_d3 BSBG01_d2 BSDAGE BSSSCI0_";"BSMALG0_";"TOTWGT";"JRR";"FULL";"N";"listwise";"04-MAR-26";"19h19m";250;5;"NONE"
"260";"Uzbekistan";"BSMALG0_";519095,237827004;430,415501577243;99,5041077646207;9902,10719939322;10601,084694889;5,1682307419884;3,21862526089895;640,250015353752;4096;" BSDGSLM_d2 BSDGSLM_d3 BSBG01_d2 BSDAGE BSSSCI0_";"BSMALG0_";"TOTWGT";"JRR";"FULL";"N";"listwise";"04-MAR-26";"19h19m";250;5;"NONE"
"261";"Uzbekistan";"BSDGSLM_D2";519095,237827004;0,316914189256778;0,465274115912117;0,216480002937802;10601,084694889;0,00909970277174804;0,00358077956334775;0,00333204682021654;4096;" BSDGSLM_d2 BSDGSLM_d3 BSBG01_d2 BSDAGE BSSSCI0_";"BSMALG0_";"TOTWGT";"JRR";"FULL";"N";"listwise";"04-MAR-26";"19h19m";250;5;"NONE"
"262";"Uzbekistan";"BSDGSLM_D3";519095,237827004;0,11888435940452;0,323652700110739;0,104751070288972;10601,084694889;0,00750623453556414;0,00883964710298973;0,00572155225331361;4096;" BSDGSLM_d2 BSDGSLM_d3 BSBG01_d2 BSDAGE BSSSCI0_";"BSMALG0_";"TOTWGT";"JRR";"FULL";"N";"listwise";"04-MAR-26";"19h19m";250;5;"NONE"
"263";"Uzbekistan";"BSBG01_D2";519095,237827004;0,493495570329953;0,499958172171717;0,249958173921284;10601,084694889;0,00919800513490991;0,000122161311681996;0,00012214862374131;4096;" BSDGSLM_d2 BSDGSLM_d3 BSBG01_d2 BSDAGE BSSSCI0_";"BSMALG0_";"TOTWGT";"JRR";"FULL";"N";"listwise";"04-MAR-26";"19h19m";250;5;"NONE"
"264";"Uzbekistan";"BSSSCI0_";519095,237827004;399,50055238588;72,1040951646556;5199,32069240797;10601,084694889;3,77205478117332;1,63406408910489;235,632827955081;4096;" BSDGSLM_d2 BSDGSLM_d3 BSBG01_d2 BSDAGE BSSSCI0_";"BSMALG0_";"TOTWGT";"JRR";"FULL";"N";"listwise";"04-MAR-26";"19h19m";250;5;"NONE"
"265";"Table Average";"BSDAGE";NA;14,2183064703215;0,465636912767682;0,241847408853637;NA;0,00176451450982921;0,00201911629763887;0,00240191548334711;NA;" BSDGSLM_d2 BSDGSLM_d3 BSBG01_d2 BSDAGE BSSSCI0_";"BSMALG0_";"TOTWGT";"JRR";"FULL";"N";"listwise";"04-MAR-26";"19h19m";250;5;"NONE"
"266";"Table Average";"BSMALG0_";NA;487,618490643698;97,4502779122783;9596,59555986257;NA;0,575666738566649;0,363266432215261;72,9861501451101;NA;" BSDGSLM_d2 BSDGSLM_d3 BSBG01_d2 BSDAGE BSSSCI0_";"BSMALG0_";"TOTWGT";"JRR";"FULL";"N";"listwise";"04-MAR-26";"19h19m";250;5;"NONE"
"267";"Table Average";"BSDGSLM_D2";NA;0,324979433385301;0,465684172584094;0,217113296151417;NA;0,00129149604216568;0,000514661680771847;0,000471947323753921;NA;" BSDGSLM_d2 BSDGSLM_d3 BSBG01_d2 BSDAGE BSSSCI0_";"BSMALG0_";"TOTWGT";"JRR";"FULL";"N";"listwise";"04-MAR-26";"19h19m";250;5;"NONE"
"268";"Table Average";"BSDGSLM_D3";NA;0,468573813509536;0,477959113853367;0,229394748838222;NA;0,00164115203959536;0,000470080282827623;0,000416428956368015;NA;" BSDGSLM_d2 BSDGSLM_d3 BSBG01_d2 BSDAGE BSSSCI0_";"BSMALG0_";"TOTWGT";"JRR";"FULL";"N";"listwise";"04-MAR-26";"19h19m";250;5;"NONE"
"269";"Table Average";"BSBG01_D2";NA;0,50032734212529;0,499846514141784;0,249846582230351;NA;0,00175794627083729;5,24204228548416e-05;5,23530519497176e-05;NA;" BSDGSLM_d2 BSDGSLM_d3 BSBG01_d2 BSDAGE BSSSCI0_";"BSMALG0_";"TOTWGT";"JRR";"FULL";"N";"listwise";"04-MAR-26";"19h19m";250;5;"NONE"
"270";"Table Average";"BSSSCI0_";NA;486,689499659577;91,3761386826502;8453,14901458218;NA;0,512266732080358;0,299091578535883;56,5340857666487;NA;" BSDGSLM_d2 BSDGSLM_d3 BSBG01_d2 BSDAGE BSSSCI0_";"BSMALG0_";"TOTWGT";"JRR";"FULL";"N";"listwise";"04-MAR-26";"19h19m";250;5;"NONE"
